

Microchip MPLAB XC8 Assembler V3.10 build 20250813170317 
                                                                                               Wed Jun 17 14:21:41 2026

Microchip MPLAB XC8 C Compiler v3.10 (Free license) build 20250813170317 Og1 
     1                           	processor	16F877A
     2                           	pagewidth 120
     3                           	opt	flic
     4                           	psect	idataBANK1,global,class=CODE,space=0,delta=2,noexec
     5                           	psect	strings,global,class=STRING,space=0,delta=2,noexec
     6                           	psect	cinit,global,class=CODE,space=0,merge=1,delta=2
     7                           	psect	bssCOMMON,global,class=COMMON,space=1,delta=1,noexec
     8                           	psect	bssBANK0,global,class=BANK0,space=1,delta=1,noexec
     9                           	psect	bssBANK1,global,class=BANK1,space=1,delta=1,noexec
    10                           	psect	dataBANK1,global,class=BANK1,space=1,delta=1,noexec
    11                           	psect	bssBANK3,global,class=BANK3,space=1,delta=1,noexec
    12                           	psect	clrtext,global,class=CODE,space=0,delta=2
    13                           	psect	cstackBANK1,global,class=BANK1,space=1,delta=1,noexec
    14                           	psect	cstackCOMMON,global,class=COMMON,space=1,delta=1,noexec
    15                           	psect	cstackBANK0,global,class=BANK0,space=1,delta=1,noexec
    16                           	psect	maintext,global,class=CODE,space=0,split=1,delta=2
    17                           	psect	text1,local,class=CODE,space=0,merge=1,delta=2,group=3
    18                           	psect	text2,local,class=CODE,space=0,merge=1,delta=2,group=1
    19                           	psect	text3,local,class=CODE,space=0,merge=1,delta=2,group=1
    20                           	psect	text4,local,class=CODE,space=0,merge=1,delta=2,group=1
    21                           	psect	text5,local,class=CODE,space=0,merge=1,delta=2,group=1
    22                           	psect	text6,local,class=CODE,space=0,merge=1,delta=2,group=3
    23                           	psect	text7,local,class=CODE,space=0,merge=1,delta=2,group=3
    24                           	psect	text8,local,class=CODE,space=0,merge=1,delta=2,group=3
    25                           	psect	text9,local,class=CODE,space=0,merge=1,delta=2,group=1
    26                           	psect	text10,local,class=CODE,space=0,merge=1,delta=2,group=2
    27                           	psect	text11,local,class=CODE,space=0,merge=1,delta=2,group=2
    28                           	psect	text12,local,class=CODE,space=0,merge=1,delta=2,group=2
    29                           	psect	text13,local,class=CODE,space=0,merge=1,delta=2
    30                           	psect	text14,local,class=CODE,space=0,merge=1,delta=2
    31                           	psect	text15,local,class=CODE,space=0,merge=1,delta=2
    32                           	psect	text16,local,class=CODE,space=0,merge=1,delta=2,group=2
    33                           	psect	text17,local,class=CODE,space=0,merge=1,delta=2,group=2
    34                           	psect	text18,local,class=CODE,space=0,merge=1,delta=2
    35                           	psect	text19,local,class=CODE,space=0,merge=1,delta=2,group=2
    36                           	psect	text20,local,class=CODE,space=0,merge=1,delta=2,group=2
    37                           	psect	text21,local,class=CODE,space=0,merge=1,delta=2
    38                           	psect	text22,local,class=CODE,space=0,merge=1,delta=2
    39                           	psect	text23,local,class=CODE,space=0,merge=1,delta=2
    40                           	psect	text24,local,class=CODE,space=0,merge=1,delta=2
    41                           	psect	text25,local,class=CODE,space=0,merge=1,delta=2
    42                           	psect	text26,local,class=CODE,space=0,merge=1,delta=2
    43                           	psect	text27,local,class=CODE,space=0,merge=1,delta=2
    44                           	psect	text28,local,class=CODE,space=0,merge=1,delta=2
    45                           	psect	text29,local,class=CODE,space=0,merge=1,delta=2
    46                           	psect	text30,local,class=CODE,space=0,merge=1,delta=2
    47                           	psect	text31,local,class=CODE,space=0,merge=1,delta=2
    48                           	psect	text32,local,class=CODE,space=0,merge=1,delta=2
    49                           	psect	text33,local,class=CODE,space=0,merge=1,delta=2
    50                           	psect	text34,local,class=CODE,space=0,merge=1,delta=2
    51                           	psect	text35,local,class=CODE,space=0,merge=1,delta=2
    52                           	psect	text36,local,class=CODE,space=0,merge=1,delta=2
    53                           	psect	text37,local,class=CODE,space=0,merge=1,delta=2
    54                           	psect	text38,local,class=CODE,space=0,merge=1,delta=2
    55                           	psect	text39,local,class=CODE,space=0,merge=1,delta=2
    56                           	psect	text40,local,class=CODE,space=0,merge=1,delta=2
    57                           	psect	text41,local,class=CODE,space=0,merge=1,delta=2
    58                           	psect	text42,local,class=CODE,space=0,merge=1,delta=2
    59                           	psect	text43,local,class=CODE,space=0,merge=1,delta=2,group=2
    60                           	psect	text44,local,class=CODE,space=0,merge=1,delta=2
    61                           	psect	text45,local,class=CODE,space=0,merge=1,delta=2
    62                           	psect	text46,local,class=CODE,space=0,merge=1,delta=2
    63                           	psect	text47,local,class=CODE,space=0,merge=1,delta=2
    64                           	psect	intentry,global,class=CODE,space=0,delta=2
    65                           	psect	config,global,abs,ovrld,class=CONFIG,space=4,delta=2,noexec
    66                           	dabs	1,0x7E,2
    67     0000                     
    68                           ; Generated 12/10/2023 GMT
    69                           ; 
    70                           ; Copyright © 2023, Microchip Technology Inc. and its subsidiaries ("Microchip")
    71                           ; All rights reserved.
    72                           ; 
    73                           ; This software is developed by Microchip Technology Inc. and its subsidiaries ("Microch
      +                          ip").
    74                           ; 
    75                           ; Redistribution and use in source and binary forms, with or without modification, are
    76                           ; permitted provided that the following conditions are met:
    77                           ; 
    78                           ;     1. Redistributions of source code must retain the above copyright notice, this lis
      +                          t of
    79                           ;        conditions and the following disclaimer.
    80                           ; 
    81                           ;     2. Redistributions in binary form must reproduce the above copyright notice, this 
      +                          list
    82                           ;        of conditions and the following disclaimer in the documentation and/or other
    83                           ;        materials provided with the distribution. Publication is not required when
    84                           ;        this file is used in an embedded application.
    85                           ; 
    86                           ;     3. Microchip's name may not be used to endorse or promote products derived from th
      +                          is
    87                           ;        software without specific prior written permission.
    88                           ; 
    89                           ; THIS SOFTWARE IS PROVIDED BY MICROCHIP "AS IS" AND ANY EXPRESS OR IMPLIED WARRANTIES,
    90                           ; INCLUDING, BUT NOT LIMITED TO, THE IMPLIED WARRANTIES OF MERCHANTABILITY AND FITNESS F
      +                          OR
    91                           ; PURPOSE ARE DISCLAIMED.  IN NO EVENT SHALL MICROCHIP BE LIABLE FOR ANY DIRECT, INDIREC
      +                          T,
    92                           ; INCIDENTAL, SPECIAL, EXEMPLARY, OR CONSEQUENTIAL DAMAGES (INCLUDING BUT NOT LIMITED TO
    93                           ; PROCUREMENT OF SUBSTITUTE GOODS OR SERVICES; LOSS OF USE, DATA OR PROFITS; OR BUSINESS
    94                           ; INTERRUPTION) HOWSOEVER CAUSED AND ON ANY THEORY OF LIABILITY, WHETHER IN CONTRACT, ST
      +                          RICT
    95                           ; LIABILITY, OR TORT (INCLUDING NEGLIGENCE OR OTHERWISE) ARISING IN ANY WAY OUT OF THE U
      +                          SE OF
    96                           ; THIS SOFTWARE, EVEN IF ADVISED OF THE POSSIBILITY OF SUCH DAMAGE.
    97                           ; 
    98                           ; 
    99                           ; Code-generator required, PIC16F877A Definitions
   100                           ; 
   101                           ; SFR Addresses
   102     0004                     fsr             equ	4
   103     0004                     fsr0            equ	4
   104     0000                     indf            equ	0
   105     0000                     indf0           equ	0
   106     0002                     pc              equ	2
   107     0002                     pcl             equ	2
   108     000A                     pclath          equ	10
   109     0003                     status          equ	3
   110     0000                     INDF            equ	0	;# 
   111     0001                     TMR0            equ	1	;# 
   112     0002                     PCL             equ	2	;# 
   113     0003                     STATUS          equ	3	;# 
   114     0004                     FSR             equ	4	;# 
   115     0005                     PORTA           equ	5	;# 
   116     0006                     PORTB           equ	6	;# 
   117     0007                     PORTC           equ	7	;# 
   118     0008                     PORTD           equ	8	;# 
   119     0009                     PORTE           equ	9	;# 
   120     000A                     PCLATH          equ	10	;# 
   121     000B                     INTCON          equ	11	;# 
   122     000C                     PIR1            equ	12	;# 
   123     000D                     PIR2            equ	13	;# 
   124     000E                     TMR1            equ	14	;# 
   125     000E                     TMR1L           equ	14	;# 
   126     000F                     TMR1H           equ	15	;# 
   127     0010                     T1CON           equ	16	;# 
   128     0011                     TMR2            equ	17	;# 
   129     0012                     T2CON           equ	18	;# 
   130     0013                     SSPBUF          equ	19	;# 
   131     0014                     SSPCON          equ	20	;# 
   132     0015                     CCPR1           equ	21	;# 
   133     0015                     CCPR1L          equ	21	;# 
   134     0016                     CCPR1H          equ	22	;# 
   135     0017                     CCP1CON         equ	23	;# 
   136     0018                     RCSTA           equ	24	;# 
   137     0019                     TXREG           equ	25	;# 
   138     001A                     RCREG           equ	26	;# 
   139     001B                     CCPR2           equ	27	;# 
   140     001B                     CCPR2L          equ	27	;# 
   141     001C                     CCPR2H          equ	28	;# 
   142     001D                     CCP2CON         equ	29	;# 
   143     001E                     ADRESH          equ	30	;# 
   144     001F                     ADCON0          equ	31	;# 
   145     0081                     OPTION_REG      equ	129	;# 
   146     0085                     TRISA           equ	133	;# 
   147     0086                     TRISB           equ	134	;# 
   148     0087                     TRISC           equ	135	;# 
   149     0088                     TRISD           equ	136	;# 
   150     0089                     TRISE           equ	137	;# 
   151     008C                     PIE1            equ	140	;# 
   152     008D                     PIE2            equ	141	;# 
   153     008E                     PCON            equ	142	;# 
   154     0091                     SSPCON2         equ	145	;# 
   155     0092                     PR2             equ	146	;# 
   156     0093                     SSPADD          equ	147	;# 
   157     0094                     SSPSTAT         equ	148	;# 
   158     0098                     TXSTA           equ	152	;# 
   159     0099                     SPBRG           equ	153	;# 
   160     009C                     CMCON           equ	156	;# 
   161     009D                     CVRCON          equ	157	;# 
   162     009E                     ADRESL          equ	158	;# 
   163     009F                     ADCON1          equ	159	;# 
   164     010C                     EEDATA          equ	268	;# 
   165     010D                     EEADR           equ	269	;# 
   166     010E                     EEDATH          equ	270	;# 
   167     010F                     EEADRH          equ	271	;# 
   168     018C                     EECON1          equ	396	;# 
   169     018D                     EECON2          equ	397	;# 
   170     0000                     INDF            equ	0	;# 
   171     0001                     TMR0            equ	1	;# 
   172     0002                     PCL             equ	2	;# 
   173     0003                     STATUS          equ	3	;# 
   174     0004                     FSR             equ	4	;# 
   175     0005                     PORTA           equ	5	;# 
   176     0006                     PORTB           equ	6	;# 
   177     0007                     PORTC           equ	7	;# 
   178     0008                     PORTD           equ	8	;# 
   179     0009                     PORTE           equ	9	;# 
   180     000A                     PCLATH          equ	10	;# 
   181     000B                     INTCON          equ	11	;# 
   182     000C                     PIR1            equ	12	;# 
   183     000D                     PIR2            equ	13	;# 
   184     000E                     TMR1            equ	14	;# 
   185     000E                     TMR1L           equ	14	;# 
   186     000F                     TMR1H           equ	15	;# 
   187     0010                     T1CON           equ	16	;# 
   188     0011                     TMR2            equ	17	;# 
   189     0012                     T2CON           equ	18	;# 
   190     0013                     SSPBUF          equ	19	;# 
   191     0014                     SSPCON          equ	20	;# 
   192     0015                     CCPR1           equ	21	;# 
   193     0015                     CCPR1L          equ	21	;# 
   194     0016                     CCPR1H          equ	22	;# 
   195     0017                     CCP1CON         equ	23	;# 
   196     0018                     RCSTA           equ	24	;# 
   197     0019                     TXREG           equ	25	;# 
   198     001A                     RCREG           equ	26	;# 
   199     001B                     CCPR2           equ	27	;# 
   200     001B                     CCPR2L          equ	27	;# 
   201     001C                     CCPR2H          equ	28	;# 
   202     001D                     CCP2CON         equ	29	;# 
   203     001E                     ADRESH          equ	30	;# 
   204     001F                     ADCON0          equ	31	;# 
   205     0081                     OPTION_REG      equ	129	;# 
   206     0085                     TRISA           equ	133	;# 
   207     0086                     TRISB           equ	134	;# 
   208     0087                     TRISC           equ	135	;# 
   209     0088                     TRISD           equ	136	;# 
   210     0089                     TRISE           equ	137	;# 
   211     008C                     PIE1            equ	140	;# 
   212     008D                     PIE2            equ	141	;# 
   213     008E                     PCON            equ	142	;# 
   214     0091                     SSPCON2         equ	145	;# 
   215     0092                     PR2             equ	146	;# 
   216     0093                     SSPADD          equ	147	;# 
   217     0094                     SSPSTAT         equ	148	;# 
   218     0098                     TXSTA           equ	152	;# 
   219     0099                     SPBRG           equ	153	;# 
   220     009C                     CMCON           equ	156	;# 
   221     009D                     CVRCON          equ	157	;# 
   222     009E                     ADRESL          equ	158	;# 
   223     009F                     ADCON1          equ	159	;# 
   224     010C                     EEDATA          equ	268	;# 
   225     010D                     EEADR           equ	269	;# 
   226     010E                     EEDATH          equ	270	;# 
   227     010F                     EEADRH          equ	271	;# 
   228     018C                     EECON1          equ	396	;# 
   229     018D                     EECON2          equ	397	;# 
   230                           
   231                           	psect	idataBANK1
   232     17FB                     __pidataBANK1:
   233                           
   234                           ;initializer for _rtc_yr
   235     17FB  341A               	retlw	26
   236                           
   237                           ;initializer for _rtc_mon
   238     17FC  3405               	retlw	5
   239                           
   240                           ;initializer for _rtc_date
   241     17FD  341C               	retlw	28
   242                           
   243                           ;initializer for _rtc_hr
   244     17FE  340E               	retlw	14
   245                           
   246                           ;initializer for _rtc_min
   247     17FF  341E               	retlw	30
   248     000B                     _INTCONbits     set	11
   249     0010                     _T1CON          set	16
   250     0006                     _PORTBbits      set	6
   251     0008                     _PORTD          set	8
   252     000C                     _PIR1           set	12
   253     000B                     _INTCON         set	11
   254     0019                     _TXREG          set	25
   255     0018                     _RCSTA          set	24
   256     001E                     _ADRESH         set	30
   257     001F                     _ADCON0bits     set	31
   258     001F                     _ADCON0         set	31
   259     0008                     _PORTDbits      set	8
   260     0013                     _SSPBUF         set	19
   261     0014                     _SSPCON         set	20
   262     000E                     _TMR1L          set	14
   263     000F                     _TMR1H          set	15
   264     000C                     _PIR1bits       set	12
   265     005F                     _GIE            set	95
   266     0064                     _TXIF           set	100
   267     0063                     _SSPIF          set	99
   268     008C                     _PIE1bits       set	140
   269     0086                     _TRISBbits      set	134
   270     0088                     _TRISD          set	136
   271     0089                     _TRISE          set	137
   272     008C                     _PIE1           set	140
   273     0081                     _OPTION_REG     set	129
   274     0098                     _TXSTA          set	152
   275     0099                     _SPBRG          set	153
   276     0087                     _TRISCbits      set	135
   277     009E                     _ADRESL         set	158
   278     009F                     _ADCON1         set	159
   279     0085                     _TRISAbits      set	133
   280     0088                     _TRISDbits      set	136
   281     0093                     _SSPADD         set	147
   282     0091                     _SSPCON2        set	145
   283     0094                     _SSPSTAT        set	148
   284     048C                     _ACKEN          set	1164
   285     048D                     _ACKDT          set	1165
   286     04A0                     _BF             set	1184
   287     048B                     _RCEN           set	1163
   288     048A                     _PEN            set	1162
   289     0488                     _SEN            set	1160
   290     043C                     _TRISC4         set	1084
   291     043B                     _TRISC3         set	1083
   292                           
   293                           	psect	strings
   294     000F                     __pstrings:
   295     000F                     stringtab:
   296     000F                     __stringtab:
   297                           
   298                           ;	String table - string pointers are 1 byte each
   299     000F  1BFF               	btfsc	btemp+1,7
   300     0010  2819               	ljmp	stringcode
   301     0011  1383               	bcf	3,7
   302     0012  187F               	btfsc	btemp+1,0
   303     0013  1783               	bsf	3,7
   304     0014  0800               	movf	0,w
   305     0015  0A84               	incf	4,f
   306     0016  1903               	skipnz
   307     0017  0AFF               	incf	btemp+1,f
   308     0018  0008               	return
   309     0019                     stringcode:
   310     0019                     stringdir:
   311     0019  3000               	movlw	high stringdir
   312     001A  008A               	movwf	10
   313     001B  0804               	movf	4,w
   314     001C  0A84               	incf	4,f
   315     001D  0782               	addwf	2,f
   316     001E                     __stringbase:
   317     001E  3400               	retlw	0
   318     001F                     __end_of__stringtab:
   319     001F                     STR_3:
   320     001F  3423               	retlw	35	;'#'
   321     0020  3420               	retlw	32	;' '
   322     0021  3453               	retlw	83	;'S'
   323     0022  346D               	retlw	109	;'m'
   324     0023  3461               	retlw	97	;'a'
   325     0024  3472               	retlw	114	;'r'
   326     0025  3474               	retlw	116	;'t'
   327     0026  3420               	retlw	32	;' '
   328     0027  3457               	retlw	87	;'W'
   329     0028  3465               	retlw	101	;'e'
   330     0029  3461               	retlw	97	;'a'
   331     002A  3474               	retlw	116	;'t'
   332     002B  3468               	retlw	104	;'h'
   333     002C  3465               	retlw	101	;'e'
   334     002D  3472               	retlw	114	;'r'
   335     002E  3420               	retlw	32	;' '
   336     002F  3453               	retlw	83	;'S'
   337     0030  3474               	retlw	116	;'t'
   338     0031  3461               	retlw	97	;'a'
   339     0032  3474               	retlw	116	;'t'
   340     0033  3469               	retlw	105	;'i'
   341     0034  346F               	retlw	111	;'o'
   342     0035  346E               	retlw	110	;'n'
   343     0036  3420               	retlw	32	;' '
   344     0037  3476               	retlw	118	;'v'
   345     0038  3433               	retlw	51	;'3'
   346     0039  3420               	retlw	32	;' '
   347     003A  3428               	retlw	40	;'('
   348     003B  3449               	retlw	73	;'I'
   349     003C  3432               	retlw	50	;'2'
   350     003D  3443               	retlw	67	;'C'
   351     003E  3420               	retlw	32	;' '
   352     003F  344C               	retlw	76	;'L'
   353     0040  3443               	retlw	67	;'C'
   354     0041  3444               	retlw	68	;'D'
   355     0042  3420               	retlw	32	;' '
   356     0043  342B               	retlw	43	;'+'
   357     0044  3420               	retlw	32	;' '
   358     0045  3444               	retlw	68	;'D'
   359     0046  3448               	retlw	72	;'H'
   360     0047  3454               	retlw	84	;'T'
   361     0048  3432               	retlw	50	;'2'
   362     0049  3432               	retlw	50	;'2'
   363     004A  3420               	retlw	32	;' '
   364     004B  342B               	retlw	43	;'+'
   365     004C  3420               	retlw	32	;' '
   366     004D  3444               	retlw	68	;'D'
   367     004E  3453               	retlw	83	;'S'
   368     004F  3433               	retlw	51	;'3'
   369     0050  3432               	retlw	50	;'2'
   370     0051  3433               	retlw	51	;'3'
   371     0052  3431               	retlw	49	;'1'
   372     0053  3429               	retlw	41	;')'
   373     0054  340D               	retlw	13
   374     0055  340A               	retlw	10
   375     0056  3400               	retlw	0
   376     0057                     STR_4:
   377     0057  3425               	retlw	37	;'%'
   378     0058  3430               	retlw	48	;'0'
   379     0059  3432               	retlw	50	;'2'
   380     005A  3475               	retlw	117	;'u'
   381     005B  343A               	retlw	58	;':'
   382     005C  3425               	retlw	37	;'%'
   383     005D  3430               	retlw	48	;'0'
   384     005E  3432               	retlw	50	;'2'
   385     005F  3475               	retlw	117	;'u'
   386     0060  343A               	retlw	58	;':'
   387     0061  3425               	retlw	37	;'%'
   388     0062  3430               	retlw	48	;'0'
   389     0063  3432               	retlw	50	;'2'
   390     0064  3475               	retlw	117	;'u'
   391     0065  3420               	retlw	32	;' '
   392     0066  3454               	retlw	84	;'T'
   393     0067  343A               	retlw	58	;':'
   394     0068  3425               	retlw	37	;'%'
   395     0069  3475               	retlw	117	;'u'
   396     006A  342E               	retlw	46	;'.'
   397     006B  3425               	retlw	37	;'%'
   398     006C  3475               	retlw	117	;'u'
   399     006D  3443               	retlw	67	;'C'
   400     006E  3400               	retlw	0
   401     006F                     STR_5:
   402     006F  3448               	retlw	72	;'H'
   403     0070  343A               	retlw	58	;':'
   404     0071  3425               	retlw	37	;'%'
   405     0072  3475               	retlw	117	;'u'
   406     0073  3425               	retlw	37	;'%'
   407     0074  3425               	retlw	37	;'%'
   408     0075  3420               	retlw	32	;' '
   409     0076  344C               	retlw	76	;'L'
   410     0077  343A               	retlw	58	;':'
   411     0078  3425               	retlw	37	;'%'
   412     0079  3475               	retlw	117	;'u'
   413     007A  3425               	retlw	37	;'%'
   414     007B  3425               	retlw	37	;'%'
   415     007C  3420               	retlw	32	;' '
   416     007D  3441               	retlw	65	;'A'
   417     007E  343A               	retlw	58	;':'
   418     007F  3425               	retlw	37	;'%'
   419     0080  3475               	retlw	117	;'u'
   420     0081  3420               	retlw	32	;' '
   421     0082  3420               	retlw	32	;' '
   422     0083  3420               	retlw	32	;' '
   423     0084  3400               	retlw	0
   424     0085                     STR_1:
   425     0085  3453               	retlw	83	;'S'
   426     0086  346D               	retlw	109	;'m'
   427     0087  3461               	retlw	97	;'a'
   428     0088  3472               	retlw	114	;'r'
   429     0089  3474               	retlw	116	;'t'
   430     008A  3420               	retlw	32	;' '
   431     008B  3457               	retlw	87	;'W'
   432     008C  3465               	retlw	101	;'e'
   433     008D  3461               	retlw	97	;'a'
   434     008E  3474               	retlw	116	;'t'
   435     008F  3468               	retlw	104	;'h'
   436     0090  3465               	retlw	101	;'e'
   437     0091  3472               	retlw	114	;'r'
   438     0092  3420               	retlw	32	;' '
   439     0093  3420               	retlw	32	;' '
   440     0094  3420               	retlw	32	;' '
   441     0095  3400               	retlw	0
   442     0096                     STR_2:
   443     0096  3453               	retlw	83	;'S'
   444     0097  3474               	retlw	116	;'t'
   445     0098  3461               	retlw	97	;'a'
   446     0099  3474               	retlw	116	;'t'
   447     009A  3469               	retlw	105	;'i'
   448     009B  346F               	retlw	111	;'o'
   449     009C  346E               	retlw	110	;'n'
   450     009D  3420               	retlw	32	;' '
   451     009E  3449               	retlw	73	;'I'
   452     009F  3432               	retlw	50	;'2'
   453     00A0  3443               	retlw	67	;'C'
   454     00A1  3420               	retlw	32	;' '
   455     00A2  3476               	retlw	118	;'v'
   456     00A3  3433               	retlw	51	;'3'
   457     00A4  3420               	retlw	32	;' '
   458     00A5  3420               	retlw	32	;' '
   459     00A6  3400               	retlw	0
   460     0054                     STR_6           equ	STR_3+53
   461                           
   462                           	psect	cinit
   463     07C5                     start_initialization:	
   464                           ; #config settings
   465                           
   466     07C5                     __initialization:
   467                           
   468                           ; Initialize objects allocated to BANK1
   469     07C5  1683               	bsf	3,5	;RP0=1, select bank1
   470     07C6  1303               	bcf	3,6	;RP1=0, select bank1
   471     07C7  160A  118A  27FB  120A  118A  	fcall	__pidataBANK1	;fetch initializer
   472     07CC  00D2               	movwf	__pdataBANK1& (0+127)
   473     07CD  160A  118A  27FC  120A  118A  	fcall	__pidataBANK1+1	;fetch initializer
   474     07D2  00D3               	movwf	(__pdataBANK1+1)& (0+127)
   475     07D3  160A  118A  27FD  120A  118A  	fcall	__pidataBANK1+2	;fetch initializer
   476     07D8  00D4               	movwf	(__pdataBANK1+2)& (0+127)
   477     07D9  160A  118A  27FE  120A  118A  	fcall	__pidataBANK1+3	;fetch initializer
   478     07DE  00D5               	movwf	(__pdataBANK1+3)& (0+127)
   479     07DF  160A  118A  27FF  120A  118A  	fcall	__pidataBANK1+4	;fetch initializer
   480     07E4  00D6               	movwf	(__pdataBANK1+4)& (0+127)
   481                           
   482                           ; Clear objects allocated to BANK3
   483     07E5  1783               	bsf	3,7	;select IRP bank2
   484     07E6  3090               	movlw	low __pbssBANK3
   485     07E7  0084               	movwf	4
   486     07E8  30B0               	movlw	low (__pbssBANK3+32)
   487     07E9  120A  158A  2000  120A  118A  	fcall	clear_ram0
   488                           
   489                           ; Clear objects allocated to BANK1
   490     07EE  1383               	bcf	3,7	;select IRP bank0
   491     07EF  30C6               	movlw	low __pbssBANK1
   492     07F0  0084               	movwf	4
   493     07F1  30D2               	movlw	low (__pbssBANK1+12)
   494     07F2  120A  158A  2000  120A  118A  	fcall	clear_ram0
   495                           
   496                           ; Clear objects allocated to BANK0
   497     07F7  1283               	bcf	3,5	;RP0=0, select bank0
   498     07F8  1303               	bcf	3,6	;RP1=0, select bank0
   499     07F9  01EE               	clrf	__pbssBANK0& (0+127)
   500     07FA  01EF               	clrf	(__pbssBANK0+1)& (0+127)
   501                           
   502                           ; Clear objects allocated to COMMON
   503     07FB  01FB               	clrf	__pbssCOMMON& (0+127)
   504     07FC                     end_of_initialization:	
   505                           ;End of C runtime variable initialization code
   506                           
   507     07FC                     __end_of__initialization:
   508     07FC  0183               	clrf	3
   509     07FD  120A  118A  2C8F   	ljmp	_main	;jump to C main() function
   510                           
   511                           	psect	bssCOMMON
   512     007B                     __pbssCOMMON:
   513     007B                     _timer1_ticks:
   514     007B                     	ds	1
   515                           
   516                           	psect	bssBANK0
   517     006E                     __pbssBANK0:
   518     006E                     _flags:
   519     006E                     	ds	1
   520     006F                     _sram_index:
   521     006F                     	ds	1
   522                           
   523                           	psect	bssBANK1
   524     00C6                     __pbssBANK1:
   525     00C6                     DHT22_Read@F1417:
   526     00C6                     	ds	5
   527     00CB                     _width:
   528     00CB                     	ds	2
   529     00CD                     _prec:
   530     00CD                     	ds	2
   531     00CF                     _sram_count:
   532     00CF                     	ds	1
   533     00D0                     _take_sample_flag:
   534     00D0                     	ds	1
   535     00D1                     _rtc_sec:
   536     00D1                     	ds	1
   537                           
   538                           	psect	dataBANK1
   539     00D2                     __pdataBANK1:
   540     00D2                     _rtc_yr:
   541     00D2                     	ds	1
   542     00D3                     _rtc_mon:
   543     00D3                     	ds	1
   544     00D4                     _rtc_date:
   545     00D4                     	ds	1
   546     00D5                     _rtc_hr:
   547     00D5                     	ds	1
   548     00D6                     _rtc_min:
   549     00D6                     	ds	1
   550                           
   551                           	psect	bssBANK3
   552     0190                     __pbssBANK3:
   553     0190                     _dbuf:
   554     0190                     	ds	32
   555                           
   556                           	psect	clrtext
   557     0800                     clear_ram0:	
   558                           ;	Called with FSR containing the base address, and
   559                           ;	W with the last address+1
   560                           
   561     0800  0064               	clrwdt	;clear the watchdog before getting into this loop
   562     0801                     clrloop0:
   563     0801  0180               	clrf	0	;clear RAM location pointed to by FSR
   564     0802  0A84               	incf	4,f	;increment pointer
   565     0803  0604               	xorwf	4,w	;XOR with final address
   566     0804  1903               	btfsc	3,2	;have we reached the end yet?
   567     0805  3400               	retlw	0	;all done for this memory range, return
   568     0806  0604               	xorwf	4,w	;XOR again to restore value
   569     0807  2801               	goto	clrloop0	;do the next byte
   570                           
   571                           	psect	cstackBANK1
   572     00A0                     __pcstackBANK1:
   573     00A0                     main@lcd_buffer:
   574                           
   575                           ; 17 bytes @ 0x0
   576     00A0                     	ds	17
   577     00B1                     main@yr:
   578                           
   579                           ; 1 bytes @ 0x11
   580     00B1                     	ds	1
   581     00B2                     main@lm35_raw:
   582                           
   583                           ; 2 bytes @ 0x12
   584     00B2                     	ds	2
   585     00B4                     main@ldr_raw:
   586                           
   587                           ; 2 bytes @ 0x14
   588     00B4                     	ds	2
   589     00B6                     _main$1362:
   590                           
   591                           ; 2 bytes @ 0x16
   592     00B6                     	ds	2
   593     00B8                     _main$1363:
   594                           
   595                           ; 2 bytes @ 0x18
   596     00B8                     	ds	2
   597     00BA                     main@dht_temp_x10:
   598                           
   599                           ; 2 bytes @ 0x1A
   600     00BA                     	ds	2
   601     00BC                     main@dht_err:
   602                           
   603                           ; 1 bytes @ 0x1C
   604     00BC                     	ds	1
   605     00BD                     _main$545:
   606                           
   607                           ; 2 bytes @ 0x1D
   608     00BD                     	ds	2
   609     00BF                     main@dht_hum_x10:
   610                           
   611                           ; 2 bytes @ 0x1F
   612     00BF                     	ds	2
   613     00C1                     main@ldr_pct:
   614                           
   615                           ; 2 bytes @ 0x21
   616     00C1                     	ds	2
   617     00C3                     main@hum_pct:
   618                           
   619                           ; 1 bytes @ 0x23
   620     00C3                     	ds	1
   621     00C4                     main@lm35_x10:
   622                           
   623                           ; 2 bytes @ 0x24
   624     00C4                     	ds	2
   625                           
   626                           	psect	cstackCOMMON
   627     0071                     __pcstackCOMMON:
   628     0071                     ?_putch:
   629     0071                     ?_ISR:	
   630                           ; 1 bytes @ 0x0
   631                           
   632     0071                     ?_BCDtoDEC:	
   633                           ; 1 bytes @ 0x0
   634                           
   635     0071                     ?_I2C_Init:	
   636                           ; 1 bytes @ 0x0
   637                           
   638     0071                     ?_I2C_Wait:	
   639                           ; 1 bytes @ 0x0
   640                           
   641     0071                     ?_I2C_Start:	
   642                           ; 1 bytes @ 0x0
   643                           
   644     0071                     ?_I2C_Stop:	
   645                           ; 1 bytes @ 0x0
   646                           
   647     0071                     ?_I2C_Write:	
   648                           ; 1 bytes @ 0x0
   649                           
   650     0071                     ?_I2C_Read:	
   651                           ; 1 bytes @ 0x0
   652                           
   653     0071                     ?_DS3231_ReadTime:	
   654                           ; 1 bytes @ 0x0
   655                           
   656     0071                     ?_SRAM_Read:	
   657                           ; 1 bytes @ 0x0
   658                           
   659     0071                     ?_SRAM_LoadHeader:	
   660                           ; 1 bytes @ 0x0
   661                           
   662     0071                     ?_SRAM_SaveHeader:	
   663                           ; 1 bytes @ 0x0
   664                           
   665     0071                     ?_LCD_Cmd:	
   666                           ; 1 bytes @ 0x0
   667                           
   668     0071                     ?_LCD_Data:	
   669                           ; 1 bytes @ 0x0
   670                           
   671     0071                     ?_LCD_Init:	
   672                           ; 1 bytes @ 0x0
   673                           
   674     0071                     ?_ADC_Init:	
   675                           ; 1 bytes @ 0x0
   676                           
   677     0071                     ?_UART_Init:	
   678                           ; 1 bytes @ 0x0
   679                           
   680     0071                     ?_UART_Write:	
   681                           ; 1 bytes @ 0x0
   682                           
   683     0071                     ?_UART_Num2:	
   684                           ; 1 bytes @ 0x0
   685                           
   686     0071                     ?_main:	
   687                           ; 1 bytes @ 0x0
   688                           
   689     0071                     putch@c:	
   690                           ; 1 bytes @ 0x0
   691                           
   692     0071                     ??_ISR:	
   693                           ; 1 bytes @ 0x0
   694                           
   695                           
   696                           ; 1 bytes @ 0x0
   697     0071                     	ds	2
   698     0073                     ?_DHT22_Read:
   699     0073                     ?___bmul:	
   700                           ; 1 bytes @ 0x2
   701                           
   702     0073                     ?_fputc:	
   703                           ; 1 bytes @ 0x2
   704                           
   705     0073                     ?_ADC_Read:	
   706                           ; 2 bytes @ 0x2
   707                           
   708     0073                     ?___wmul:	
   709                           ; 2 bytes @ 0x2
   710                           
   711     0073                     ?___awdiv:	
   712                           ; 2 bytes @ 0x2
   713                           
   714     0073                     ?___awmod:	
   715                           ; 2 bytes @ 0x2
   716                           
   717     0073                     ?___lwdiv:	
   718                           ; 2 bytes @ 0x2
   719                           
   720     0073                     ?___lwmod:	
   721                           ; 2 bytes @ 0x2
   722                           
   723     0073                     ?___lmul:	
   724                           ; 2 bytes @ 0x2
   725                           
   726     0073                     I2C_Write@b:	
   727                           ; 4 bytes @ 0x2
   728                           
   729     0073                     I2C_Read@ack:	
   730                           ; 1 bytes @ 0x2
   731                           
   732     0073                     DHT22_Read@temp_x10:	
   733                           ; 1 bytes @ 0x2
   734                           
   735     0073                     UART_Write@c:	
   736                           ; 1 bytes @ 0x2
   737                           
   738     0073                     ___bmul@multiplicand:	
   739                           ; 1 bytes @ 0x2
   740                           
   741     0073                     ___wmul@multiplier:	
   742                           ; 1 bytes @ 0x2
   743                           
   744     0073                     ___awdiv@divisor:	
   745                           ; 2 bytes @ 0x2
   746                           
   747     0073                     ___awmod@divisor:	
   748                           ; 2 bytes @ 0x2
   749                           
   750     0073                     ___lwdiv@divisor:	
   751                           ; 2 bytes @ 0x2
   752                           
   753     0073                     ___lwmod@divisor:	
   754                           ; 2 bytes @ 0x2
   755                           
   756     0073                     fputc@c:	
   757                           ; 2 bytes @ 0x2
   758                           
   759     0073                     ___lmul@multiplier:	
   760                           ; 2 bytes @ 0x2
   761                           
   762     0073                     ??_putch:	
   763                           ; 4 bytes @ 0x2
   764                           
   765     0073                     ??_I2C_Init:	
   766                           ; 1 bytes @ 0x2
   767                           
   768     0073                     ??_I2C_Wait:	
   769                           ; 1 bytes @ 0x2
   770                           
   771     0073                     ??_I2C_Start:	
   772                           ; 1 bytes @ 0x2
   773                           
   774     0073                     ??_I2C_Stop:	
   775                           ; 1 bytes @ 0x2
   776                           
   777     0073                     ??_I2C_Write:	
   778                           ; 1 bytes @ 0x2
   779                           
   780     0073                     ??_I2C_Read:	
   781                           ; 1 bytes @ 0x2
   782                           
   783     0073                     ??_ADC_Init:	
   784                           ; 1 bytes @ 0x2
   785                           
   786     0073                     ??_UART_Init:	
   787                           ; 1 bytes @ 0x2
   788                           
   789     0073                     ??_UART_Write:	
   790                           ; 1 bytes @ 0x2
   791                           
   792                           
   793                           ; 1 bytes @ 0x2
   794     0073                     	ds	1
   795     0074                     ?_UART_Print:
   796     0074                     I2C_Read@d:	
   797                           ; 1 bytes @ 0x3
   798                           
   799     0074                     DHT22_Read@hum_x10:	
   800                           ; 1 bytes @ 0x3
   801                           
   802     0074                     UART_Print@s:	
   803                           ; 1 bytes @ 0x3
   804                           
   805     0074                     ___bmul@product:	
   806                           ; 1 bytes @ 0x3
   807                           
   808     0074                     I2C_Write@timeout:	
   809                           ; 1 bytes @ 0x3
   810                           
   811     0074                     ??___bmul:	
   812                           ; 2 bytes @ 0x3
   813                           
   814                           
   815                           ; 1 bytes @ 0x3
   816     0074                     	ds	1
   817     0075                     ___bmul@multiplier:
   818     0075                     ___wmul@multiplicand:	
   819                           ; 1 bytes @ 0x4
   820                           
   821     0075                     ___awdiv@dividend:	
   822                           ; 2 bytes @ 0x4
   823                           
   824     0075                     ___awmod@dividend:	
   825                           ; 2 bytes @ 0x4
   826                           
   827     0075                     ___lwdiv@dividend:	
   828                           ; 2 bytes @ 0x4
   829                           
   830     0075                     ___lwmod@dividend:	
   831                           ; 2 bytes @ 0x4
   832                           
   833     0075                     fputc@fp:	
   834                           ; 2 bytes @ 0x4
   835                           
   836     0075                     ??_ADC_Read:	
   837                           ; 2 bytes @ 0x4
   838                           
   839     0075                     ??_UART_Print:	
   840                           ; 1 bytes @ 0x4
   841                           
   842                           
   843                           ; 1 bytes @ 0x4
   844     0075                     	ds	1
   845     0076                     ?_SRAM_Write:
   846     0076                     ?_LCD_I2C_SendNibble:	
   847                           ; 1 bytes @ 0x5
   848                           
   849     0076                     ?_LCD_I2C_SendByte:	
   850                           ; 1 bytes @ 0x5
   851                           
   852     0076                     SRAM_Read@addr:	
   853                           ; 1 bytes @ 0x5
   854                           
   855     0076                     SRAM_Write@data:	
   856                           ; 1 bytes @ 0x5
   857                           
   858     0076                     LCD_I2C_SendNibble@rs:	
   859                           ; 1 bytes @ 0x5
   860                           
   861     0076                     LCD_I2C_SendByte@rs:	
   862                           ; 1 bytes @ 0x5
   863                           
   864     0076                     ADC_Read@ch:	
   865                           ; 1 bytes @ 0x5
   866                           
   867     0076                     ??_BCDtoDEC:	
   868                           ; 1 bytes @ 0x5
   869                           
   870     0076                     ??_SRAM_Read:	
   871                           ; 1 bytes @ 0x5
   872                           
   873                           
   874                           ; 1 bytes @ 0x5
   875     0076                     	ds	1
   876     0077                     ?_fputs:
   877     0077                     SRAM_Read@d:	
   878                           ; 2 bytes @ 0x6
   879                           
   880     0077                     SRAM_Write@addr:	
   881                           ; 1 bytes @ 0x6
   882                           
   883     0077                     ___awdiv@counter:	
   884                           ; 1 bytes @ 0x6
   885                           
   886     0077                     ___awmod@counter:	
   887                           ; 1 bytes @ 0x6
   888                           
   889     0077                     ___lwdiv@counter:	
   890                           ; 1 bytes @ 0x6
   891                           
   892     0077                     ___lwmod@counter:	
   893                           ; 1 bytes @ 0x6
   894                           
   895     0077                     fputs@s:	
   896                           ; 1 bytes @ 0x6
   897                           
   898     0077                     ___wmul@product:	
   899                           ; 1 bytes @ 0x6
   900                           
   901     0077                     ___lmul@multiplicand:	
   902                           ; 2 bytes @ 0x6
   903                           
   904     0077                     ??_SRAM_Write:	
   905                           ; 4 bytes @ 0x6
   906                           
   907     0077                     ??_LCD_I2C_SendNibble:	
   908                           ; 1 bytes @ 0x6
   909                           
   910     0077                     ??_LCD_I2C_SendByte:	
   911                           ; 1 bytes @ 0x6
   912                           
   913     0077                     ??___wmul:	
   914                           ; 1 bytes @ 0x6
   915                           
   916     0077                     ??___awdiv:	
   917                           ; 1 bytes @ 0x6
   918                           
   919     0077                     ??___awmod:	
   920                           ; 1 bytes @ 0x6
   921                           
   922     0077                     ??___lwdiv:	
   923                           ; 1 bytes @ 0x6
   924                           
   925     0077                     ??___lwmod:	
   926                           ; 1 bytes @ 0x6
   927                           
   928                           
   929                           ; 1 bytes @ 0x6
   930     0077                     	ds	1
   931     0078                     BCDtoDEC@b:
   932     0078                     LCD_I2C_SendNibble@nibble:	
   933                           ; 1 bytes @ 0x7
   934                           
   935     0078                     LCD_Data@d:	
   936                           ; 1 bytes @ 0x7
   937                           
   938     0078                     ___awdiv@sign:	
   939                           ; 1 bytes @ 0x7
   940                           
   941     0078                     ___awmod@sign:	
   942                           ; 1 bytes @ 0x7
   943                           
   944     0078                     ___lwdiv@quotient:	
   945                           ; 1 bytes @ 0x7
   946                           
   947     0078                     fputs@fp:	
   948                           ; 2 bytes @ 0x7
   949                           
   950     0078                     ??_SRAM_LoadHeader:	
   951                           ; 2 bytes @ 0x7
   952                           
   953     0078                     ??_SRAM_SaveHeader:	
   954                           ; 1 bytes @ 0x7
   955                           
   956     0078                     ??_LCD_Cmd:	
   957                           ; 1 bytes @ 0x7
   958                           
   959     0078                     ??_LCD_Data:	
   960                           ; 1 bytes @ 0x7
   961                           
   962                           
   963                           ; 1 bytes @ 0x7
   964     0078                     	ds	1
   965     0079                     ?_read_prec_or_width:
   966     0079                     LCD_I2C_SendNibble@val:	
   967                           ; 2 bytes @ 0x8
   968                           
   969     0079                     read_prec_or_width@fmt:	
   970                           ; 1 bytes @ 0x8
   971                           
   972     0079                     ___awdiv@quotient:	
   973                           ; 1 bytes @ 0x8
   974                           
   975     0079                     ??_DS3231_ReadTime:	
   976                           ; 2 bytes @ 0x8
   977                           
   978     0079                     ??_LCD_Print:	
   979                           ; 1 bytes @ 0x8
   980                           
   981                           
   982                           ; 1 bytes @ 0x8
   983     0079                     	ds	1
   984     007A                     LCD_Cmd@c:
   985     007A                     read_prec_or_width@ap:	
   986                           ; 1 bytes @ 0x9
   987                           
   988     007A                     ??_pad:	
   989                           ; 1 bytes @ 0x9
   990                           
   991                           
   992                           ; 1 bytes @ 0x9
   993     007A                     	ds	1
   994     007B                     ??_vfprintf:
   995     007B                     ??_LCD_Goto:	
   996                           ; 1 bytes @ 0xA
   997                           
   998     007B                     ??_UART_Num:	
   999                           ; 1 bytes @ 0xA
  1000                           
  1001     007B                     ??_utoa:	
  1002                           ; 1 bytes @ 0xA
  1003                           
  1004                           
  1005                           	psect	cstackBANK0
  1006     0020                     __pcstackBANK0:	
  1007                           ; 1 bytes @ 0xA
  1008                           
  1009     0020                     ?_SRAM_SaveSample:
  1010     0020                     ?_UART_Num:	
  1011                           ; 1 bytes @ 0x0
  1012                           
  1013     0020                     SRAM_SaveSample@min:	
  1014                           ; 1 bytes @ 0x0
  1015                           
  1016     0020                     LCD_I2C_SendByte@b:	
  1017                           ; 1 bytes @ 0x0
  1018                           
  1019     0020                     UART_Num@n:	
  1020                           ; 1 bytes @ 0x0
  1021                           
  1022     0020                     ??_fputc:	
  1023                           ; 2 bytes @ 0x0
  1024                           
  1025     0020                     ??_DHT22_Read:	
  1026                           ; 1 bytes @ 0x0
  1027                           
  1028     0020                     ??___lmul:	
  1029                           ; 1 bytes @ 0x0
  1030                           
  1031     0020                     ??_read_prec_or_width:	
  1032                           ; 1 bytes @ 0x0
  1033                           
  1034                           
  1035                           ; 1 bytes @ 0x0
  1036     0020                     	ds	1
  1037     0021                     SRAM_SaveSample@sec:
  1038     0021                     LCD_I2C_SendByte@high:	
  1039                           ; 1 bytes @ 0x1
  1040                           
  1041     0021                     read_prec_or_width@c:	
  1042                           ; 1 bytes @ 0x1
  1043                           
  1044     0021                     ___lmul@product:	
  1045                           ; 1 bytes @ 0x1
  1046                           
  1047                           
  1048                           ; 4 bytes @ 0x1
  1049     0021                     	ds	1
  1050     0022                     SRAM_SaveSample@date:
  1051     0022                     LCD_I2C_SendByte@low:	
  1052                           ; 1 bytes @ 0x2
  1053                           
  1054     0022                     read_prec_or_width@n:	
  1055                           ; 1 bytes @ 0x2
  1056                           
  1057     0022                     UART_Num@buf:	
  1058                           ; 2 bytes @ 0x2
  1059                           
  1060                           
  1061                           ; 5 bytes @ 0x2
  1062     0022                     	ds	1
  1063     0023                     SRAM_SaveSample@mon:
  1064     0023                     LCD_I2C_SendByte@base:	
  1065                           ; 1 bytes @ 0x3
  1066                           
  1067                           
  1068                           ; 1 bytes @ 0x3
  1069     0023                     	ds	1
  1070     0024                     ?_LCD_Goto:
  1071     0024                     ?_LCD_Print:	
  1072                           ; 1 bytes @ 0x4
  1073                           
  1074     0024                     SRAM_SaveSample@yr:	
  1075                           ; 1 bytes @ 0x4
  1076                           
  1077     0024                     LCD_Goto@col:	
  1078                           ; 1 bytes @ 0x4
  1079                           
  1080     0024                     LCD_Print@s:	
  1081                           ; 1 bytes @ 0x4
  1082                           
  1083     0024                     ??_LCD_Init:	
  1084                           ; 2 bytes @ 0x4
  1085                           
  1086                           
  1087                           ; 1 bytes @ 0x4
  1088     0024                     	ds	1
  1089     0025                     ?___lldiv:
  1090     0025                     LCD_Goto@row:	
  1091                           ; 4 bytes @ 0x5
  1092                           
  1093     0025                     SRAM_SaveSample@temp_x10:	
  1094                           ; 1 bytes @ 0x5
  1095                           
  1096     0025                     ___lldiv@divisor:	
  1097                           ; 2 bytes @ 0x5
  1098                           
  1099                           
  1100                           ; 4 bytes @ 0x5
  1101     0025                     	ds	1
  1102     0026                     _LCD_Goto$421:
  1103                           
  1104                           ; 2 bytes @ 0x6
  1105     0026                     	ds	1
  1106     0027                     SRAM_SaveSample@hum:
  1107     0027                     UART_Num@i:	
  1108                           ; 1 bytes @ 0x7
  1109                           
  1110                           
  1111                           ; 1 bytes @ 0x7
  1112     0027                     	ds	1
  1113     0028                     ?_UART_NumFrac:
  1114     0028                     SRAM_SaveSample@light:	
  1115                           ; 1 bytes @ 0x8
  1116                           
  1117     0028                     UART_NumFrac@n:	
  1118                           ; 1 bytes @ 0x8
  1119                           
  1120     0028                     ??_UART_Num2:	
  1121                           ; 2 bytes @ 0x8
  1122                           
  1123                           
  1124                           ; 1 bytes @ 0x8
  1125     0028                     	ds	1
  1126     0029                     SRAM_SaveSample@alert:
  1127     0029                     ___lldiv@dividend:	
  1128                           ; 1 bytes @ 0x9
  1129                           
  1130     0029                     ??_fputs:	
  1131                           ; 4 bytes @ 0x9
  1132                           
  1133                           
  1134                           ; 1 bytes @ 0x9
  1135     0029                     	ds	1
  1136     002A                     UART_Num2@n:
  1137     002A                     UART_NumFrac@den:	
  1138                           ; 1 bytes @ 0xA
  1139                           
  1140     002A                     DHT22_Read@t:	
  1141                           ; 1 bytes @ 0xA
  1142                           
  1143     002A                     ??_SRAM_SaveSample:	
  1144                           ; 2 bytes @ 0xA
  1145                           
  1146                           
  1147                           ; 1 bytes @ 0xA
  1148     002A                     	ds	1
  1149     002B                     fputs@c:
  1150     002B                     ??_UART_NumFrac:	
  1151                           ; 1 bytes @ 0xB
  1152                           
  1153                           
  1154                           ; 1 bytes @ 0xB
  1155     002B                     	ds	1
  1156     002C                     SRAM_SaveSample@hr:
  1157     002C                     fputs@i:	
  1158                           ; 1 bytes @ 0xC
  1159                           
  1160     002C                     DHT22_Read@data:	
  1161                           ; 2 bytes @ 0xC
  1162                           
  1163                           
  1164                           ; 5 bytes @ 0xC
  1165     002C                     	ds	1
  1166     002D                     _SRAM_SaveSample$384:
  1167     002D                     _UART_NumFrac$1360:	
  1168                           ; 2 bytes @ 0xD
  1169                           
  1170     002D                     ??___lldiv:	
  1171                           ; 2 bytes @ 0xD
  1172                           
  1173                           
  1174                           ; 1 bytes @ 0xD
  1175     002D                     	ds	1
  1176     002E                     ?_pad:
  1177     002E                     pad@fp:	
  1178                           ; 1 bytes @ 0xE
  1179                           
  1180     002E                     ___lldiv@quotient:	
  1181                           ; 2 bytes @ 0xE
  1182                           
  1183                           
  1184                           ; 4 bytes @ 0xE
  1185     002E                     	ds	1
  1186     002F                     SRAM_SaveSample@base:
  1187     002F                     _UART_NumFrac$1361:	
  1188                           ; 1 bytes @ 0xF
  1189                           
  1190                           
  1191                           ; 2 bytes @ 0xF
  1192     002F                     	ds	1
  1193     0030                     pad@buf:
  1194                           
  1195                           ; 1 bytes @ 0x10
  1196     0030                     	ds	1
  1197     0031                     DHT22_Read@j:
  1198     0031                     pad@p:	
  1199                           ; 1 bytes @ 0x11
  1200                           
  1201                           
  1202                           ; 2 bytes @ 0x11
  1203     0031                     	ds	1
  1204     0032                     DHT22_Read@i:
  1205     0032                     ___lldiv@counter:	
  1206                           ; 1 bytes @ 0x12
  1207                           
  1208                           
  1209                           ; 1 bytes @ 0x12
  1210     0032                     	ds	1
  1211     0033                     DHT22_Read@timeout:
  1212     0033                     pad@i:	
  1213                           ; 2 bytes @ 0x13
  1214                           
  1215                           
  1216                           ; 2 bytes @ 0x13
  1217     0033                     	ds	2
  1218     0035                     ?_utoa:
  1219     0035                     utoa@fp:	
  1220                           ; 1 bytes @ 0x15
  1221                           
  1222                           
  1223                           ; 2 bytes @ 0x15
  1224     0035                     	ds	2
  1225     0037                     utoa@d:
  1226                           
  1227                           ; 2 bytes @ 0x17
  1228     0037                     	ds	2
  1229     0039                     utoa@p:
  1230                           
  1231                           ; 1 bytes @ 0x19
  1232     0039                     	ds	1
  1233     003A                     utoa@w:
  1234                           
  1235                           ; 2 bytes @ 0x1A
  1236     003A                     	ds	2
  1237     003C                     utoa@i:
  1238                           
  1239                           ; 2 bytes @ 0x1C
  1240     003C                     	ds	2
  1241     003E                     ?_vfpfcnvrt:
  1242     003E                     vfpfcnvrt@fp:	
  1243                           ; 1 bytes @ 0x1E
  1244                           
  1245                           
  1246                           ; 2 bytes @ 0x1E
  1247     003E                     	ds	2
  1248     0040                     vfpfcnvrt@fmt:
  1249                           
  1250                           ; 1 bytes @ 0x20
  1251     0040                     	ds	1
  1252     0041                     vfpfcnvrt@ap:
  1253                           
  1254                           ; 1 bytes @ 0x21
  1255     0041                     	ds	1
  1256     0042                     ??_vfpfcnvrt:
  1257                           
  1258                           ; 1 bytes @ 0x22
  1259     0042                     	ds	2
  1260     0044                     vfpfcnvrt@convarg:
  1261                           
  1262                           ; 4 bytes @ 0x24
  1263     0044                     	ds	4
  1264     0048                     vfpfcnvrt@done:
  1265                           
  1266                           ; 1 bytes @ 0x28
  1267     0048                     	ds	1
  1268     0049                     vfpfcnvrt@cp:
  1269                           
  1270                           ; 1 bytes @ 0x29
  1271     0049                     	ds	1
  1272     004A                     ?_vfprintf:
  1273     004A                     vfprintf@fp:	
  1274                           ; 2 bytes @ 0x2A
  1275                           
  1276                           
  1277                           ; 2 bytes @ 0x2A
  1278     004A                     	ds	2
  1279     004C                     vfprintf@fmt:
  1280                           
  1281                           ; 1 bytes @ 0x2C
  1282     004C                     	ds	1
  1283     004D                     vfprintf@ap:
  1284                           
  1285                           ; 1 bytes @ 0x2D
  1286     004D                     	ds	1
  1287     004E                     vfprintf@cfmt:
  1288                           
  1289                           ; 1 bytes @ 0x2E
  1290     004E                     	ds	1
  1291     004F                     ?_sprintf:
  1292     004F                     sprintf@s:	
  1293                           ; 2 bytes @ 0x2F
  1294                           
  1295                           
  1296                           ; 1 bytes @ 0x2F
  1297     004F                     	ds	1
  1298     0050                     sprintf@fmt:
  1299                           
  1300                           ; 1 bytes @ 0x30
  1301     0050                     	ds	11
  1302     005B                     ??_sprintf:
  1303                           
  1304                           ; 1 bytes @ 0x3B
  1305     005B                     	ds	1
  1306     005C                     sprintf@ap:
  1307                           
  1308                           ; 1 bytes @ 0x3C
  1309     005C                     	ds	1
  1310     005D                     sprintf@f:
  1311                           
  1312                           ; 11 bytes @ 0x3D
  1313     005D                     	ds	11
  1314     0068                     ??_main:
  1315                           
  1316                           ; 1 bytes @ 0x48
  1317     0068                     	ds	6
  1318                           
  1319                           	psect	maintext
  1320     048F                     __pmaintext:	
  1321 ;;
  1322 ;;Main: autosize = 0, tempsize = 6, incstack = 0, save=0
  1323 ;;
  1324 ;; *************** function _main *****************
  1325 ;; Defined at:
  1326 ;;		line 344 in file "main.c"
  1327 ;; Parameters:    Size  Location     Type
  1328 ;;		None
  1329 ;; Auto vars:     Size  Location     Type
  1330 ;;  dht_err         1   28[BANK1 ] unsigned char 
  1331 ;;  lcd_buffer     17    0[BANK1 ] unsigned char [17]
  1332 ;;  lm35_x10        2   36[BANK1 ] unsigned int 
  1333 ;;  ldr_pct         2   33[BANK1 ] unsigned int 
  1334 ;;  dht_hum_x10     2   31[BANK1 ] unsigned int 
  1335 ;;  dht_temp_x10    2   26[BANK1 ] int 
  1336 ;;  ldr_raw         2   20[BANK1 ] unsigned int 
  1337 ;;  lm35_raw        2   18[BANK1 ] unsigned int 
  1338 ;;  temp_x10        2    0        int 
  1339 ;;  hum_pct         1   35[BANK1 ] unsigned char 
  1340 ;;  yr              1   17[BANK1 ] unsigned char 
  1341 ;;  samples_to_s    1    0        unsigned char 
  1342 ;;  alert           1    0        unsigned char 
  1343 ;;  light           1    0        unsigned char 
  1344 ;;  mon             1    0        unsigned char 
  1345 ;;  date            1    0        unsigned char 
  1346 ;;  sec             1    0        unsigned char 
  1347 ;;  min             1    0        unsigned char 
  1348 ;;  hr              1    0        unsigned char 
  1349 ;;  i               1    0        unsigned char 
  1350 ;; Return value:  Size  Location     Type
  1351 ;;                  1    wreg      void 
  1352 ;; Registers used:
  1353 ;;		wreg, fsr0l, fsr0h, status,2, status,0, pclath, btemp1, cstack
  1354 ;; Tracked objects:
  1355 ;;		On entry : B00/0
  1356 ;;		On exit  : 0/0
  1357 ;;		Unchanged: 0/0
  1358 ;; Data sizes:     COMMON   BANK0   BANK1   BANK3   BANK2
  1359 ;;      Params:         0       0       0       0       0
  1360 ;;      Locals:         0       0      38       0       0
  1361 ;;      Temps:          0       6       0       0       0
  1362 ;;      Totals:         0       6      38       0       0
  1363 ;;Total ram usage:       44 bytes
  1364 ;; Hardware stack levels required when called: 8
  1365 ;; This function calls:
  1366 ;;		_ADC_Init
  1367 ;;		_ADC_Read
  1368 ;;		_DHT22_Read
  1369 ;;		_DS3231_ReadTime
  1370 ;;		_I2C_Init
  1371 ;;		_LCD_Cmd
  1372 ;;		_LCD_Goto
  1373 ;;		_LCD_Init
  1374 ;;		_LCD_Print
  1375 ;;		_SRAM_LoadHeader
  1376 ;;		_SRAM_SaveSample
  1377 ;;		_UART_Init
  1378 ;;		_UART_Num
  1379 ;;		_UART_Num2
  1380 ;;		_UART_NumFrac
  1381 ;;		_UART_Print
  1382 ;;		_UART_Write
  1383 ;;		___lldiv
  1384 ;;		___lmul
  1385 ;;		___lwdiv
  1386 ;;		___lwmod
  1387 ;;		_sprintf
  1388 ;; This function is called by:
  1389 ;;		Startup code after reset
  1390 ;; This function uses a non-reentrant model
  1391 ;;
  1392                           
  1393     048F                     _main:	
  1394                           ;psect for function _main
  1395                           
  1396     048F                     l3361:	
  1397                           ;incstack = 0
  1398                           ; Regs used in _main: [wreg-fsr0h+status,2+status,0+pclath+btemp1+cstack]
  1399                           
  1400                           
  1401                           ;main.c: 345:     unsigned int lm35_raw, ldr_raw;;main.c: 346:     unsigned int lm35_x10
      +                          , ldr_pct;;main.c: 347:     unsigned char hum_pct;;main.c: 348:     unsigned char i, sam
      +                          ples_to_show;;main.c: 349:     signed int dht_temp_x10;;main.c: 350:     unsigned int dh
      +                          t_hum_x10;;main.c: 351:     unsigned char hr, min, sec, date, mon, yr, light, alert;;mai
      +                          n.c: 352:     signed int temp_x10;;main.c: 354:     OPTION_REG = 0xFF;
  1402     048F  30FF               	movlw	255
  1403     0490  1683               	bsf	3,5	;RP0=1, select bank1
  1404     0491  1303               	bcf	3,6	;RP1=0, select bank1
  1405     0492  0081               	movwf	1	;volatile
  1406     0493                     l3363:
  1407                           
  1408                           ;main.c: 355:     INTCON = 0x00;
  1409     0493  018B               	clrf	11	;volatile
  1410                           
  1411                           ;main.c: 356:     PIE1 = 0x00; PIR1 = 0x00;
  1412     0494  018C               	clrf	12	;volatile
  1413     0495  1283               	bcf	3,5	;RP0=0, select bank0
  1414     0496  1303               	bcf	3,6	;RP1=0, select bank0
  1415     0497  018C               	clrf	12	;volatile
  1416                           
  1417                           ;main.c: 357:     TRISE = 0x00;
  1418     0498  1683               	bsf	3,5	;RP0=1, select bank1
  1419     0499  1303               	bcf	3,6	;RP1=0, select bank1
  1420     049A  0189               	clrf	9	;volatile
  1421                           
  1422                           ;main.c: 358:     TRISD = 0x00;
  1423     049B  0188               	clrf	8	;volatile
  1424                           
  1425                           ;main.c: 359:     PORTD = 0x00;
  1426     049C  1283               	bcf	3,5	;RP0=0, select bank0
  1427     049D  1303               	bcf	3,6	;RP1=0, select bank0
  1428     049E  0188               	clrf	8	;volatile
  1429     049F                     l3365:
  1430                           
  1431                           ;main.c: 360:     TRISBbits.TRISB6 = 0;
  1432     049F  1683               	bsf	3,5	;RP0=1, select bank1
  1433     04A0  1303               	bcf	3,6	;RP1=0, select bank1
  1434     04A1  1306               	bcf	6,6	;volatile
  1435     04A2                     l3367:
  1436                           
  1437                           ;main.c: 361:     PORTBbits.RB6 = 0;
  1438     04A2  1283               	bcf	3,5	;RP0=0, select bank0
  1439     04A3  1303               	bcf	3,6	;RP1=0, select bank0
  1440     04A4  1306               	bcf	6,6	;volatile
  1441     04A5                     l3369:
  1442                           
  1443                           ;main.c: 363:     I2C_Init();
  1444     04A5  120A  158A  205F  120A  118A  	fcall	_I2C_Init
  1445     04AA                     l3371:
  1446                           
  1447                           ;main.c: 364:     LCD_Init();
  1448     04AA  120A  158A  2693  120A  118A  	fcall	_LCD_Init
  1449     04AF                     l3373:
  1450                           
  1451                           ;main.c: 365:     ADC_Init();
  1452     04AF  120A  158A  2050  120A  118A  	fcall	_ADC_Init
  1453     04B4                     l3375:
  1454                           
  1455                           ;main.c: 366:     UART_Init();
  1456     04B4  120A  158A  2043  120A  118A  	fcall	_UART_Init
  1457     04B9                     l3377:
  1458                           
  1459                           ;main.c: 369:     T1CON = 0x31;
  1460     04B9  3031               	movlw	49
  1461     04BA  1283               	bcf	3,5	;RP0=0, select bank0
  1462     04BB  1303               	bcf	3,6	;RP1=0, select bank0
  1463     04BC  0090               	movwf	16	;volatile
  1464     04BD                     l3379:
  1465                           
  1466                           ;main.c: 370:     TMR1H = 0x0B; TMR1L = 0xDC;
  1467     04BD  300B               	movlw	11
  1468     04BE  008F               	movwf	15	;volatile
  1469     04BF                     l3381:
  1470     04BF  30DC               	movlw	220
  1471     04C0  008E               	movwf	14	;volatile
  1472     04C1                     l3383:
  1473                           
  1474                           ;main.c: 371:     PIE1bits.TMR1IE = 1;
  1475     04C1  1683               	bsf	3,5	;RP0=1, select bank1
  1476     04C2  1303               	bcf	3,6	;RP1=0, select bank1
  1477     04C3  140C               	bsf	12,0	;volatile
  1478     04C4                     l3385:
  1479                           
  1480                           ;main.c: 372:     INTCONbits.PEIE = 1;
  1481     04C4  170B               	bsf	11,6	;volatile
  1482     04C5                     l3387:
  1483                           
  1484                           ;main.c: 373:     INTCONbits.GIE = 1;
  1485     04C5  178B               	bsf	11,7	;volatile
  1486     04C6                     l3389:
  1487                           
  1488                           ;main.c: 375:     SRAM_LoadHeader();
  1489     04C6  120A  158A  20FE  120A  118A  	fcall	_SRAM_LoadHeader
  1490     04CB                     l3391:
  1491                           
  1492                           ;main.c: 376:     samples_to_show = (sram_count > 8) ? 8 : sram_count;
  1493     04CB  3009               	movlw	9
  1494     04CC  1683               	bsf	3,5	;RP0=1, select bank1
  1495     04CD  1303               	bcf	3,6	;RP1=0, select bank1
  1496     04CE  024F               	subwf	_sram_count^(0+128),w
  1497     04CF  1803               	skipnc
  1498     04D0  2CD2               	goto	u3591
  1499     04D1  2CD3               	goto	u3590
  1500     04D2                     u3591:
  1501     04D2  2CE3               	goto	l3395
  1502     04D3                     u3590:
  1503     04D3                     l3393:
  1504     04D3  084F               	movf	_sram_count^(0+128),w
  1505     04D4  1283               	bcf	3,5	;RP0=0, select bank0
  1506     04D5  1303               	bcf	3,6	;RP1=0, select bank0
  1507     04D6  00E8               	movwf	??_main
  1508     04D7  01E9               	clrf	??_main+1
  1509     04D8  0868               	movf	??_main,w
  1510     04D9  1683               	bsf	3,5	;RP0=1, select bank1
  1511     04DA  1303               	bcf	3,6	;RP1=0, select bank1
  1512     04DB  00BD               	movwf	_main$545^(0+128)
  1513     04DC  1283               	bcf	3,5	;RP0=0, select bank0
  1514     04DD  1303               	bcf	3,6	;RP1=0, select bank0
  1515     04DE  0869               	movf	??_main+1,w
  1516     04DF  1683               	bsf	3,5	;RP0=1, select bank1
  1517     04E0  1303               	bcf	3,6	;RP1=0, select bank1
  1518     04E1  00BE               	movwf	(_main$545+1)^(0+128)
  1519     04E2  2CE7               	goto	l312
  1520     04E3                     l3395:
  1521     04E3  3008               	movlw	8
  1522     04E4  00BD               	movwf	_main$545^(0+128)
  1523     04E5  3000               	movlw	0
  1524     04E6  00BE               	movwf	(_main$545^(0+128)+1)
  1525     04E7                     l312:
  1526     04E7                     l3397:
  1527                           
  1528                           ;main.c: 378:     LCD_Goto(0,0); LCD_Print("Smart Weather   ");
  1529     04E7  1283               	bcf	3,5	;RP0=0, select bank0
  1530     04E8  1303               	bcf	3,6	;RP1=0, select bank0
  1531     04E9  01A4               	clrf	LCD_Goto@col
  1532     04EA  3000               	movlw	0
  1533     04EB  120A  158A  20AA  120A  118A  	fcall	_LCD_Goto
  1534     04F0                     l3399:
  1535     04F0  3067               	movlw	(low ((STR_1-__stringbase)| (0+32768)))& (0+255)
  1536     04F1  1283               	bcf	3,5	;RP0=0, select bank0
  1537     04F2  1303               	bcf	3,6	;RP1=0, select bank0
  1538     04F3  00A4               	movwf	LCD_Print@s
  1539     04F4  3080               	movlw	128
  1540     04F5  00A5               	movwf	LCD_Print@s+1
  1541     04F6  120A  118A  20A8  120A  118A  	fcall	_LCD_Print
  1542     04FB                     l3401:
  1543                           
  1544                           ;main.c: 379:     LCD_Goto(1,0); LCD_Print("Station I2C v3  ");
  1545     04FB  1283               	bcf	3,5	;RP0=0, select bank0
  1546     04FC  1303               	bcf	3,6	;RP1=0, select bank0
  1547     04FD  01A4               	clrf	LCD_Goto@col
  1548     04FE  3001               	movlw	1
  1549     04FF  120A  158A  20AA  120A  118A  	fcall	_LCD_Goto
  1550     0504                     l3403:
  1551     0504  3078               	movlw	(low ((STR_2-__stringbase)| (0+32768)))& (0+255)
  1552     0505  1283               	bcf	3,5	;RP0=0, select bank0
  1553     0506  1303               	bcf	3,6	;RP1=0, select bank0
  1554     0507  00A4               	movwf	LCD_Print@s
  1555     0508  3080               	movlw	128
  1556     0509  00A5               	movwf	LCD_Print@s+1
  1557     050A  120A  118A  20A8  120A  118A  	fcall	_LCD_Print
  1558                           
  1559                           ;main.c: 380:     _delay((unsigned long)((2000)*(20000000UL/4000.0))); LCD_Cmd(0x01); _d
      +                          elay((unsigned long)((2)*(20000000UL/4000.0)));
  1560     050F  3033               	movlw	51
  1561     0510  1283               	bcf	3,5	;RP0=0, select bank0
  1562     0511  1303               	bcf	3,6	;RP1=0, select bank0
  1563     0512  00EA               	movwf	??_main+2
  1564     0513  30BB               	movlw	187
  1565     0514  00E9               	movwf	??_main+1
  1566     0515  30DF               	movlw	223
  1567     0516  00E8               	movwf	??_main
  1568     0517                     u3677:
  1569     0517  0BE8               	decfsz	??_main,f
  1570     0518  2D17               	goto	u3677
  1571     0519  0BE9               	decfsz	??_main+1,f
  1572     051A  2D17               	goto	u3677
  1573     051B  0BEA               	decfsz	??_main+2,f
  1574     051C  2D17               	goto	u3677
  1575     051D                     l3405:
  1576     051D  3001               	movlw	1
  1577     051E  120A  158A  206F  120A  118A  	fcall	_LCD_Cmd
  1578     0523                     l3407:
  1579     0523  300D               	movlw	13
  1580     0524  1283               	bcf	3,5	;RP0=0, select bank0
  1581     0525  1303               	bcf	3,6	;RP1=0, select bank0
  1582     0526  00E9               	movwf	??_main+1
  1583     0527  30FB               	movlw	251
  1584     0528  00E8               	movwf	??_main
  1585     0529                     u3687:
  1586     0529  0BE8               	decfsz	??_main,f
  1587     052A  2D29               	goto	u3687
  1588     052B  0BE9               	decfsz	??_main+1,f
  1589     052C  2D29               	goto	u3687
  1590     052D                     l3409:
  1591                           
  1592                           ;main.c: 382:     UART_Print("# Smart Weather Station v3 (I2C LCD + DHT22 + DS3231)\r\n"
      +                          );
  1593     052D  3001               	movlw	(low ((STR_3-__stringbase)| (0+32768)))& (0+255)
  1594     052E  00F4               	movwf	UART_Print@s
  1595     052F  120A  158A  20C3  120A  118A  	fcall	_UART_Print
  1596     0534                     l3411:
  1597                           
  1598                           ;main.c: 387:         if (take_sample_flag) {
  1599     0534  1683               	bsf	3,5	;RP0=1, select bank1
  1600     0535  1303               	bcf	3,6	;RP1=0, select bank1
  1601     0536  0850               	movf	_take_sample_flag^(0+128),w	;volatile
  1602     0537  1903               	btfsc	3,2
  1603     0538  2D3A               	goto	u3601
  1604     0539  2D3B               	goto	u3600
  1605     053A                     u3601:
  1606     053A  2D34               	goto	l3411
  1607     053B                     u3600:
  1608     053B                     l3413:
  1609                           
  1610                           ;main.c: 388:             take_sample_flag = 0;
  1611     053B  01D0               	clrf	_take_sample_flag^(0+128)	;volatile
  1612     053C                     l3415:
  1613                           
  1614                           ;main.c: 391:             DS3231_ReadTime();
  1615     053C  120A  158A  26FD  120A  118A  	fcall	_DS3231_ReadTime
  1616     0541                     l3417:
  1617                           
  1618                           ;main.c: 394:             lm35_raw = ADC_Read(1);
  1619     0541  3001               	movlw	1
  1620     0542  120A  158A  215D  120A  118A  	fcall	_ADC_Read
  1621     0547  0874               	movf	?_ADC_Read+1,w
  1622     0548  1683               	bsf	3,5	;RP0=1, select bank1
  1623     0549  1303               	bcf	3,6	;RP1=0, select bank1
  1624     054A  00B3               	movwf	(main@lm35_raw+1)^(0+128)
  1625     054B  0873               	movf	?_ADC_Read,w
  1626     054C  00B2               	movwf	main@lm35_raw^(0+128)
  1627     054D                     l3419:
  1628                           
  1629                           ;main.c: 395:             ldr_raw = ADC_Read(2);
  1630     054D  3002               	movlw	2
  1631     054E  120A  158A  215D  120A  118A  	fcall	_ADC_Read
  1632     0553  0874               	movf	?_ADC_Read+1,w
  1633     0554  1683               	bsf	3,5	;RP0=1, select bank1
  1634     0555  1303               	bcf	3,6	;RP1=0, select bank1
  1635     0556  00B5               	movwf	(main@ldr_raw+1)^(0+128)
  1636     0557  0873               	movf	?_ADC_Read,w
  1637     0558  00B4               	movwf	main@ldr_raw^(0+128)
  1638     0559                     l3421:
  1639                           
  1640                           ;main.c: 396:             lm35_x10 = (unsigned int)(((unsigned long)lm35_raw * 5000UL) /
      +                           1024UL);
  1641     0559  0832               	movf	main@lm35_raw^(0+128),w
  1642     055A  00F3               	movwf	___lmul@multiplier
  1643     055B  0833               	movf	(main@lm35_raw+1)^(0+128),w
  1644     055C  00F4               	movwf	___lmul@multiplier+1
  1645     055D  01F5               	clrf	___lmul@multiplier+2
  1646     055E  01F6               	clrf	___lmul@multiplier+3
  1647     055F  3000               	movlw	0
  1648     0560  00FA               	movwf	___lmul@multiplicand+3
  1649     0561  3000               	movlw	0
  1650     0562  00F9               	movwf	___lmul@multiplicand+2
  1651     0563  3013               	movlw	19
  1652     0564  00F8               	movwf	___lmul@multiplicand+1
  1653     0565  3088               	movlw	136
  1654     0566  00F7               	movwf	___lmul@multiplicand
  1655     0567  120A  158A  237C  120A  118A  	fcall	___lmul
  1656     056C  0873               	movf	?___lmul,w
  1657     056D  1283               	bcf	3,5	;RP0=0, select bank0
  1658     056E  1303               	bcf	3,6	;RP1=0, select bank0
  1659     056F  00E8               	movwf	??_main
  1660     0570  0874               	movf	?___lmul+1,w
  1661     0571  00E9               	movwf	??_main+1
  1662     0572  0875               	movf	?___lmul+2,w
  1663     0573  00EA               	movwf	??_main+2
  1664     0574  0876               	movf	?___lmul+3,w
  1665     0575  00EB               	movwf	??_main+3
  1666     0576  300A               	movlw	10
  1667     0577                     u3615:
  1668     0577  1003               	clrc
  1669     0578  0CEB               	rrf	??_main+3,f
  1670     0579  0CEA               	rrf	??_main+2,f
  1671     057A  0CE9               	rrf	??_main+1,f
  1672     057B  0CE8               	rrf	??_main,f
  1673     057C                     u3610:
  1674     057C  3EFF               	addlw	-1
  1675     057D  1D03               	skipz
  1676     057E  2D77               	goto	u3615
  1677     057F  0869               	movf	??_main+1,w
  1678     0580  1683               	bsf	3,5	;RP0=1, select bank1
  1679     0581  1303               	bcf	3,6	;RP1=0, select bank1
  1680     0582  00C5               	movwf	(main@lm35_x10+1)^(0+128)
  1681     0583  1283               	bcf	3,5	;RP0=0, select bank0
  1682     0584  1303               	bcf	3,6	;RP1=0, select bank0
  1683     0585  0868               	movf	??_main,w
  1684     0586  1683               	bsf	3,5	;RP0=1, select bank1
  1685     0587  1303               	bcf	3,6	;RP1=0, select bank1
  1686     0588  00C4               	movwf	main@lm35_x10^(0+128)
  1687     0589                     l3423:
  1688                           
  1689                           ;main.c: 397:             ldr_pct = (unsigned int)(((unsigned long)ldr_raw * 100UL) / 10
      +                          23UL);
  1690     0589  3000               	movlw	0
  1691     058A  1283               	bcf	3,5	;RP0=0, select bank0
  1692     058B  1303               	bcf	3,6	;RP1=0, select bank0
  1693     058C  00A8               	movwf	___lldiv@divisor+3
  1694     058D  3000               	movlw	0
  1695     058E  00A7               	movwf	___lldiv@divisor+2
  1696     058F  3003               	movlw	3
  1697     0590  00A6               	movwf	___lldiv@divisor+1
  1698     0591  30FF               	movlw	255
  1699     0592  00A5               	movwf	___lldiv@divisor
  1700     0593  1683               	bsf	3,5	;RP0=1, select bank1
  1701     0594  1303               	bcf	3,6	;RP1=0, select bank1
  1702     0595  0834               	movf	main@ldr_raw^(0+128),w
  1703     0596  00F3               	movwf	___lmul@multiplier
  1704     0597  0835               	movf	(main@ldr_raw+1)^(0+128),w
  1705     0598  00F4               	movwf	___lmul@multiplier+1
  1706     0599  01F5               	clrf	___lmul@multiplier+2
  1707     059A  01F6               	clrf	___lmul@multiplier+3
  1708     059B  3000               	movlw	0
  1709     059C  00FA               	movwf	___lmul@multiplicand+3
  1710     059D  3000               	movlw	0
  1711     059E  00F9               	movwf	___lmul@multiplicand+2
  1712     059F  3000               	movlw	0
  1713     05A0  00F8               	movwf	___lmul@multiplicand+1
  1714     05A1  3064               	movlw	100
  1715     05A2  00F7               	movwf	___lmul@multiplicand
  1716     05A3  120A  158A  237C  120A  118A  	fcall	___lmul
  1717     05A8  0876               	movf	?___lmul+3,w
  1718     05A9  1283               	bcf	3,5	;RP0=0, select bank0
  1719     05AA  1303               	bcf	3,6	;RP1=0, select bank0
  1720     05AB  00AC               	movwf	___lldiv@dividend+3
  1721     05AC  0875               	movf	?___lmul+2,w
  1722     05AD  00AB               	movwf	___lldiv@dividend+2
  1723     05AE  0874               	movf	?___lmul+1,w
  1724     05AF  00AA               	movwf	___lldiv@dividend+1
  1725     05B0  0873               	movf	?___lmul,w
  1726     05B1  00A9               	movwf	___lldiv@dividend
  1727     05B2  120A  158A  262D  120A  118A  	fcall	___lldiv
  1728     05B7  1283               	bcf	3,5	;RP0=0, select bank0
  1729     05B8  1303               	bcf	3,6	;RP1=0, select bank0
  1730     05B9  0826               	movf	?___lldiv+1,w
  1731     05BA  1683               	bsf	3,5	;RP0=1, select bank1
  1732     05BB  1303               	bcf	3,6	;RP1=0, select bank1
  1733     05BC  00C2               	movwf	(main@ldr_pct+1)^(0+128)
  1734     05BD  1283               	bcf	3,5	;RP0=0, select bank0
  1735     05BE  1303               	bcf	3,6	;RP1=0, select bank0
  1736     05BF  0825               	movf	?___lldiv,w
  1737     05C0  1683               	bsf	3,5	;RP0=1, select bank1
  1738     05C1  1303               	bcf	3,6	;RP1=0, select bank1
  1739     05C2  00C1               	movwf	main@ldr_pct^(0+128)
  1740     05C3                     l3425:
  1741                           
  1742                           ;main.c: 398:             if (ldr_pct > 100) ldr_pct = 100;
  1743     05C3  3000               	movlw	0
  1744     05C4  0242               	subwf	(main@ldr_pct+1)^(0+128),w
  1745     05C5  3065               	movlw	101
  1746     05C6  1903               	skipnz
  1747     05C7  0241               	subwf	main@ldr_pct^(0+128),w
  1748     05C8  1C03               	skipc
  1749     05C9  2DCB               	goto	u3621
  1750     05CA  2DCC               	goto	u3620
  1751     05CB                     u3621:
  1752     05CB  2DD0               	goto	l3429
  1753     05CC                     u3620:
  1754     05CC                     l3427:
  1755     05CC  3064               	movlw	100
  1756     05CD  00C1               	movwf	main@ldr_pct^(0+128)
  1757     05CE  3000               	movlw	0
  1758     05CF  00C2               	movwf	(main@ldr_pct^(0+128)+1)
  1759     05D0                     l3429:
  1760                           
  1761                           ;main.c: 401:             GIE = 0;
  1762     05D0  138B               	bcf	11,7	;volatile
  1763     05D1                     l3431:
  1764                           
  1765                           ;main.c: 402:             unsigned char dht_err = DHT22_Read(&dht_temp_x10, &dht_hum_x10
      +                          );
  1766     05D1  30BA               	movlw	(low (main@dht_temp_x10| 0))& (0+255)
  1767     05D2  00F3               	movwf	DHT22_Read@temp_x10
  1768     05D3  30BF               	movlw	(low (main@dht_hum_x10| 0))& (0+255)
  1769     05D4  00F4               	movwf	DHT22_Read@hum_x10
  1770     05D5  120A  118A  2356  120A  118A  	fcall	_DHT22_Read
  1771     05DA  1683               	bsf	3,5	;RP0=1, select bank1
  1772     05DB  1303               	bcf	3,6	;RP1=0, select bank1
  1773     05DC  00BC               	movwf	main@dht_err^(0+128)
  1774     05DD                     l3433:
  1775                           
  1776                           ;main.c: 403:             GIE = 1;
  1777     05DD  178B               	bsf	11,7	;volatile
  1778     05DE                     l3435:
  1779                           
  1780                           ;main.c: 405:             if (dht_err) {
  1781     05DE  083C               	movf	main@dht_err^(0+128),w
  1782     05DF  1903               	btfsc	3,2
  1783     05E0  2DE2               	goto	u3631
  1784     05E1  2DE3               	goto	u3630
  1785     05E2                     u3631:
  1786     05E2  2DE5               	goto	l3439
  1787     05E3                     u3630:
  1788     05E3                     l3437:
  1789                           
  1790                           ;main.c: 406:                 hum_pct = 0;
  1791     05E3  01C3               	clrf	main@hum_pct^(0+128)
  1792                           
  1793                           ;main.c: 407:             } else {
  1794     05E4  2DFE               	goto	l3445
  1795     05E5                     l3439:
  1796                           
  1797                           ;main.c: 408:                 hum_pct = (unsigned char)(dht_hum_x10 / 10);
  1798     05E5  300A               	movlw	10
  1799     05E6  00F3               	movwf	___lwdiv@divisor
  1800     05E7  3000               	movlw	0
  1801     05E8  00F4               	movwf	___lwdiv@divisor+1
  1802     05E9  0840               	movf	(main@dht_hum_x10+1)^(0+128),w
  1803     05EA  00F6               	movwf	___lwdiv@dividend+1
  1804     05EB  083F               	movf	main@dht_hum_x10^(0+128),w
  1805     05EC  00F5               	movwf	___lwdiv@dividend
  1806     05ED  120A  158A  233A  120A  118A  	fcall	___lwdiv
  1807     05F2  0873               	movf	?___lwdiv,w
  1808     05F3  1683               	bsf	3,5	;RP0=1, select bank1
  1809     05F4  1303               	bcf	3,6	;RP1=0, select bank1
  1810     05F5  00C3               	movwf	main@hum_pct^(0+128)
  1811     05F6                     l3441:
  1812                           
  1813                           ;main.c: 409:                 if (hum_pct > 100) hum_pct = 100;
  1814     05F6  3065               	movlw	101
  1815     05F7  0243               	subwf	main@hum_pct^(0+128),w
  1816     05F8  1C03               	skipc
  1817     05F9  2DFB               	goto	u3641
  1818     05FA  2DFC               	goto	u3640
  1819     05FB                     u3641:
  1820     05FB  2DFE               	goto	l3445
  1821     05FC                     u3640:
  1822     05FC                     l3443:
  1823     05FC  3064               	movlw	100
  1824     05FD  00C3               	movwf	main@hum_pct^(0+128)
  1825     05FE                     l3445:
  1826                           
  1827                           ;main.c: 413:             PORTBbits.RB6 = (unsigned char)((lm35_x10 > 300) ? 1 : 0);
  1828     05FE  3001               	movlw	1
  1829     05FF  0245               	subwf	(main@lm35_x10+1)^(0+128),w
  1830     0600  302D               	movlw	45
  1831     0601  1903               	skipnz
  1832     0602  0244               	subwf	main@lm35_x10^(0+128),w
  1833     0603  1803               	skipnc
  1834     0604  2E06               	goto	u3651
  1835     0605  2E0A               	goto	u3650
  1836     0606                     u3651:
  1837     0606  1283               	bcf	3,5	;RP0=0, select bank0
  1838     0607  1303               	bcf	3,6	;RP1=0, select bank0
  1839     0608  1706               	bsf	6,6	;volatile
  1840     0609  2E0D               	goto	u3664
  1841     060A                     u3650:
  1842     060A  1283               	bcf	3,5	;RP0=0, select bank0
  1843     060B  1303               	bcf	3,6	;RP1=0, select bank0
  1844     060C  1306               	bcf	6,6	;volatile
  1845     060D                     u3664:
  1846     060D                     l3447:
  1847                           
  1848                           ;main.c: 416:             LCD_Goto(0, 0);
  1849     060D  01A4               	clrf	LCD_Goto@col
  1850     060E  3000               	movlw	0
  1851     060F  120A  158A  20AA  120A  118A  	fcall	_LCD_Goto
  1852     0614                     l3449:
  1853                           
  1854                           ;main.c: 417:             sprintf(lcd_buffer, "%02u:%02u:%02u T:%u.%uC", rtc_hr, rtc_min
      +                          , rtc_sec, lm35_x10 / 10, lm35_x10 % 10);
  1855     0614  300A               	movlw	10
  1856     0615  00F3               	movwf	___lwdiv@divisor
  1857     0616  3000               	movlw	0
  1858     0617  00F4               	movwf	___lwdiv@divisor+1
  1859     0618  1683               	bsf	3,5	;RP0=1, select bank1
  1860     0619  1303               	bcf	3,6	;RP1=0, select bank1
  1861     061A  0845               	movf	(main@lm35_x10+1)^(0+128),w
  1862     061B  00F6               	movwf	___lwdiv@dividend+1
  1863     061C  0844               	movf	main@lm35_x10^(0+128),w
  1864     061D  00F5               	movwf	___lwdiv@dividend
  1865     061E  120A  158A  233A  120A  118A  	fcall	___lwdiv
  1866     0623  0874               	movf	?___lwdiv+1,w
  1867     0624  1683               	bsf	3,5	;RP0=1, select bank1
  1868     0625  1303               	bcf	3,6	;RP1=0, select bank1
  1869     0626  00B7               	movwf	(_main$1362+1)^(0+128)
  1870     0627  0873               	movf	?___lwdiv,w
  1871     0628  00B6               	movwf	_main$1362^(0+128)
  1872     0629                     l3451:
  1873                           
  1874                           ;main.c: 417:             sprintf(lcd_buffer, "%02u:%02u:%02u T:%u.%uC", rtc_hr, rtc_min
      +                          , rtc_sec, lm35_x10 / 10, lm35_x10 % 10);
  1875     0629  300A               	movlw	10
  1876     062A  00F3               	movwf	___lwmod@divisor
  1877     062B  3000               	movlw	0
  1878     062C  00F4               	movwf	___lwmod@divisor+1
  1879     062D  0845               	movf	(main@lm35_x10+1)^(0+128),w
  1880     062E  00F6               	movwf	___lwmod@dividend+1
  1881     062F  0844               	movf	main@lm35_x10^(0+128),w
  1882     0630  00F5               	movwf	___lwmod@dividend
  1883     0631  120A  158A  22C6  120A  118A  	fcall	___lwmod
  1884     0636  0874               	movf	?___lwmod+1,w
  1885     0637  1683               	bsf	3,5	;RP0=1, select bank1
  1886     0638  1303               	bcf	3,6	;RP1=0, select bank1
  1887     0639  00B9               	movwf	(_main$1363+1)^(0+128)
  1888     063A  0873               	movf	?___lwmod,w
  1889     063B  00B8               	movwf	_main$1363^(0+128)
  1890     063C                     l3453:
  1891                           
  1892                           ;main.c: 417:             sprintf(lcd_buffer, "%02u:%02u:%02u T:%u.%uC", rtc_hr, rtc_min
      +                          , rtc_sec, lm35_x10 / 10, lm35_x10 % 10);
  1893     063C  30A0               	movlw	(low (main@lcd_buffer| 0))& (0+255)
  1894     063D  1283               	bcf	3,5	;RP0=0, select bank0
  1895     063E  1303               	bcf	3,6	;RP1=0, select bank0
  1896     063F  00CF               	movwf	sprintf@s
  1897     0640  3039               	movlw	(low ((STR_4-__stringbase)| (0+32768)))& (0+255)
  1898     0641  00D0               	movwf	sprintf@fmt
  1899     0642  1683               	bsf	3,5	;RP0=1, select bank1
  1900     0643  1303               	bcf	3,6	;RP1=0, select bank1
  1901     0644  0855               	movf	_rtc_hr^(0+128),w
  1902     0645  1283               	bcf	3,5	;RP0=0, select bank0
  1903     0646  1303               	bcf	3,6	;RP1=0, select bank0
  1904     0647  00E8               	movwf	??_main
  1905     0648  01E9               	clrf	??_main+1
  1906     0649  0868               	movf	??_main,w
  1907     064A  00D1               	movwf	?_sprintf+2
  1908     064B  0869               	movf	??_main+1,w
  1909     064C  00D2               	movwf	?_sprintf+3
  1910     064D  1683               	bsf	3,5	;RP0=1, select bank1
  1911     064E  1303               	bcf	3,6	;RP1=0, select bank1
  1912     064F  0856               	movf	_rtc_min^(0+128),w
  1913     0650  1283               	bcf	3,5	;RP0=0, select bank0
  1914     0651  1303               	bcf	3,6	;RP1=0, select bank0
  1915     0652  00EA               	movwf	??_main+2
  1916     0653  01EB               	clrf	??_main+3
  1917     0654  086A               	movf	??_main+2,w
  1918     0655  00D3               	movwf	?_sprintf+4
  1919     0656  086B               	movf	??_main+3,w
  1920     0657  00D4               	movwf	?_sprintf+5
  1921     0658  1683               	bsf	3,5	;RP0=1, select bank1
  1922     0659  1303               	bcf	3,6	;RP1=0, select bank1
  1923     065A  0851               	movf	_rtc_sec^(0+128),w
  1924     065B  1283               	bcf	3,5	;RP0=0, select bank0
  1925     065C  1303               	bcf	3,6	;RP1=0, select bank0
  1926     065D  00EC               	movwf	??_main+4
  1927     065E  01ED               	clrf	??_main+5
  1928     065F  086C               	movf	??_main+4,w
  1929     0660  00D5               	movwf	?_sprintf+6
  1930     0661  086D               	movf	??_main+5,w
  1931     0662  00D6               	movwf	?_sprintf+7
  1932     0663  1683               	bsf	3,5	;RP0=1, select bank1
  1933     0664  1303               	bcf	3,6	;RP1=0, select bank1
  1934     0665  0837               	movf	(_main$1362+1)^(0+128),w
  1935     0666  1283               	bcf	3,5	;RP0=0, select bank0
  1936     0667  1303               	bcf	3,6	;RP1=0, select bank0
  1937     0668  00D8               	movwf	?_sprintf+9
  1938     0669  1683               	bsf	3,5	;RP0=1, select bank1
  1939     066A  1303               	bcf	3,6	;RP1=0, select bank1
  1940     066B  0836               	movf	_main$1362^(0+128),w
  1941     066C  1283               	bcf	3,5	;RP0=0, select bank0
  1942     066D  1303               	bcf	3,6	;RP1=0, select bank0
  1943     066E  00D7               	movwf	?_sprintf+8
  1944     066F  1683               	bsf	3,5	;RP0=1, select bank1
  1945     0670  1303               	bcf	3,6	;RP1=0, select bank1
  1946     0671  0839               	movf	(_main$1363+1)^(0+128),w
  1947     0672  1283               	bcf	3,5	;RP0=0, select bank0
  1948     0673  1303               	bcf	3,6	;RP1=0, select bank0
  1949     0674  00DA               	movwf	?_sprintf+11
  1950     0675  1683               	bsf	3,5	;RP0=1, select bank1
  1951     0676  1303               	bcf	3,6	;RP1=0, select bank1
  1952     0677  0838               	movf	_main$1363^(0+128),w
  1953     0678  1283               	bcf	3,5	;RP0=0, select bank0
  1954     0679  1303               	bcf	3,6	;RP1=0, select bank0
  1955     067A  00D9               	movwf	?_sprintf+10
  1956     067B  120A  158A  21A2  120A  118A  	fcall	_sprintf
  1957     0680                     l3455:
  1958                           
  1959                           ;main.c: 418:             LCD_Print(lcd_buffer);
  1960     0680  30A0               	movlw	(low (main@lcd_buffer| 0))& (0+255)
  1961     0681  1283               	bcf	3,5	;RP0=0, select bank0
  1962     0682  1303               	bcf	3,6	;RP1=0, select bank0
  1963     0683  00A4               	movwf	LCD_Print@s
  1964     0684  3000               	movlw	0
  1965     0685  00A5               	movwf	LCD_Print@s+1
  1966     0686  120A  118A  20A8  120A  118A  	fcall	_LCD_Print
  1967     068B                     l3457:
  1968                           
  1969                           ;main.c: 420:             LCD_Goto(1, 0);
  1970     068B  1283               	bcf	3,5	;RP0=0, select bank0
  1971     068C  1303               	bcf	3,6	;RP1=0, select bank0
  1972     068D  01A4               	clrf	LCD_Goto@col
  1973     068E  3001               	movlw	1
  1974     068F  120A  158A  20AA  120A  118A  	fcall	_LCD_Goto
  1975     0694                     l3459:
  1976                           
  1977                           ;main.c: 421:             sprintf(lcd_buffer, "H:%u%% L:%u%% A:%u   ", hum_pct, ldr_pct,
      +                           PORTBbits.RB6);
  1978     0694  30A0               	movlw	(low (main@lcd_buffer| 0))& (0+255)
  1979     0695  1283               	bcf	3,5	;RP0=0, select bank0
  1980     0696  1303               	bcf	3,6	;RP1=0, select bank0
  1981     0697  00CF               	movwf	sprintf@s
  1982     0698  3051               	movlw	(low ((STR_5-__stringbase)| (0+32768)))& (0+255)
  1983     0699  00D0               	movwf	sprintf@fmt
  1984     069A  1683               	bsf	3,5	;RP0=1, select bank1
  1985     069B  1303               	bcf	3,6	;RP1=0, select bank1
  1986     069C  0843               	movf	main@hum_pct^(0+128),w
  1987     069D  1283               	bcf	3,5	;RP0=0, select bank0
  1988     069E  1303               	bcf	3,6	;RP1=0, select bank0
  1989     069F  00E8               	movwf	??_main
  1990     06A0  01E9               	clrf	??_main+1
  1991     06A1  0868               	movf	??_main,w
  1992     06A2  00D1               	movwf	?_sprintf+2
  1993     06A3  0869               	movf	??_main+1,w
  1994     06A4  00D2               	movwf	?_sprintf+3
  1995     06A5  1683               	bsf	3,5	;RP0=1, select bank1
  1996     06A6  1303               	bcf	3,6	;RP1=0, select bank1
  1997     06A7  0842               	movf	(main@ldr_pct+1)^(0+128),w
  1998     06A8  1283               	bcf	3,5	;RP0=0, select bank0
  1999     06A9  1303               	bcf	3,6	;RP1=0, select bank0
  2000     06AA  00D4               	movwf	?_sprintf+5
  2001     06AB  1683               	bsf	3,5	;RP0=1, select bank1
  2002     06AC  1303               	bcf	3,6	;RP1=0, select bank1
  2003     06AD  0841               	movf	main@ldr_pct^(0+128),w
  2004     06AE  1283               	bcf	3,5	;RP0=0, select bank0
  2005     06AF  1303               	bcf	3,6	;RP1=0, select bank0
  2006     06B0  00D3               	movwf	?_sprintf+4
  2007     06B1  0E06               	swapf	6,w	;volatile
  2008     06B2  00EA               	movwf	??_main+2
  2009     06B3  0CEA               	rrf	??_main+2,f
  2010     06B4  0C6A               	rrf	??_main+2,w
  2011     06B5  3901               	andlw	1
  2012     06B6  00EB               	movwf	??_main+3
  2013     06B7  01EC               	clrf	??_main+4
  2014     06B8  086B               	movf	??_main+3,w
  2015     06B9  00D5               	movwf	?_sprintf+6
  2016     06BA  086C               	movf	??_main+4,w
  2017     06BB  00D6               	movwf	?_sprintf+7
  2018     06BC  120A  158A  21A2  120A  118A  	fcall	_sprintf
  2019     06C1                     l3461:
  2020                           
  2021                           ;main.c: 422:             LCD_Print(lcd_buffer);
  2022     06C1  30A0               	movlw	(low (main@lcd_buffer| 0))& (0+255)
  2023     06C2  1283               	bcf	3,5	;RP0=0, select bank0
  2024     06C3  1303               	bcf	3,6	;RP1=0, select bank0
  2025     06C4  00A4               	movwf	LCD_Print@s
  2026     06C5  3000               	movlw	0
  2027     06C6  00A5               	movwf	LCD_Print@s+1
  2028     06C7  120A  118A  20A8  120A  118A  	fcall	_LCD_Print
  2029     06CC                     l3463:
  2030                           
  2031                           ;main.c: 425:             UART_Num2(rtc_hr); UART_Write(':'); UART_Num2(rtc_min); UART_W
      +                          rite(':'); UART_Num2(rtc_sec); UART_Write(',');
  2032     06CC  1683               	bsf	3,5	;RP0=1, select bank1
  2033     06CD  1303               	bcf	3,6	;RP1=0, select bank1
  2034     06CE  0855               	movf	_rtc_hr^(0+128),w
  2035     06CF  120A  158A  22FE  120A  118A  	fcall	_UART_Num2
  2036     06D4                     l3465:
  2037     06D4  303A               	movlw	58
  2038     06D5  120A  158A  2012  120A  118A  	fcall	_UART_Write
  2039     06DA                     l3467:
  2040     06DA  1683               	bsf	3,5	;RP0=1, select bank1
  2041     06DB  1303               	bcf	3,6	;RP1=0, select bank1
  2042     06DC  0856               	movf	_rtc_min^(0+128),w
  2043     06DD  120A  158A  22FE  120A  118A  	fcall	_UART_Num2
  2044     06E2                     l3469:
  2045     06E2  303A               	movlw	58
  2046     06E3  120A  158A  2012  120A  118A  	fcall	_UART_Write
  2047     06E8                     l3471:
  2048     06E8  1683               	bsf	3,5	;RP0=1, select bank1
  2049     06E9  1303               	bcf	3,6	;RP1=0, select bank1
  2050     06EA  0851               	movf	_rtc_sec^(0+128),w
  2051     06EB  120A  158A  22FE  120A  118A  	fcall	_UART_Num2
  2052     06F0                     l3473:
  2053     06F0  302C               	movlw	44
  2054     06F1  120A  158A  2012  120A  118A  	fcall	_UART_Write
  2055     06F6                     l3475:
  2056                           
  2057                           ;main.c: 426:             UART_Num2(rtc_date); UART_Write('/'); UART_Num2(rtc_mon); UART
      +                          _Write('/'); UART_Num2(yr); UART_Write(',');
  2058     06F6  1683               	bsf	3,5	;RP0=1, select bank1
  2059     06F7  1303               	bcf	3,6	;RP1=0, select bank1
  2060     06F8  0854               	movf	_rtc_date^(0+128),w
  2061     06F9  120A  158A  22FE  120A  118A  	fcall	_UART_Num2
  2062     06FE                     l3477:
  2063     06FE  302F               	movlw	47
  2064     06FF  120A  158A  2012  120A  118A  	fcall	_UART_Write
  2065     0704                     l3479:
  2066     0704  1683               	bsf	3,5	;RP0=1, select bank1
  2067     0705  1303               	bcf	3,6	;RP1=0, select bank1
  2068     0706  0853               	movf	_rtc_mon^(0+128),w
  2069     0707  120A  158A  22FE  120A  118A  	fcall	_UART_Num2
  2070     070C                     l3481:
  2071     070C  302F               	movlw	47
  2072     070D  120A  158A  2012  120A  118A  	fcall	_UART_Write
  2073     0712                     l3483:
  2074     0712  1683               	bsf	3,5	;RP0=1, select bank1
  2075     0713  1303               	bcf	3,6	;RP1=0, select bank1
  2076     0714  0831               	movf	main@yr^(0+128),w
  2077     0715  120A  158A  22FE  120A  118A  	fcall	_UART_Num2
  2078     071A                     l3485:
  2079     071A  302C               	movlw	44
  2080     071B  120A  158A  2012  120A  118A  	fcall	_UART_Write
  2081     0720                     l3487:
  2082                           
  2083                           ;main.c: 427:             UART_NumFrac(lm35_x10, 10); UART_Write(',');
  2084     0720  1683               	bsf	3,5	;RP0=1, select bank1
  2085     0721  1303               	bcf	3,6	;RP1=0, select bank1
  2086     0722  0845               	movf	(main@lm35_x10+1)^(0+128),w
  2087     0723  1283               	bcf	3,5	;RP0=0, select bank0
  2088     0724  1303               	bcf	3,6	;RP1=0, select bank0
  2089     0725  00A9               	movwf	UART_NumFrac@n+1
  2090     0726  1683               	bsf	3,5	;RP0=1, select bank1
  2091     0727  1303               	bcf	3,6	;RP1=0, select bank1
  2092     0728  0844               	movf	main@lm35_x10^(0+128),w
  2093     0729  1283               	bcf	3,5	;RP0=0, select bank0
  2094     072A  1303               	bcf	3,6	;RP1=0, select bank0
  2095     072B  00A8               	movwf	UART_NumFrac@n
  2096     072C  300A               	movlw	10
  2097     072D  00AA               	movwf	UART_NumFrac@den
  2098     072E  120A  158A  23C4  120A  118A  	fcall	_UART_NumFrac
  2099     0733                     l3489:
  2100     0733  302C               	movlw	44
  2101     0734  120A  158A  2012  120A  118A  	fcall	_UART_Write
  2102     0739                     l3491:
  2103                           
  2104                           ;main.c: 428:             UART_Num(hum_pct); UART_Write(','); UART_Num(ldr_pct); UART_Wr
      +                          ite(','); UART_Num(PORTBbits.RB6); UART_Print("\r\n");
  2105     0739  1683               	bsf	3,5	;RP0=1, select bank1
  2106     073A  1303               	bcf	3,6	;RP1=0, select bank1
  2107     073B  0843               	movf	main@hum_pct^(0+128),w
  2108     073C  1283               	bcf	3,5	;RP0=0, select bank0
  2109     073D  1303               	bcf	3,6	;RP1=0, select bank0
  2110     073E  00E8               	movwf	??_main
  2111     073F  01E9               	clrf	??_main+1
  2112     0740  0868               	movf	??_main,w
  2113     0741  00A0               	movwf	UART_Num@n
  2114     0742  0869               	movf	??_main+1,w
  2115     0743  00A1               	movwf	UART_Num@n+1
  2116     0744  120A  158A  2460  120A  118A  	fcall	_UART_Num
  2117     0749                     l3493:
  2118     0749  302C               	movlw	44
  2119     074A  120A  158A  2012  120A  118A  	fcall	_UART_Write
  2120     074F                     l3495:
  2121     074F  1683               	bsf	3,5	;RP0=1, select bank1
  2122     0750  1303               	bcf	3,6	;RP1=0, select bank1
  2123     0751  0842               	movf	(main@ldr_pct+1)^(0+128),w
  2124     0752  1283               	bcf	3,5	;RP0=0, select bank0
  2125     0753  1303               	bcf	3,6	;RP1=0, select bank0
  2126     0754  00A1               	movwf	UART_Num@n+1
  2127     0755  1683               	bsf	3,5	;RP0=1, select bank1
  2128     0756  1303               	bcf	3,6	;RP1=0, select bank1
  2129     0757  0841               	movf	main@ldr_pct^(0+128),w
  2130     0758  1283               	bcf	3,5	;RP0=0, select bank0
  2131     0759  1303               	bcf	3,6	;RP1=0, select bank0
  2132     075A  00A0               	movwf	UART_Num@n
  2133     075B  120A  158A  2460  120A  118A  	fcall	_UART_Num
  2134     0760                     l3497:
  2135     0760  302C               	movlw	44
  2136     0761  120A  158A  2012  120A  118A  	fcall	_UART_Write
  2137     0766                     l3499:
  2138     0766  1283               	bcf	3,5	;RP0=0, select bank0
  2139     0767  1303               	bcf	3,6	;RP1=0, select bank0
  2140     0768  0E06               	swapf	6,w	;volatile
  2141     0769  00E8               	movwf	??_main
  2142     076A  0CE8               	rrf	??_main,f
  2143     076B  0C68               	rrf	??_main,w
  2144     076C  3901               	andlw	1
  2145     076D  00E9               	movwf	??_main+1
  2146     076E  01EA               	clrf	??_main+2
  2147     076F  0869               	movf	??_main+1,w
  2148     0770  00A0               	movwf	UART_Num@n
  2149     0771  086A               	movf	??_main+2,w
  2150     0772  00A1               	movwf	UART_Num@n+1
  2151     0773  120A  158A  2460  120A  118A  	fcall	_UART_Num
  2152     0778                     l3501:
  2153     0778  3036               	movlw	(low (((STR_3+53)-__stringbase)| (0+32768)))& (0+255)
  2154     0779  00F4               	movwf	UART_Print@s
  2155     077A  120A  158A  20C3  120A  118A  	fcall	_UART_Print
  2156     077F                     l3503:
  2157                           
  2158                           ;main.c: 431:             SRAM_SaveSample(rtc_hr, rtc_min, rtc_sec,
  2159     077F  1683               	bsf	3,5	;RP0=1, select bank1
  2160     0780  1303               	bcf	3,6	;RP1=0, select bank1
  2161     0781  0856               	movf	_rtc_min^(0+128),w
  2162     0782  1283               	bcf	3,5	;RP0=0, select bank0
  2163     0783  1303               	bcf	3,6	;RP1=0, select bank0
  2164     0784  00A0               	movwf	SRAM_SaveSample@min
  2165     0785  1683               	bsf	3,5	;RP0=1, select bank1
  2166     0786  1303               	bcf	3,6	;RP1=0, select bank1
  2167     0787  0851               	movf	_rtc_sec^(0+128),w
  2168     0788  1283               	bcf	3,5	;RP0=0, select bank0
  2169     0789  1303               	bcf	3,6	;RP1=0, select bank0
  2170     078A  00A1               	movwf	SRAM_SaveSample@sec
  2171     078B  1683               	bsf	3,5	;RP0=1, select bank1
  2172     078C  1303               	bcf	3,6	;RP1=0, select bank1
  2173     078D  0854               	movf	_rtc_date^(0+128),w
  2174     078E  1283               	bcf	3,5	;RP0=0, select bank0
  2175     078F  1303               	bcf	3,6	;RP1=0, select bank0
  2176     0790  00A2               	movwf	SRAM_SaveSample@date
  2177     0791  1683               	bsf	3,5	;RP0=1, select bank1
  2178     0792  1303               	bcf	3,6	;RP1=0, select bank1
  2179     0793  0853               	movf	_rtc_mon^(0+128),w
  2180     0794  1283               	bcf	3,5	;RP0=0, select bank0
  2181     0795  1303               	bcf	3,6	;RP1=0, select bank0
  2182     0796  00A3               	movwf	SRAM_SaveSample@mon
  2183     0797  1683               	bsf	3,5	;RP0=1, select bank1
  2184     0798  1303               	bcf	3,6	;RP1=0, select bank1
  2185     0799  0852               	movf	_rtc_yr^(0+128),w
  2186     079A  1283               	bcf	3,5	;RP0=0, select bank0
  2187     079B  1303               	bcf	3,6	;RP1=0, select bank0
  2188     079C  00A4               	movwf	SRAM_SaveSample@yr
  2189     079D  1683               	bsf	3,5	;RP0=1, select bank1
  2190     079E  1303               	bcf	3,6	;RP1=0, select bank1
  2191     079F  0845               	movf	(main@lm35_x10+1)^(0+128),w
  2192     07A0  1283               	bcf	3,5	;RP0=0, select bank0
  2193     07A1  1303               	bcf	3,6	;RP1=0, select bank0
  2194     07A2  00A6               	movwf	SRAM_SaveSample@temp_x10+1
  2195     07A3  1683               	bsf	3,5	;RP0=1, select bank1
  2196     07A4  1303               	bcf	3,6	;RP1=0, select bank1
  2197     07A5  0844               	movf	main@lm35_x10^(0+128),w
  2198     07A6  1283               	bcf	3,5	;RP0=0, select bank0
  2199     07A7  1303               	bcf	3,6	;RP1=0, select bank0
  2200     07A8  00A5               	movwf	SRAM_SaveSample@temp_x10
  2201     07A9  1683               	bsf	3,5	;RP0=1, select bank1
  2202     07AA  1303               	bcf	3,6	;RP1=0, select bank1
  2203     07AB  0843               	movf	main@hum_pct^(0+128),w
  2204     07AC  1283               	bcf	3,5	;RP0=0, select bank0
  2205     07AD  1303               	bcf	3,6	;RP1=0, select bank0
  2206     07AE  00A7               	movwf	SRAM_SaveSample@hum
  2207     07AF  1683               	bsf	3,5	;RP0=1, select bank1
  2208     07B0  1303               	bcf	3,6	;RP1=0, select bank1
  2209     07B1  0841               	movf	main@ldr_pct^(0+128),w
  2210     07B2  1283               	bcf	3,5	;RP0=0, select bank0
  2211     07B3  1303               	bcf	3,6	;RP1=0, select bank0
  2212     07B4  00A8               	movwf	SRAM_SaveSample@light
  2213     07B5  3000               	movlw	0
  2214     07B6  1B06               	btfsc	6,6	;volatile
  2215     07B7  3001               	movlw	1
  2216     07B8  00A9               	movwf	SRAM_SaveSample@alert
  2217     07B9  1683               	bsf	3,5	;RP0=1, select bank1
  2218     07BA  1303               	bcf	3,6	;RP1=0, select bank1
  2219     07BB  0855               	movf	_rtc_hr^(0+128),w
  2220     07BC  120A  118A  2250  120A  118A  	fcall	_SRAM_SaveSample
  2221     07C1  2D34               	goto	l3411
  2222     07C2  120A  118A  280C   	ljmp	start
  2223     07C5                     __end_of_main:
  2224                           
  2225                           	psect	text1
  2226     09A2                     __ptext1:	
  2227 ;; *************** function _sprintf *****************
  2228 ;; Defined at:
  2229 ;;		line 9 in file "C:\Program Files\Microchip\xc8\v3.10\pic\sources\c99\common\nf_sprintf.c"
  2230 ;; Parameters:    Size  Location     Type
  2231 ;;  s               1   47[BANK0 ] PTR unsigned char 
  2232 ;;		 -> main@lcd_buffer(17), 
  2233 ;;  fmt             1   48[BANK0 ] PTR const unsigned char 
  2234 ;;		 -> STR_5(22), STR_4(24), 
  2235 ;; Auto vars:     Size  Location     Type
  2236 ;;  f              11   61[BANK0 ] struct _IO_FILE
  2237 ;;  ret             2    0        int 
  2238 ;;  ap              1   60[BANK0 ] PTR void [1]
  2239 ;;		 -> ?_sprintf(2), 
  2240 ;; Return value:  Size  Location     Type
  2241 ;;                  2   47[BANK0 ] int 
  2242 ;; Registers used:
  2243 ;;		wreg, fsr0l, fsr0h, status,2, status,0, pclath, btemp1, cstack
  2244 ;; Tracked objects:
  2245 ;;		On entry : 0/0
  2246 ;;		On exit  : 0/0
  2247 ;;		Unchanged: 0/0
  2248 ;; Data sizes:     COMMON   BANK0   BANK1   BANK3   BANK2
  2249 ;;      Params:         0      12       0       0       0
  2250 ;;      Locals:         0      12       0       0       0
  2251 ;;      Temps:          0       1       0       0       0
  2252 ;;      Totals:         0      25       0       0       0
  2253 ;;Total ram usage:       25 bytes
  2254 ;; Hardware stack levels used: 1
  2255 ;; Hardware stack levels required when called: 7
  2256 ;; This function calls:
  2257 ;;		_vfprintf
  2258 ;; This function is called by:
  2259 ;;		_main
  2260 ;; This function uses a non-reentrant model
  2261 ;;
  2262                           
  2263     09A2                     _sprintf:	
  2264                           ;psect for function _sprintf
  2265                           
  2266     09A2                     l3303:	
  2267                           ;incstack = 0
  2268                           ; Regs used in _sprintf: [wreg-fsr0h+status,2+status,0+pclath+btemp1+cstack]
  2269                           
  2270     09A2  3051               	movlw	(low ((?_sprintf| 0+2)))& (0+255)
  2271     09A3  1283               	bcf	3,5	;RP0=0, select bank0
  2272     09A4  1303               	bcf	3,6	;RP1=0, select bank0
  2273     09A5  00DC               	movwf	sprintf@ap
  2274     09A6                     l3305:
  2275     09A6  084F               	movf	sprintf@s,w
  2276     09A7  00DD               	movwf	sprintf@f
  2277     09A8  3000               	movlw	0
  2278     09A9  00DE               	movwf	sprintf@f+1
  2279     09AA                     l3307:
  2280     09AA  01DF               	clrf	sprintf@f+2
  2281     09AB  01E0               	clrf	sprintf@f+3
  2282     09AC                     l3309:
  2283     09AC  01E6               	clrf	sprintf@f+9
  2284     09AD  01E7               	clrf	sprintf@f+10
  2285     09AE                     l3311:
  2286     09AE  305D               	movlw	low sprintf@f
  2287     09AF  00CA               	movwf	vfprintf@fp
  2288     09B0  3000               	movlw	high sprintf@f
  2289     09B1  00CB               	movwf	vfprintf@fp+1
  2290     09B2  0850               	movf	sprintf@fmt,w
  2291     09B3  00CC               	movwf	vfprintf@fmt
  2292     09B4  305C               	movlw	(low (sprintf@ap| 0))& (0+255)
  2293     09B5  00CD               	movwf	vfprintf@ap
  2294     09B6  120A  158A  217F  120A  158A  	fcall	_vfprintf
  2295     09BB                     l3313:
  2296     09BB  1283               	bcf	3,5	;RP0=0, select bank0
  2297     09BC  1303               	bcf	3,6	;RP1=0, select bank0
  2298     09BD  085F               	movf	sprintf@f+2,w
  2299     09BE  074F               	addwf	sprintf@s,w
  2300     09BF  00DB               	movwf	??_sprintf
  2301     09C0  085B               	movf	??_sprintf,w
  2302     09C1  0084               	movwf	4
  2303     09C2  1383               	bcf	3,7	;select IRP bank0
  2304     09C3  0180               	clrf	0
  2305     09C4                     l870:
  2306     09C4  0008               	return
  2307     09C5                     __end_of_sprintf:
  2308                           
  2309                           	psect	text2
  2310     097F                     __ptext2:	
  2311 ;; *************** function _vfprintf *****************
  2312 ;; Defined at:
  2313 ;;		line 1817 in file "C:\Program Files\Microchip\xc8\v3.10\pic\sources\c99\common\doprnt.c"
  2314 ;; Parameters:    Size  Location     Type
  2315 ;;  fp              2   42[BANK0 ] PTR struct _IO_FILE
  2316 ;;		 -> sprintf@f(11), 
  2317 ;;  fmt             1   44[BANK0 ] PTR const unsigned char 
  2318 ;;		 -> STR_5(22), STR_4(24), 
  2319 ;;  ap              1   45[BANK0 ] PTR PTR void 
  2320 ;;		 -> sprintf@ap(1), 
  2321 ;; Auto vars:     Size  Location     Type
  2322 ;;  cfmt            1   46[BANK0 ] PTR unsigned char 
  2323 ;;		 -> STR_5(22), STR_4(24), 
  2324 ;; Return value:  Size  Location     Type
  2325 ;;                  2   42[BANK0 ] int 
  2326 ;; Registers used:
  2327 ;;		wreg, fsr0l, fsr0h, status,2, status,0, pclath, btemp1, cstack
  2328 ;; Tracked objects:
  2329 ;;		On entry : 0/0
  2330 ;;		On exit  : 0/0
  2331 ;;		Unchanged: 0/0
  2332 ;; Data sizes:     COMMON   BANK0   BANK1   BANK3   BANK2
  2333 ;;      Params:         0       4       0       0       0
  2334 ;;      Locals:         0       1       0       0       0
  2335 ;;      Temps:          0       0       0       0       0
  2336 ;;      Totals:         0       5       0       0       0
  2337 ;;Total ram usage:        5 bytes
  2338 ;; Hardware stack levels used: 1
  2339 ;; Hardware stack levels required when called: 6
  2340 ;; This function calls:
  2341 ;;		_vfpfcnvrt
  2342 ;; This function is called by:
  2343 ;;		_sprintf
  2344 ;; This function uses a non-reentrant model
  2345 ;;
  2346                           
  2347     097F                     _vfprintf:	
  2348                           ;psect for function _vfprintf
  2349                           
  2350     097F                     l3185:	
  2351                           ;incstack = 0
  2352 ;; using string table level
  2353                           ; Regs used in _vfprintf: [wreg-fsr0h+status,2+status,0+pclath+btemp1+cstack]
  2354                           
  2355                           
  2356                           ;C:\Program Files\Microchip\xc8\v3.10\pic\sources\c99\common\doprnt.c: 1817: int vfprint
      +                          f(FILE *fp, const char *fmt, va_list ap);C:\Program Files\Microchip\xc8\v3.10\pic\source
      +                          s\c99\common\doprnt.c: 1818: {;C:\Program Files\Microchip\xc8\v3.10\pic\sources\c99\comm
      +                          on\doprnt.c: 1820:     char *cfmt;;C:\Program Files\Microchip\xc8\v3.10\pic\sources\c99\
      +                          common\doprnt.c: 1822:     cfmt = (char *)fmt;
  2357     097F  1283               	bcf	3,5	;RP0=0, select bank0
  2358     0980  1303               	bcf	3,6	;RP1=0, select bank0
  2359     0981  084C               	movf	vfprintf@fmt,w
  2360     0982  00CE               	movwf	vfprintf@cfmt
  2361                           
  2362                           ;C:\Program Files\Microchip\xc8\v3.10\pic\sources\c99\common\doprnt.c: 1826:     while (
      +                          *cfmt) {
  2363     0983  2991               	goto	l3189
  2364     0984                     l3187:
  2365                           
  2366                           ;C:\Program Files\Microchip\xc8\v3.10\pic\sources\c99\common\doprnt.c: 1830:    vfpfcnvr
      +                          t(fp, &cfmt, ap);
  2367     0984  084A               	movf	vfprintf@fp,w
  2368     0985  00BE               	movwf	vfpfcnvrt@fp
  2369     0986  084B               	movf	vfprintf@fp+1,w
  2370     0987  00BF               	movwf	vfpfcnvrt@fp+1
  2371     0988  304E               	movlw	(low (vfprintf@cfmt| 0))& (0+255)
  2372     0989  00C0               	movwf	vfpfcnvrt@fmt
  2373     098A  084D               	movf	vfprintf@ap,w
  2374     098B  00C1               	movwf	vfpfcnvrt@ap
  2375     098C  120A  118A  2170  120A  158A  	fcall	_vfpfcnvrt
  2376     0991                     l3189:
  2377                           
  2378                           ;C:\Program Files\Microchip\xc8\v3.10\pic\sources\c99\common\doprnt.c: 1826:     while (
      +                          *cfmt) {
  2379     0991  1283               	bcf	3,5	;RP0=0, select bank0
  2380     0992  1303               	bcf	3,6	;RP1=0, select bank0
  2381     0993  084E               	movf	vfprintf@cfmt,w
  2382     0994  0084               	movwf	4
  2383     0995  120A  118A  2019  120A  158A  	fcall	stringdir
  2384     099A  3A00               	xorlw	0
  2385     099B  1D03               	skipz
  2386     099C  299E               	goto	u3431
  2387     099D  299F               	goto	u3430
  2388     099E                     u3431:
  2389     099E  2984               	goto	l3187
  2390     099F                     u3430:
  2391     099F                     l3191:
  2392                           
  2393                           ;C:\Program Files\Microchip\xc8\v3.10\pic\sources\c99\common\doprnt.c: 1835:  return 0;
  2394     099F  01CA               	clrf	?_vfprintf
  2395     09A0  01CB               	clrf	?_vfprintf+1
  2396     09A1                     l936:
  2397     09A1  0008               	return
  2398     09A2                     __end_of_vfprintf:
  2399                           
  2400                           	psect	text3
  2401     0170                     __ptext3:	
  2402 ;; *************** function _vfpfcnvrt *****************
  2403 ;; Defined at:
  2404 ;;		line 1177 in file "C:\Program Files\Microchip\xc8\v3.10\pic\sources\c99\common\doprnt.c"
  2405 ;; Parameters:    Size  Location     Type
  2406 ;;  fp              2   30[BANK0 ] PTR struct _IO_FILE
  2407 ;;		 -> sprintf@f(11), 
  2408 ;;  fmt             1   32[BANK0 ] PTR PTR unsigned char 
  2409 ;;		 -> vfprintf@cfmt(1), 
  2410 ;;  ap              1   33[BANK0 ] PTR PTR void 
  2411 ;;		 -> sprintf@ap(1), 
  2412 ;; Auto vars:     Size  Location     Type
  2413 ;;  convarg         4   36[BANK0 ] struct .
  2414 ;;  cp              1   41[BANK0 ] PTR unsigned char 
  2415 ;;		 -> STR_5(22), STR_4(24), 
  2416 ;;  done            1   40[BANK0 ] _Bool 
  2417 ;;  c               1    0        unsigned char 
  2418 ;; Return value:  Size  Location     Type
  2419 ;;                  1    wreg      void 
  2420 ;; Registers used:
  2421 ;;		wreg, fsr0l, fsr0h, status,2, status,0, pclath, btemp1, cstack
  2422 ;; Tracked objects:
  2423 ;;		On entry : 0/0
  2424 ;;		On exit  : 0/0
  2425 ;;		Unchanged: 0/0
  2426 ;; Data sizes:     COMMON   BANK0   BANK1   BANK3   BANK2
  2427 ;;      Params:         0       4       0       0       0
  2428 ;;      Locals:         0       6       0       0       0
  2429 ;;      Temps:          0       2       0       0       0
  2430 ;;      Totals:         0      12       0       0       0
  2431 ;;Total ram usage:       12 bytes
  2432 ;; Hardware stack levels used: 1
  2433 ;; Hardware stack levels required when called: 5
  2434 ;; This function calls:
  2435 ;;		_fputc
  2436 ;;		_read_prec_or_width
  2437 ;;		_utoa
  2438 ;; This function is called by:
  2439 ;;		_vfprintf
  2440 ;; This function uses a non-reentrant model
  2441 ;;
  2442                           
  2443     0170                     _vfpfcnvrt:	
  2444                           ;psect for function _vfpfcnvrt
  2445                           
  2446     0170                     l2991:	
  2447                           ;incstack = 0
  2448 ;; using string table level
  2449                           ; Regs used in _vfpfcnvrt: [wreg-fsr0h+status,2+status,0+pclath+btemp1+cstack]
  2450                           
  2451                           
  2452                           ;C:\Program Files\Microchip\xc8\v3.10\pic\sources\c99\common\doprnt.c: 1177: vfpfcnvrt(F
      +                          ILE *fp, char *fmt[], va_list ap);C:\Program Files\Microchip\xc8\v3.10\pic\sources\c99\c
      +                          ommon\doprnt.c: 1178: {;C:\Program Files\Microchip\xc8\v3.10\pic\sources\c99\common\dopr
      +                          nt.c: 1179:     char c, *cp;;C:\Program Files\Microchip\xc8\v3.10\pic\sources\c99\common
      +                          \doprnt.c: 1180:     _Bool done;;C:\Program Files\Microchip\xc8\v3.10\pic\sources\c99\co
      +                          mmon\doprnt.c: 1188:  } convarg;;C:\Program Files\Microchip\xc8\v3.10\pic\sources\c99\co
      +                          mmon\doprnt.c: 1201:     if ((*fmt)[0] == '%') {
  2453     0170  1283               	bcf	3,5	;RP0=0, select bank0
  2454     0171  1303               	bcf	3,6	;RP1=0, select bank0
  2455     0172  0840               	movf	vfpfcnvrt@fmt,w
  2456     0173  0084               	movwf	4
  2457     0174  1383               	bcf	3,7	;select IRP bank0
  2458     0175  0800               	movf	0,w
  2459     0176  0084               	movwf	4
  2460     0177  120A  118A  2019  120A  118A  	fcall	stringdir
  2461     017C  3A25               	xorlw	37
  2462     017D  1D03               	skipz
  2463     017E  2980               	goto	u3141
  2464     017F  2981               	goto	u3140
  2465     0180                     u3141:
  2466     0180  2A36               	goto	l3043
  2467     0181                     u3140:
  2468     0181                     l2993:
  2469                           
  2470                           ;C:\Program Files\Microchip\xc8\v3.10\pic\sources\c99\common\doprnt.c: 1202:         ++*
      +                          fmt;
  2471     0181  0840               	movf	vfpfcnvrt@fmt,w
  2472     0182  0084               	movwf	4
  2473     0183  3001               	movlw	1
  2474     0184  0780               	addwf	0,f
  2475     0185                     l2995:
  2476                           
  2477                           ;C:\Program Files\Microchip\xc8\v3.10\pic\sources\c99\common\doprnt.c: 1204:         fla
      +                          gs = width = 0;
  2478     0185  1683               	bsf	3,5	;RP0=1, select bank1
  2479     0186  1303               	bcf	3,6	;RP1=0, select bank1
  2480     0187  01CB               	clrf	_width^(0+128)
  2481     0188  01CC               	clrf	(_width+1)^(0+128)
  2482     0189  3000               	movlw	0
  2483     018A  1283               	bcf	3,5	;RP0=0, select bank0
  2484     018B  1303               	bcf	3,6	;RP1=0, select bank0
  2485     018C  00EE               	movwf	_flags
  2486     018D                     l2997:
  2487                           
  2488                           ;C:\Program Files\Microchip\xc8\v3.10\pic\sources\c99\common\doprnt.c: 1205:         pre
      +                          c = -1;
  2489     018D  30FF               	movlw	255
  2490     018E  1683               	bsf	3,5	;RP0=1, select bank1
  2491     018F  1303               	bcf	3,6	;RP1=0, select bank1
  2492     0190  00CD               	movwf	_prec^(0+128)
  2493     0191  30FF               	movlw	255
  2494     0192  00CE               	movwf	(_prec^(0+128)+1)
  2495     0193                     l2999:
  2496                           
  2497                           ;C:\Program Files\Microchip\xc8\v3.10\pic\sources\c99\common\doprnt.c: 1209:         don
      +                          e = 0;
  2498     0193  1283               	bcf	3,5	;RP0=0, select bank0
  2499     0194  1303               	bcf	3,6	;RP1=0, select bank0
  2500     0195  01C8               	clrf	vfpfcnvrt@done
  2501                           
  2502                           ;C:\Program Files\Microchip\xc8\v3.10\pic\sources\c99\common\doprnt.c: 1210:         whi
      +                          le (!done) {
  2503     0196  29AD               	goto	l3007
  2504     0197                     l918:	
  2505                           ;C:\Program Files\Microchip\xc8\v3.10\pic\sources\c99\common\doprnt.c: 1219:            
      +                               case '0' :
  2506                           
  2507                           
  2508                           ;C:\Program Files\Microchip\xc8\v3.10\pic\sources\c99\common\doprnt.c: 1220:            
      +                                   flags |= (1 << 1);
  2509     0197  14EE               	bsf	_flags,1
  2510     0198                     l3001:
  2511                           
  2512                           ;C:\Program Files\Microchip\xc8\v3.10\pic\sources\c99\common\doprnt.c: 1221:            
      +                                   ++*fmt;
  2513     0198  0840               	movf	vfpfcnvrt@fmt,w
  2514     0199  0084               	movwf	4
  2515     019A  3001               	movlw	1
  2516     019B  0780               	addwf	0,f
  2517                           
  2518                           ;C:\Program Files\Microchip\xc8\v3.10\pic\sources\c99\common\doprnt.c: 1222:            
      +                                   break;
  2519     019C  29AD               	goto	l3007
  2520     019D                     l920:	
  2521                           ;C:\Program Files\Microchip\xc8\v3.10\pic\sources\c99\common\doprnt.c: 1242:            
      +                               default:
  2522                           
  2523                           
  2524                           ;C:\Program Files\Microchip\xc8\v3.10\pic\sources\c99\common\doprnt.c: 1243:            
      +                                   done = 1;
  2525     019D  3001               	movlw	1
  2526     019E  00C8               	movwf	vfpfcnvrt@done
  2527                           
  2528                           ;C:\Program Files\Microchip\xc8\v3.10\pic\sources\c99\common\doprnt.c: 1244:            
      +                                   break;
  2529     019F  29AD               	goto	l3007
  2530     01A0                     l3005:
  2531     01A0  0840               	movf	vfpfcnvrt@fmt,w
  2532     01A1  0084               	movwf	4
  2533     01A2  0800               	movf	0,w
  2534     01A3  0084               	movwf	4
  2535     01A4  120A  118A  2019  120A  118A  	fcall	stringdir
  2536                           
  2537                           ; Switch size 1, requested type "simple"
  2538                           ; Number of cases is 1, Range of values is 48 to 48
  2539                           ; switch strategies available:
  2540                           ; Name         Instructions Cycles
  2541                           ; simple_byte            4     3 (average)
  2542                           ; direct_byte           14    11 (fixed)
  2543                           ; jumptable            263     9 (fixed)
  2544                           ;	Chosen strategy is simple_byte
  2545     01A9  3A30               	xorlw	48	; case 48
  2546     01AA  1903               	skipnz
  2547     01AB  2997               	goto	l918
  2548     01AC  299D               	goto	l920
  2549     01AD                     l3007:
  2550                           
  2551                           ;C:\Program Files\Microchip\xc8\v3.10\pic\sources\c99\common\doprnt.c: 1210:         whi
      +                          le (!done) {
  2552     01AD  0848               	movf	vfpfcnvrt@done,w
  2553     01AE  1903               	btfsc	3,2
  2554     01AF  29B1               	goto	u3151
  2555     01B0  29B2               	goto	u3150
  2556     01B1                     u3151:
  2557     01B1  29A0               	goto	l3005
  2558     01B2                     u3150:
  2559     01B2                     l3009:
  2560                           
  2561                           ;C:\Program Files\Microchip\xc8\v3.10\pic\sources\c99\common\doprnt.c: 1256:   width = r
      +                          ead_prec_or_width(fmt, ap);
  2562     01B2  0840               	movf	vfpfcnvrt@fmt,w
  2563     01B3  00F9               	movwf	read_prec_or_width@fmt
  2564     01B4  0841               	movf	vfpfcnvrt@ap,w
  2565     01B5  00FA               	movwf	read_prec_or_width@ap
  2566     01B6  120A  158A  250D  120A  118A  	fcall	_read_prec_or_width
  2567     01BB  087A               	movf	?_read_prec_or_width+1,w
  2568     01BC  1683               	bsf	3,5	;RP0=1, select bank1
  2569     01BD  1303               	bcf	3,6	;RP1=0, select bank1
  2570     01BE  00CC               	movwf	(_width+1)^(0+128)
  2571     01BF  0879               	movf	?_read_prec_or_width,w
  2572     01C0  00CB               	movwf	_width^(0+128)
  2573     01C1                     l3011:
  2574                           
  2575                           ;C:\Program Files\Microchip\xc8\v3.10\pic\sources\c99\common\doprnt.c: 1257:   if (width
      +                           < 0) {
  2576     01C1  1FCC               	btfss	(_width+1)^(0+128),7
  2577     01C2  29C4               	goto	u3161
  2578     01C3  29C5               	goto	u3160
  2579     01C4                     u3161:
  2580     01C4  29CF               	goto	l3017
  2581     01C5                     u3160:
  2582     01C5                     l3013:
  2583                           
  2584                           ;C:\Program Files\Microchip\xc8\v3.10\pic\sources\c99\common\doprnt.c: 1258:    flags |=
      +                           (1 << 0);
  2585     01C5  1283               	bcf	3,5	;RP0=0, select bank0
  2586     01C6  1303               	bcf	3,6	;RP1=0, select bank0
  2587     01C7  146E               	bsf	_flags,0
  2588     01C8                     l3015:
  2589                           
  2590                           ;C:\Program Files\Microchip\xc8\v3.10\pic\sources\c99\common\doprnt.c: 1259:    width = 
      +                          -width;
  2591     01C8  1683               	bsf	3,5	;RP0=1, select bank1
  2592     01C9  1303               	bcf	3,6	;RP1=0, select bank1
  2593     01CA  09CB               	comf	_width^(0+128),f
  2594     01CB  09CC               	comf	(_width+1)^(0+128),f
  2595     01CC  0ACB               	incf	_width^(0+128),f
  2596     01CD  1903               	skipnz
  2597     01CE  0ACC               	incf	(_width+1)^(0+128),f
  2598     01CF                     l3017:
  2599                           
  2600                           ;C:\Program Files\Microchip\xc8\v3.10\pic\sources\c99\common\doprnt.c: 1439:   if (0
  2601     01CF  1283               	bcf	3,5	;RP0=0, select bank0
  2602     01D0  1303               	bcf	3,6	;RP1=0, select bank0
  2603     01D1  0840               	movf	vfpfcnvrt@fmt,w
  2604     01D2  0084               	movwf	4
  2605     01D3  1383               	bcf	3,7	;select IRP bank0
  2606     01D4  0800               	movf	0,w
  2607     01D5  00C9               	movwf	vfpfcnvrt@cp
  2608     01D6                     l3019:
  2609     01D6  0849               	movf	vfpfcnvrt@cp,w
  2610     01D7  0084               	movwf	4
  2611     01D8  120A  118A  2019  120A  118A  	fcall	stringdir
  2612     01DD  3A75               	xorlw	117
  2613     01DE  1D03               	skipz
  2614     01DF  29E1               	goto	u3171
  2615     01E0  29E2               	goto	u3170
  2616     01E1                     u3171:
  2617     01E1  2A0E               	goto	l3031
  2618     01E2                     u3170:
  2619     01E2                     l3021:
  2620                           
  2621                           ;C:\Program Files\Microchip\xc8\v3.10\pic\sources\c99\common\doprnt.c: 1452:     ) {;C:\
      +                          Program Files\Microchip\xc8\v3.10\pic\sources\c99\common\doprnt.c: 1495:    convarg.uint
      +                           = (vfpf_uint_t)(unsigned int)(*(unsigned int *)__va_arg(*(unsigned int **)ap, (unsigned
      +                           int)0));
  2622     01E2  0841               	movf	vfpfcnvrt@ap,w
  2623     01E3  0084               	movwf	4
  2624     01E4  0800               	movf	0,w
  2625     01E5  00C2               	movwf	??_vfpfcnvrt
  2626     01E6  3002               	movlw	2
  2627     01E7  0780               	addwf	0,f
  2628     01E8  0842               	movf	??_vfpfcnvrt,w
  2629     01E9  0084               	movwf	4
  2630     01EA  0800               	movf	0,w
  2631     01EB  00C4               	movwf	vfpfcnvrt@convarg
  2632     01EC  0A84               	incf	4,f
  2633     01ED  0800               	movf	0,w
  2634     01EE  00C5               	movwf	vfpfcnvrt@convarg+1
  2635                           
  2636                           ;C:\Program Files\Microchip\xc8\v3.10\pic\sources\c99\common\doprnt.c: 1497:    *fmt = c
      +                          p+1;
  2637     01EF  0840               	movf	vfpfcnvrt@fmt,w
  2638     01F0  0084               	movwf	4
  2639     01F1  0849               	movf	vfpfcnvrt@cp,w
  2640     01F2  3E01               	addlw	1
  2641     01F3  0080               	movwf	0
  2642                           
  2643                           ;C:\Program Files\Microchip\xc8\v3.10\pic\sources\c99\common\doprnt.c: 1498:    switch (
      +                          *cp) {
  2644     01F4  2A03               	goto	l3029
  2645     01F5                     l3023:
  2646                           
  2647                           ;C:\Program Files\Microchip\xc8\v3.10\pic\sources\c99\common\doprnt.c: 1542:      return
      +                           (void) utoa(fp, convarg.uint);;	Return value of _vfpfcnvrt is never used
  2648     01F5  083E               	movf	vfpfcnvrt@fp,w
  2649     01F6  00B5               	movwf	utoa@fp
  2650     01F7  083F               	movf	vfpfcnvrt@fp+1,w
  2651     01F8  00B6               	movwf	utoa@fp+1
  2652     01F9  0845               	movf	vfpfcnvrt@convarg+1,w
  2653     01FA  00B8               	movwf	utoa@d+1
  2654     01FB  0844               	movf	vfpfcnvrt@convarg,w
  2655     01FC  00B7               	movwf	utoa@d
  2656     01FD  120A  158A  2779  120A  118A  	fcall	_utoa
  2657     0202  2A4F               	goto	l928
  2658     0203                     l3029:
  2659     0203  0849               	movf	vfpfcnvrt@cp,w
  2660     0204  0084               	movwf	4
  2661     0205  120A  118A  2019  120A  118A  	fcall	stringdir
  2662                           
  2663                           ; Switch size 1, requested type "simple"
  2664                           ; Number of cases is 1, Range of values is 117 to 117
  2665                           ; switch strategies available:
  2666                           ; Name         Instructions Cycles
  2667                           ; simple_byte            4     3 (average)
  2668                           ; direct_byte           14    11 (fixed)
  2669                           ; jumptable            263     9 (fixed)
  2670                           ;	Chosen strategy is simple_byte
  2671     020A  3A75               	xorlw	117	; case 117
  2672     020B  1903               	skipnz
  2673     020C  29F5               	goto	l3023
  2674     020D  2A0E               	goto	l3031
  2675     020E                     l3031:
  2676                           
  2677                           ;C:\Program Files\Microchip\xc8\v3.10\pic\sources\c99\common\doprnt.c: 1798:         if 
      +                          ((*fmt)[0] == '%') {
  2678     020E  0840               	movf	vfpfcnvrt@fmt,w
  2679     020F  0084               	movwf	4
  2680     0210  0800               	movf	0,w
  2681     0211  0084               	movwf	4
  2682     0212  120A  118A  2019  120A  118A  	fcall	stringdir
  2683     0217  3A25               	xorlw	37
  2684     0218  1D03               	skipz
  2685     0219  2A1B               	goto	u3181
  2686     021A  2A1C               	goto	u3180
  2687     021B                     u3181:
  2688     021B  2A2E               	goto	l3039
  2689     021C                     u3180:
  2690     021C                     l3033:
  2691                           
  2692                           ;C:\Program Files\Microchip\xc8\v3.10\pic\sources\c99\common\doprnt.c: 1799:            
      +                           ++*fmt;
  2693     021C  0840               	movf	vfpfcnvrt@fmt,w
  2694     021D  0084               	movwf	4
  2695     021E  3001               	movlw	1
  2696     021F  0780               	addwf	0,f
  2697     0220                     l3035:
  2698                           
  2699                           ;C:\Program Files\Microchip\xc8\v3.10\pic\sources\c99\common\doprnt.c: 1800:            
      +                           fputc((int)'%', fp);
  2700     0220  3025               	movlw	37
  2701     0221  00F3               	movwf	fputc@c
  2702     0222  3000               	movlw	0
  2703     0223  00F4               	movwf	fputc@c+1
  2704     0224  083E               	movf	vfpfcnvrt@fp,w
  2705     0225  00F5               	movwf	fputc@fp
  2706     0226  083F               	movf	vfpfcnvrt@fp+1,w
  2707     0227  00F6               	movwf	fputc@fp+1
  2708     0228  120A  118A  20D0  120A  118A  	fcall	_fputc
  2709     022D  2A4F               	goto	l928
  2710     022E                     l3039:
  2711                           
  2712                           ;C:\Program Files\Microchip\xc8\v3.10\pic\sources\c99\common\doprnt.c: 1806:         ++*
      +                          fmt;
  2713     022E  1283               	bcf	3,5	;RP0=0, select bank0
  2714     022F  1303               	bcf	3,6	;RP1=0, select bank0
  2715     0230  0840               	movf	vfpfcnvrt@fmt,w
  2716     0231  0084               	movwf	4
  2717     0232  3001               	movlw	1
  2718     0233  1383               	bcf	3,7	;select IRP bank0
  2719     0234  0780               	addwf	0,f
  2720     0235  2A4F               	goto	l928
  2721     0236                     l3043:
  2722                           
  2723                           ;C:\Program Files\Microchip\xc8\v3.10\pic\sources\c99\common\doprnt.c: 1811:     fputc((
      +                          int)(*fmt)[0], fp);
  2724     0236  0840               	movf	vfpfcnvrt@fmt,w
  2725     0237  0084               	movwf	4
  2726     0238  0800               	movf	0,w
  2727     0239  0084               	movwf	4
  2728     023A  120A  118A  2019  120A  118A  	fcall	stringdir
  2729     023F  00C2               	movwf	??_vfpfcnvrt
  2730     0240  01C3               	clrf	??_vfpfcnvrt+1
  2731     0241  0842               	movf	??_vfpfcnvrt,w
  2732     0242  00F3               	movwf	fputc@c
  2733     0243  0843               	movf	??_vfpfcnvrt+1,w
  2734     0244  00F4               	movwf	fputc@c+1
  2735     0245  083E               	movf	vfpfcnvrt@fp,w
  2736     0246  00F5               	movwf	fputc@fp
  2737     0247  083F               	movf	vfpfcnvrt@fp+1,w
  2738     0248  00F6               	movwf	fputc@fp+1
  2739     0249  120A  118A  20D0  120A  118A  	fcall	_fputc
  2740     024E  2A2E               	goto	l3039
  2741     024F                     l928:
  2742     024F  0008               	return
  2743     0250                     __end_of_vfpfcnvrt:
  2744                           
  2745                           	psect	text4
  2746     0F79                     __ptext4:	
  2747 ;; *************** function _utoa *****************
  2748 ;; Defined at:
  2749 ;;		line 1001 in file "C:\Program Files\Microchip\xc8\v3.10\pic\sources\c99\common\doprnt.c"
  2750 ;; Parameters:    Size  Location     Type
  2751 ;;  fp              2   21[BANK0 ] PTR struct _IO_FILE
  2752 ;;		 -> sprintf@f(11), 
  2753 ;;  d               2   23[BANK0 ] unsigned int 
  2754 ;; Auto vars:     Size  Location     Type
  2755 ;;  i               2   28[BANK0 ] int 
  2756 ;;  w               2   26[BANK0 ] int 
  2757 ;;  p               1   25[BANK0 ] _Bool 
  2758 ;; Return value:  Size  Location     Type
  2759 ;;                  1    wreg      void 
  2760 ;; Registers used:
  2761 ;;		wreg, fsr0l, fsr0h, status,2, status,0, pclath, btemp1, cstack
  2762 ;; Tracked objects:
  2763 ;;		On entry : 0/0
  2764 ;;		On exit  : 0/0
  2765 ;;		Unchanged: 0/0
  2766 ;; Data sizes:     COMMON   BANK0   BANK1   BANK3   BANK2
  2767 ;;      Params:         0       4       0       0       0
  2768 ;;      Locals:         0       5       0       0       0
  2769 ;;      Temps:          0       0       0       0       0
  2770 ;;      Totals:         0       9       0       0       0
  2771 ;;Total ram usage:        9 bytes
  2772 ;; Hardware stack levels used: 1
  2773 ;; Hardware stack levels required when called: 4
  2774 ;; This function calls:
  2775 ;;		___lwdiv
  2776 ;;		___lwmod
  2777 ;;		_pad
  2778 ;; This function is called by:
  2779 ;;		_vfpfcnvrt
  2780 ;; This function uses a non-reentrant model
  2781 ;;
  2782                           
  2783     0F79                     _utoa:	
  2784                           ;psect for function _utoa
  2785                           
  2786     0F79                     l2897:	
  2787                           ;incstack = 0
  2788                           ; Regs used in _utoa: [wreg-fsr0h+status,2+status,0+pclath+btemp1+cstack]
  2789                           
  2790                           
  2791                           ;C:\Program Files\Microchip\xc8\v3.10\pic\sources\c99\common\doprnt.c: 1001: static void
      +                           utoa(FILE *fp, vfpf_uint_t d);C:\Program Files\Microchip\xc8\v3.10\pic\sources\c99\comm
      +                          on\doprnt.c: 1002: {;C:\Program Files\Microchip\xc8\v3.10\pic\sources\c99\common\doprnt.
      +                          c: 1003:     int i, w;;C:\Program Files\Microchip\xc8\v3.10\pic\sources\c99\common\doprn
      +                          t.c: 1007:  _Bool p = 1;
  2792     0F79  3001               	movlw	1
  2793     0F7A  1283               	bcf	3,5	;RP0=0, select bank0
  2794     0F7B  1303               	bcf	3,6	;RP1=0, select bank0
  2795     0F7C  00B9               	movwf	utoa@p
  2796     0F7D                     l2899:
  2797                           
  2798                           ;C:\Program Files\Microchip\xc8\v3.10\pic\sources\c99\common\doprnt.c: 1019:     w = wid
      +                          th;
  2799     0F7D  1683               	bsf	3,5	;RP0=1, select bank1
  2800     0F7E  1303               	bcf	3,6	;RP1=0, select bank1
  2801     0F7F  084C               	movf	(_width+1)^(0+128),w
  2802     0F80  1283               	bcf	3,5	;RP0=0, select bank0
  2803     0F81  1303               	bcf	3,6	;RP1=0, select bank0
  2804     0F82  00BB               	movwf	utoa@w+1
  2805     0F83  1683               	bsf	3,5	;RP0=1, select bank1
  2806     0F84  1303               	bcf	3,6	;RP1=0, select bank1
  2807     0F85  084B               	movf	_width^(0+128),w
  2808     0F86  1283               	bcf	3,5	;RP0=0, select bank0
  2809     0F87  1303               	bcf	3,6	;RP1=0, select bank0
  2810     0F88  00BA               	movwf	utoa@w
  2811                           
  2812                           ;C:\Program Files\Microchip\xc8\v3.10\pic\sources\c99\common\doprnt.c: 1022:     i = siz
      +                          eof(dbuf) - 1;
  2813     0F89  301F               	movlw	31
  2814     0F8A  00BC               	movwf	utoa@i
  2815     0F8B  3000               	movlw	0
  2816     0F8C  00BD               	movwf	utoa@i+1
  2817     0F8D                     l2901:
  2818                           
  2819                           ;C:\Program Files\Microchip\xc8\v3.10\pic\sources\c99\common\doprnt.c: 1023:     dbuf[i]
      +                           = '\0';
  2820     0F8D  1683               	bsf	3,5	;RP0=1, select bank3
  2821     0F8E  1703               	bsf	3,6	;RP1=1, select bank3
  2822     0F8F  01AF               	clrf	(_dbuf^(0+384)+31)
  2823                           
  2824                           ;C:\Program Files\Microchip\xc8\v3.10\pic\sources\c99\common\doprnt.c: 1024:     while (
      +                          i && (d != 0
  2825     0F90  2FC7               	goto	l2913
  2826     0F91                     l2903:
  2827                           
  2828                           ;C:\Program Files\Microchip\xc8\v3.10\pic\sources\c99\common\doprnt.c: 1033:     )) {;C:
      +                          \Program Files\Microchip\xc8\v3.10\pic\sources\c99\common\doprnt.c: 1034:         --i;
  2829     0F91  30FF               	movlw	255
  2830     0F92  07BC               	addwf	utoa@i,f
  2831     0F93  1803               	skipnc
  2832     0F94  0ABD               	incf	utoa@i+1,f
  2833     0F95  30FF               	movlw	255
  2834     0F96  07BD               	addwf	utoa@i+1,f
  2835     0F97                     l2905:
  2836                           
  2837                           ;C:\Program Files\Microchip\xc8\v3.10\pic\sources\c99\common\doprnt.c: 1035:         dbu
      +                          f[i] = '0' + (d % 10);
  2838     0F97  083C               	movf	utoa@i,w
  2839     0F98  3E90               	addlw	(low (_dbuf| (0+256)))& (0+255)
  2840     0F99  0084               	movwf	4
  2841     0F9A  300A               	movlw	10
  2842     0F9B  00F3               	movwf	___lwmod@divisor
  2843     0F9C  3000               	movlw	0
  2844     0F9D  00F4               	movwf	___lwmod@divisor+1
  2845     0F9E  0838               	movf	utoa@d+1,w
  2846     0F9F  00F6               	movwf	___lwmod@dividend+1
  2847     0FA0  0837               	movf	utoa@d,w
  2848     0FA1  00F5               	movwf	___lwmod@dividend
  2849     0FA2  120A  158A  22C6  120A  158A  	fcall	___lwmod
  2850     0FA7  0873               	movf	?___lwmod,w
  2851     0FA8  3E30               	addlw	48
  2852     0FA9  1783               	bsf	3,7	;select IRP bank3
  2853     0FAA  0080               	movwf	0
  2854     0FAB                     l2907:
  2855                           
  2856                           ;C:\Program Files\Microchip\xc8\v3.10\pic\sources\c99\common\doprnt.c: 1039:   p = 0;
  2857     0FAB  1283               	bcf	3,5	;RP0=0, select bank0
  2858     0FAC  1303               	bcf	3,6	;RP1=0, select bank0
  2859     0FAD  01B9               	clrf	utoa@p
  2860     0FAE                     l2909:
  2861                           
  2862                           ;C:\Program Files\Microchip\xc8\v3.10\pic\sources\c99\common\doprnt.c: 1041:         --w
      +                          ;
  2863     0FAE  30FF               	movlw	255
  2864     0FAF  07BA               	addwf	utoa@w,f
  2865     0FB0  1803               	skipnc
  2866     0FB1  0ABB               	incf	utoa@w+1,f
  2867     0FB2  30FF               	movlw	255
  2868     0FB3  07BB               	addwf	utoa@w+1,f
  2869     0FB4                     l2911:
  2870                           
  2871                           ;C:\Program Files\Microchip\xc8\v3.10\pic\sources\c99\common\doprnt.c: 1042:         d =
      +                           d / 10;
  2872     0FB4  300A               	movlw	10
  2873     0FB5  00F3               	movwf	___lwdiv@divisor
  2874     0FB6  3000               	movlw	0
  2875     0FB7  00F4               	movwf	___lwdiv@divisor+1
  2876     0FB8  0838               	movf	utoa@d+1,w
  2877     0FB9  00F6               	movwf	___lwdiv@dividend+1
  2878     0FBA  0837               	movf	utoa@d,w
  2879     0FBB  00F5               	movwf	___lwdiv@dividend
  2880     0FBC  120A  158A  233A  120A  158A  	fcall	___lwdiv
  2881     0FC1  0874               	movf	?___lwdiv+1,w
  2882     0FC2  1283               	bcf	3,5	;RP0=0, select bank0
  2883     0FC3  1303               	bcf	3,6	;RP1=0, select bank0
  2884     0FC4  00B8               	movwf	utoa@d+1
  2885     0FC5  0873               	movf	?___lwdiv,w
  2886     0FC6  00B7               	movwf	utoa@d
  2887     0FC7                     l2913:
  2888                           
  2889                           ;C:\Program Files\Microchip\xc8\v3.10\pic\sources\c99\common\doprnt.c: 1024:     while (
      +                          i && (d != 0
  2890     0FC7  1283               	bcf	3,5	;RP0=0, select bank0
  2891     0FC8  1303               	bcf	3,6	;RP1=0, select bank0
  2892     0FC9  083C               	movf	utoa@i,w
  2893     0FCA  043D               	iorwf	utoa@i+1,w
  2894     0FCB  1903               	btfsc	3,2
  2895     0FCC  2FCE               	goto	u2991
  2896     0FCD  2FCF               	goto	u2990
  2897     0FCE                     u2991:
  2898     0FCE  2FED               	goto	l2923
  2899     0FCF                     u2990:
  2900     0FCF                     l2915:
  2901     0FCF  0837               	movf	utoa@d,w
  2902     0FD0  0438               	iorwf	utoa@d+1,w
  2903     0FD1  1D03               	btfss	3,2
  2904     0FD2  2FD4               	goto	u3001
  2905     0FD3  2FD5               	goto	u3000
  2906     0FD4                     u3001:
  2907     0FD4  2F91               	goto	l2903
  2908     0FD5                     u3000:
  2909     0FD5                     l2917:
  2910     0FD5  0839               	movf	utoa@p,w
  2911     0FD6  1D03               	btfss	3,2
  2912     0FD7  2FD9               	goto	u3011
  2913     0FD8  2FDA               	goto	u3010
  2914     0FD9                     u3011:
  2915     0FD9  2F91               	goto	l2903
  2916     0FDA                     u3010:
  2917     0FDA                     l2919:
  2918     0FDA  083B               	movf	utoa@w+1,w
  2919     0FDB  3A80               	xorlw	128
  2920     0FDC  00FF               	movwf	btemp1
  2921     0FDD  3080               	movlw	128
  2922     0FDE  027F               	subwf	btemp1,w
  2923     0FDF  1D03               	skipz
  2924     0FE0  2FE3               	goto	u3025
  2925     0FE1  3001               	movlw	1
  2926     0FE2  023A               	subwf	utoa@w,w
  2927     0FE3                     u3025:
  2928     0FE3  1C03               	skipc
  2929     0FE4  2FE6               	goto	u3021
  2930     0FE5  2FE7               	goto	u3020
  2931     0FE6                     u3021:
  2932     0FE6  2FED               	goto	l2923
  2933     0FE7                     u3020:
  2934     0FE7                     l2921:
  2935     0FE7  1283               	bcf	3,5	;RP0=0, select bank0
  2936     0FE8  1303               	bcf	3,6	;RP1=0, select bank0
  2937     0FE9  18EE               	btfsc	_flags,1
  2938     0FEA  2FEC               	goto	u3031
  2939     0FEB  2FED               	goto	u3030
  2940     0FEC                     u3031:
  2941     0FEC  2F91               	goto	l2903
  2942     0FED                     u3030:
  2943     0FED                     l2923:
  2944                           
  2945                           ;C:\Program Files\Microchip\xc8\v3.10\pic\sources\c99\common\doprnt.c: 1046:     return 
      +                          (void) pad(fp, &dbuf[i], w);
  2946     0FED  1283               	bcf	3,5	;RP0=0, select bank0
  2947     0FEE  1303               	bcf	3,6	;RP1=0, select bank0
  2948     0FEF  0835               	movf	utoa@fp,w
  2949     0FF0  00AE               	movwf	pad@fp
  2950     0FF1  0836               	movf	utoa@fp+1,w
  2951     0FF2  00AF               	movwf	pad@fp+1
  2952     0FF3  083C               	movf	utoa@i,w
  2953     0FF4  3E90               	addlw	(low (_dbuf| (0+256)))& (0+255)
  2954     0FF5  00B0               	movwf	pad@buf
  2955     0FF6  083B               	movf	utoa@w+1,w
  2956     0FF7  00B2               	movwf	pad@p+1
  2957     0FF8  083A               	movf	utoa@w,w
  2958     0FF9  00B1               	movwf	pad@p
  2959     0FFA  120A  158A  240D  120A  158A  	fcall	_pad
  2960     0FFF                     l903:
  2961     0FFF  0008               	return
  2962     1000                     __end_of_utoa:
  2963                           
  2964                           	psect	text5
  2965     0C0D                     __ptext5:	
  2966 ;; *************** function _pad *****************
  2967 ;; Defined at:
  2968 ;;		line 193 in file "C:\Program Files\Microchip\xc8\v3.10\pic\sources\c99\common\doprnt.c"
  2969 ;; Parameters:    Size  Location     Type
  2970 ;;  fp              2   14[BANK0 ] PTR struct _IO_FILE
  2971 ;;		 -> sprintf@f(11), 
  2972 ;;  buf             1   16[BANK0 ] PTR unsigned char 
  2973 ;;		 -> dbuf(32), 
  2974 ;;  p               2   17[BANK0 ] int 
  2975 ;; Auto vars:     Size  Location     Type
  2976 ;;  i               2   19[BANK0 ] int 
  2977 ;; Return value:  Size  Location     Type
  2978 ;;                  1    wreg      void 
  2979 ;; Registers used:
  2980 ;;		wreg, fsr0l, fsr0h, status,2, status,0, pclath, cstack
  2981 ;; Tracked objects:
  2982 ;;		On entry : 0/0
  2983 ;;		On exit  : 0/0
  2984 ;;		Unchanged: 0/0
  2985 ;; Data sizes:     COMMON   BANK0   BANK1   BANK3   BANK2
  2986 ;;      Params:         0       5       0       0       0
  2987 ;;      Locals:         0       2       0       0       0
  2988 ;;      Temps:          1       0       0       0       0
  2989 ;;      Totals:         1       7       0       0       0
  2990 ;;Total ram usage:        8 bytes
  2991 ;; Hardware stack levels used: 1
  2992 ;; Hardware stack levels required when called: 3
  2993 ;; This function calls:
  2994 ;;		_fputc
  2995 ;;		_fputs
  2996 ;; This function is called by:
  2997 ;;		_utoa
  2998 ;; This function uses a non-reentrant model
  2999 ;;
  3000                           
  3001     0C0D                     _pad:	
  3002                           ;psect for function _pad
  3003                           
  3004     0C0D                     l2863:	
  3005                           ;incstack = 0
  3006                           ; Regs used in _pad: [wreg-fsr0h+status,2+status,0+pclath+cstack]
  3007                           
  3008                           
  3009                           ;C:\Program Files\Microchip\xc8\v3.10\pic\sources\c99\common\doprnt.c: 193: static void 
      +                          pad(FILE *fp, char *buf, int p);C:\Program Files\Microchip\xc8\v3.10\pic\sources\c99\com
      +                          mon\doprnt.c: 194: {;C:\Program Files\Microchip\xc8\v3.10\pic\sources\c99\common\doprnt.
      +                          c: 195:     int i;;C:\Program Files\Microchip\xc8\v3.10\pic\sources\c99\common\doprnt.c:
      +                           199:     if (flags & (1 << 0)) {
  3010     0C0D  1283               	bcf	3,5	;RP0=0, select bank0
  3011     0C0E  1303               	bcf	3,6	;RP1=0, select bank0
  3012     0C0F  1C6E               	btfss	_flags,0
  3013     0C10  2C12               	goto	u2911
  3014     0C11  2C13               	goto	u2910
  3015     0C12                     u2911:
  3016     0C12  2C1E               	goto	l2867
  3017     0C13                     u2910:
  3018     0C13                     l2865:
  3019                           
  3020                           ;C:\Program Files\Microchip\xc8\v3.10\pic\sources\c99\common\doprnt.c: 200:         fput
      +                          s((const char *)buf, fp);
  3021     0C13  0830               	movf	pad@buf,w
  3022     0C14  00F7               	movwf	fputs@s
  3023     0C15  082E               	movf	pad@fp,w
  3024     0C16  00F8               	movwf	fputs@fp
  3025     0C17  082F               	movf	pad@fp+1,w
  3026     0C18  00F9               	movwf	fputs@fp+1
  3027     0C19  120A  158A  2239  120A  158A  	fcall	_fputs
  3028     0C1E                     l2867:
  3029                           
  3030                           ;C:\Program Files\Microchip\xc8\v3.10\pic\sources\c99\common\doprnt.c: 205:  if (p < 0) 
      +                          {
  3031     0C1E  1283               	bcf	3,5	;RP0=0, select bank0
  3032     0C1F  1303               	bcf	3,6	;RP1=0, select bank0
  3033     0C20  1FB2               	btfss	pad@p+1,7
  3034     0C21  2C23               	goto	u2921
  3035     0C22  2C24               	goto	u2920
  3036     0C23                     u2921:
  3037     0C23  2C26               	goto	l888
  3038     0C24                     u2920:
  3039     0C24                     l2869:
  3040                           
  3041                           ;C:\Program Files\Microchip\xc8\v3.10\pic\sources\c99\common\doprnt.c: 206:   p = 0;
  3042     0C24  01B1               	clrf	pad@p
  3043     0C25  01B2               	clrf	pad@p+1
  3044     0C26                     l888:	
  3045                           ;C:\Program Files\Microchip\xc8\v3.10\pic\sources\c99\common\doprnt.c: 207:  }
  3046                           
  3047                           
  3048                           ;C:\Program Files\Microchip\xc8\v3.10\pic\sources\c99\common\doprnt.c: 208:     i = 0;
  3049     0C26  01B3               	clrf	pad@i
  3050     0C27  01B4               	clrf	pad@i+1
  3051                           
  3052                           ;C:\Program Files\Microchip\xc8\v3.10\pic\sources\c99\common\doprnt.c: 209:     while (i
      +                           < p) {
  3053     0C28  2C40               	goto	l2875
  3054     0C29                     l2871:
  3055                           
  3056                           ;C:\Program Files\Microchip\xc8\v3.10\pic\sources\c99\common\doprnt.c: 210:         fput
      +                          c(' ', fp);
  3057     0C29  3020               	movlw	32
  3058     0C2A  00F3               	movwf	fputc@c
  3059     0C2B  3000               	movlw	0
  3060     0C2C  00F4               	movwf	fputc@c+1
  3061     0C2D  1283               	bcf	3,5	;RP0=0, select bank0
  3062     0C2E  1303               	bcf	3,6	;RP1=0, select bank0
  3063     0C2F  082E               	movf	pad@fp,w
  3064     0C30  00F5               	movwf	fputc@fp
  3065     0C31  082F               	movf	pad@fp+1,w
  3066     0C32  00F6               	movwf	fputc@fp+1
  3067     0C33  120A  118A  20D0  120A  158A  	fcall	_fputc
  3068     0C38                     l2873:
  3069                           
  3070                           ;C:\Program Files\Microchip\xc8\v3.10\pic\sources\c99\common\doprnt.c: 211:         ++i;
  3071     0C38  3001               	movlw	1
  3072     0C39  1283               	bcf	3,5	;RP0=0, select bank0
  3073     0C3A  1303               	bcf	3,6	;RP1=0, select bank0
  3074     0C3B  07B3               	addwf	pad@i,f
  3075     0C3C  1803               	skipnc
  3076     0C3D  0AB4               	incf	pad@i+1,f
  3077     0C3E  3000               	movlw	0
  3078     0C3F  07B4               	addwf	pad@i+1,f
  3079     0C40                     l2875:
  3080                           
  3081                           ;C:\Program Files\Microchip\xc8\v3.10\pic\sources\c99\common\doprnt.c: 209:     while (i
      +                           < p) {
  3082     0C40  0834               	movf	pad@i+1,w
  3083     0C41  3A80               	xorlw	128
  3084     0C42  00FA               	movwf	??_pad
  3085     0C43  0832               	movf	pad@p+1,w
  3086     0C44  3A80               	xorlw	128
  3087     0C45  027A               	subwf	??_pad,w
  3088     0C46  1D03               	skipz
  3089     0C47  2C4A               	goto	u2935
  3090     0C48  0831               	movf	pad@p,w
  3091     0C49  0233               	subwf	pad@i,w
  3092     0C4A                     u2935:
  3093     0C4A  1C03               	skipc
  3094     0C4B  2C4D               	goto	u2931
  3095     0C4C  2C4E               	goto	u2930
  3096     0C4D                     u2931:
  3097     0C4D  2C29               	goto	l2871
  3098     0C4E                     u2930:
  3099     0C4E                     l891:
  3100                           
  3101                           ;C:\Program Files\Microchip\xc8\v3.10\pic\sources\c99\common\doprnt.c: 216:     if (!(fl
      +                          ags & (1 << 0))) {
  3102     0C4E  1283               	bcf	3,5	;RP0=0, select bank0
  3103     0C4F  1303               	bcf	3,6	;RP1=0, select bank0
  3104     0C50  186E               	btfsc	_flags,0
  3105     0C51  2C53               	goto	u2941
  3106     0C52  2C54               	goto	u2940
  3107     0C53                     u2941:
  3108     0C53  2C5F               	goto	l893
  3109     0C54                     u2940:
  3110     0C54                     l2877:
  3111                           
  3112                           ;C:\Program Files\Microchip\xc8\v3.10\pic\sources\c99\common\doprnt.c: 218:         fput
      +                          s((const char *)buf, fp);
  3113     0C54  0830               	movf	pad@buf,w
  3114     0C55  00F7               	movwf	fputs@s
  3115     0C56  082E               	movf	pad@fp,w
  3116     0C57  00F8               	movwf	fputs@fp
  3117     0C58  082F               	movf	pad@fp+1,w
  3118     0C59  00F9               	movwf	fputs@fp+1
  3119     0C5A  120A  158A  2239  120A  158A  	fcall	_fputs
  3120     0C5F                     l893:
  3121     0C5F  0008               	return
  3122     0C60                     __end_of_pad:
  3123                           
  3124                           	psect	text6
  3125     0A39                     __ptext6:	
  3126 ;; *************** function _fputs *****************
  3127 ;; Defined at:
  3128 ;;		line 8 in file "C:\Program Files\Microchip\xc8\v3.10\pic\sources\c99\common\nf_fputs.c"
  3129 ;; Parameters:    Size  Location     Type
  3130 ;;  s               1    6[COMMON] PTR const unsigned char 
  3131 ;;		 -> dbuf(32), 
  3132 ;;  fp              2    7[COMMON] PTR struct _IO_FILE
  3133 ;;		 -> sprintf@f(11), 
  3134 ;; Auto vars:     Size  Location     Type
  3135 ;;  i               2   12[BANK0 ] int 
  3136 ;;  c               1   11[BANK0 ] unsigned char 
  3137 ;; Return value:  Size  Location     Type
  3138 ;;                  2    6[COMMON] int 
  3139 ;; Registers used:
  3140 ;;		wreg, fsr0l, fsr0h, status,2, status,0, pclath, cstack
  3141 ;; Tracked objects:
  3142 ;;		On entry : 0/0
  3143 ;;		On exit  : 0/0
  3144 ;;		Unchanged: 0/0
  3145 ;; Data sizes:     COMMON   BANK0   BANK1   BANK3   BANK2
  3146 ;;      Params:         3       0       0       0       0
  3147 ;;      Locals:         0       3       0       0       0
  3148 ;;      Temps:          0       2       0       0       0
  3149 ;;      Totals:         3       5       0       0       0
  3150 ;;Total ram usage:        8 bytes
  3151 ;; Hardware stack levels used: 1
  3152 ;; Hardware stack levels required when called: 2
  3153 ;; This function calls:
  3154 ;;		_fputc
  3155 ;; This function is called by:
  3156 ;;		_pad
  3157 ;; This function uses a non-reentrant model
  3158 ;;
  3159                           
  3160     0A39                     _fputs:	
  3161                           ;psect for function _fputs
  3162                           
  3163     0A39                     l2801:	
  3164                           ;incstack = 0
  3165                           ; Regs used in _fputs: [wreg-fsr0h+status,2+status,0+pclath+cstack]
  3166                           
  3167     0A39  1283               	bcf	3,5	;RP0=0, select bank0
  3168     0A3A  1303               	bcf	3,6	;RP1=0, select bank0
  3169     0A3B  01AC               	clrf	fputs@i
  3170     0A3C  01AD               	clrf	fputs@i+1
  3171     0A3D  2A56               	goto	l2807
  3172     0A3E                     l2803:
  3173     0A3E  082B               	movf	fputs@c,w
  3174     0A3F  00A9               	movwf	??_fputs
  3175     0A40  01AA               	clrf	??_fputs+1
  3176     0A41  0829               	movf	??_fputs,w
  3177     0A42  00F3               	movwf	fputc@c
  3178     0A43  082A               	movf	??_fputs+1,w
  3179     0A44  00F4               	movwf	fputc@c+1
  3180     0A45  0878               	movf	fputs@fp,w
  3181     0A46  00F5               	movwf	fputc@fp
  3182     0A47  0879               	movf	fputs@fp+1,w
  3183     0A48  00F6               	movwf	fputc@fp+1
  3184     0A49  120A  118A  20D0  120A  158A  	fcall	_fputc
  3185     0A4E                     l2805:
  3186     0A4E  3001               	movlw	1
  3187     0A4F  1283               	bcf	3,5	;RP0=0, select bank0
  3188     0A50  1303               	bcf	3,6	;RP1=0, select bank0
  3189     0A51  07AC               	addwf	fputs@i,f
  3190     0A52  1803               	skipnc
  3191     0A53  0AAD               	incf	fputs@i+1,f
  3192     0A54  3000               	movlw	0
  3193     0A55  07AD               	addwf	fputs@i+1,f
  3194     0A56                     l2807:
  3195     0A56  082C               	movf	fputs@i,w
  3196     0A57  0777               	addwf	fputs@s,w
  3197     0A58  00A9               	movwf	??_fputs
  3198     0A59  0829               	movf	??_fputs,w
  3199     0A5A  0084               	movwf	4
  3200     0A5B  1783               	bsf	3,7	;select IRP bank2
  3201     0A5C  0800               	movf	0,w
  3202     0A5D  00AB               	movwf	fputs@c
  3203     0A5E  082B               	movf	fputs@c,w
  3204     0A5F  1D03               	btfss	3,2
  3205     0A60  2A62               	goto	u2751
  3206     0A61  2A63               	goto	u2750
  3207     0A62                     u2751:
  3208     0A62  2A3E               	goto	l2803
  3209     0A63                     u2750:
  3210     0A63                     l956:
  3211     0A63  0008               	return
  3212     0A64                     __end_of_fputs:
  3213                           
  3214                           	psect	text7
  3215     00D0                     __ptext7:	
  3216 ;; *************** function _fputc *****************
  3217 ;; Defined at:
  3218 ;;		line 8 in file "C:\Program Files\Microchip\xc8\v3.10\pic\sources\c99\common\nf_fputc.c"
  3219 ;; Parameters:    Size  Location     Type
  3220 ;;  c               2    2[COMMON] int 
  3221 ;;  fp              2    4[COMMON] PTR struct _IO_FILE
  3222 ;;		 -> sprintf@f(11), 
  3223 ;; Auto vars:     Size  Location     Type
  3224 ;;		None
  3225 ;; Return value:  Size  Location     Type
  3226 ;;                  2    2[COMMON] int 
  3227 ;; Registers used:
  3228 ;;		wreg, fsr0l, fsr0h, status,2, status,0, pclath, cstack
  3229 ;; Tracked objects:
  3230 ;;		On entry : 0/0
  3231 ;;		On exit  : 0/0
  3232 ;;		Unchanged: 0/0
  3233 ;; Data sizes:     COMMON   BANK0   BANK1   BANK3   BANK2
  3234 ;;      Params:         4       0       0       0       0
  3235 ;;      Locals:         0       0       0       0       0
  3236 ;;      Temps:          0       9       0       0       0
  3237 ;;      Totals:         4       9       0       0       0
  3238 ;;Total ram usage:       13 bytes
  3239 ;; Hardware stack levels used: 1
  3240 ;; Hardware stack levels required when called: 1
  3241 ;; This function calls:
  3242 ;;		_putch
  3243 ;; This function is called by:
  3244 ;;		_pad
  3245 ;;		_vfpfcnvrt
  3246 ;;		_fputs
  3247 ;; This function uses a non-reentrant model
  3248 ;;
  3249                           
  3250     00D0                     _fputc:	
  3251                           ;psect for function _fputc
  3252                           
  3253     00D0                     l1881:	
  3254                           ;incstack = 0
  3255                           ; Regs used in _fputc: [wreg-fsr0h+status,2+status,0+pclath+cstack]
  3256                           
  3257     00D0  0875               	movf	fputc@fp,w
  3258     00D1  0476               	iorwf	fputc@fp+1,w
  3259     00D2  1903               	btfsc	3,2
  3260     00D3  28D5               	goto	u1381
  3261     00D4  28D6               	goto	u1380
  3262     00D5                     u1381:
  3263     00D5  28DC               	goto	l1885
  3264     00D6                     u1380:
  3265     00D6                     l1883:
  3266     00D6  0875               	movf	fputc@fp,w
  3267     00D7  0476               	iorwf	fputc@fp+1,w
  3268     00D8  1D03               	btfss	3,2
  3269     00D9  28DB               	goto	u1391
  3270     00DA  28DC               	goto	u1390
  3271     00DB                     u1391:
  3272     00DB  28E3               	goto	l1887
  3273     00DC                     u1390:
  3274     00DC                     l1885:
  3275     00DC  0873               	movf	fputc@c,w
  3276     00DD  120A  118A  20A7  120A  118A  	fcall	_putch
  3277     00E2  296F               	goto	l948
  3278     00E3                     l1887:
  3279     00E3  0875               	movf	fputc@fp,w
  3280     00E4  3E09               	addlw	9
  3281     00E5  1283               	bcf	3,5	;RP0=0, select bank0
  3282     00E6  1303               	bcf	3,6	;RP1=0, select bank0
  3283     00E7  00A0               	movwf	??_fputc
  3284     00E8  0876               	movf	fputc@fp+1,w
  3285     00E9  1803               	skipnc
  3286     00EA  3E01               	addlw	1
  3287     00EB  3E00               	addlw	0
  3288     00EC  00A1               	movwf	??_fputc+1
  3289     00ED  0820               	movf	??_fputc,w
  3290     00EE  0084               	movwf	4
  3291     00EF  1783               	bsf	3,7
  3292     00F0  1C21               	btfss	??_fputc+1,0
  3293     00F1  1383               	bcf	3,7
  3294     00F2  0800               	movf	0,w
  3295     00F3  00A2               	movwf	??_fputc+2
  3296     00F4  0A84               	incf	4,f
  3297     00F5  0800               	movf	0,w
  3298     00F6  00A3               	movwf	??_fputc+3
  3299     00F7  0822               	movf	??_fputc+2,w
  3300     00F8  0423               	iorwf	??_fputc+3,w
  3301     00F9  1903               	btfsc	3,2
  3302     00FA  28FC               	goto	u1401
  3303     00FB  28FD               	goto	u1400
  3304     00FC                     u1401:
  3305     00FC  292F               	goto	l1891
  3306     00FD                     u1400:
  3307     00FD                     l1889:
  3308     00FD  0875               	movf	fputc@fp,w
  3309     00FE  3E09               	addlw	9
  3310     00FF  00A0               	movwf	??_fputc
  3311     0100  0876               	movf	fputc@fp+1,w
  3312     0101  1803               	skipnc
  3313     0102  3E01               	addlw	1
  3314     0103  3E00               	addlw	0
  3315     0104  00A1               	movwf	??_fputc+1
  3316     0105  0820               	movf	??_fputc,w
  3317     0106  0084               	movwf	4
  3318     0107  1783               	bsf	3,7
  3319     0108  1C21               	btfss	??_fputc+1,0
  3320     0109  1383               	bcf	3,7
  3321     010A  0800               	movf	0,w
  3322     010B  00A2               	movwf	??_fputc+2
  3323     010C  0A84               	incf	4,f
  3324     010D  0800               	movf	0,w
  3325     010E  00A3               	movwf	??_fputc+3
  3326     010F  0875               	movf	fputc@fp,w
  3327     0110  3E02               	addlw	2
  3328     0111  00A4               	movwf	??_fputc+4
  3329     0112  0876               	movf	fputc@fp+1,w
  3330     0113  1803               	skipnc
  3331     0114  3E01               	addlw	1
  3332     0115  3E00               	addlw	0
  3333     0116  00A5               	movwf	??_fputc+5
  3334     0117  0824               	movf	??_fputc+4,w
  3335     0118  0084               	movwf	4
  3336     0119  1783               	bsf	3,7
  3337     011A  1C25               	btfss	??_fputc+5,0
  3338     011B  1383               	bcf	3,7
  3339     011C  0800               	movf	0,w
  3340     011D  00A6               	movwf	??_fputc+6
  3341     011E  0A84               	incf	4,f
  3342     011F  0800               	movf	0,w
  3343     0120  00A7               	movwf	??_fputc+7
  3344     0121  0827               	movf	??_fputc+7,w
  3345     0122  3A80               	xorlw	128
  3346     0123  00A8               	movwf	??_fputc+8
  3347     0124  0823               	movf	??_fputc+3,w
  3348     0125  3A80               	xorlw	128
  3349     0126  0228               	subwf	??_fputc+8,w
  3350     0127  1D03               	skipz
  3351     0128  292B               	goto	u1415
  3352     0129  0822               	movf	??_fputc+2,w
  3353     012A  0226               	subwf	??_fputc+6,w
  3354     012B                     u1415:
  3355     012B  1803               	skipnc
  3356     012C  292E               	goto	u1411
  3357     012D  292F               	goto	u1410
  3358     012E                     u1411:
  3359     012E  296F               	goto	l948
  3360     012F                     u1410:
  3361     012F                     l1891:
  3362     012F  0875               	movf	fputc@fp,w
  3363     0130  0084               	movwf	4
  3364     0131  1783               	bsf	3,7
  3365     0132  1C76               	btfss	fputc@fp+1,0
  3366     0133  1383               	bcf	3,7
  3367     0134  0800               	movf	0,w
  3368     0135  1283               	bcf	3,5	;RP0=0, select bank0
  3369     0136  1303               	bcf	3,6	;RP1=0, select bank0
  3370     0137  00A0               	movwf	??_fputc
  3371     0138  0A84               	incf	4,f
  3372     0139  0800               	movf	0,w
  3373     013A  00A1               	movwf	??_fputc+1
  3374     013B  0875               	movf	fputc@fp,w
  3375     013C  3E02               	addlw	2
  3376     013D  00A2               	movwf	??_fputc+2
  3377     013E  0876               	movf	fputc@fp+1,w
  3378     013F  1803               	skipnc
  3379     0140  3E01               	addlw	1
  3380     0141  3E00               	addlw	0
  3381     0142  00A3               	movwf	??_fputc+3
  3382     0143  0822               	movf	??_fputc+2,w
  3383     0144  0084               	movwf	4
  3384     0145  1783               	bsf	3,7
  3385     0146  1C23               	btfss	??_fputc+3,0
  3386     0147  1383               	bcf	3,7
  3387     0148  0800               	movf	0,w
  3388     0149  0720               	addwf	??_fputc,w
  3389     014A  00A5               	movwf	??_fputc+5
  3390     014B  0821               	movf	??_fputc+1,w
  3391     014C  00A4               	movwf	??_fputc+4
  3392     014D  1803               	skipnc
  3393     014E  0AA4               	incf	??_fputc+4,f
  3394     014F  1F80               	btfss	0,7
  3395     0150  2952               	goto	u1420
  3396     0151  03A4               	decf	??_fputc+4,f
  3397     0152                     u1420:
  3398     0152  1283               	bcf	3,5	;RP0=0, select bank0
  3399     0153  1303               	bcf	3,6	;RP1=0, select bank0
  3400     0154  0824               	movf	??_fputc+4,w
  3401     0155  00A6               	movwf	??_fputc+6
  3402     0156  0825               	movf	??_fputc+5,w
  3403     0157  0084               	movwf	4
  3404     0158  1783               	bsf	3,7
  3405     0159  1C26               	btfss	??_fputc+6,0
  3406     015A  1383               	bcf	3,7
  3407     015B  0873               	movf	fputc@c,w
  3408     015C  0080               	movwf	0
  3409     015D  0875               	movf	fputc@fp,w
  3410     015E  3E02               	addlw	2
  3411     015F  00A0               	movwf	??_fputc
  3412     0160  0876               	movf	fputc@fp+1,w
  3413     0161  1803               	skipnc
  3414     0162  3E01               	addlw	1
  3415     0163  3E00               	addlw	0
  3416     0164  00A1               	movwf	??_fputc+1
  3417     0165  0820               	movf	??_fputc,w
  3418     0166  0084               	movwf	4
  3419     0167  1783               	bsf	3,7
  3420     0168  1C21               	btfss	??_fputc+1,0
  3421     0169  1383               	bcf	3,7
  3422     016A  3001               	movlw	1
  3423     016B  0780               	addwf	0,f
  3424     016C  0A84               	incf	4,f
  3425     016D  1803               	skipnc
  3426     016E  0A80               	incf	0,f
  3427     016F                     l948:
  3428     016F  0008               	return
  3429     0170                     __end_of_fputc:
  3430                           
  3431                           	psect	text8
  3432     00A7                     __ptext8:	
  3433 ;; *************** function _putch *****************
  3434 ;; Defined at:
  3435 ;;		line 7 in file "C:\Program Files\Microchip\xc8\v3.10\pic\sources\c99\common\putch.c"
  3436 ;; Parameters:    Size  Location     Type
  3437 ;;  c               1    wreg     unsigned char 
  3438 ;; Auto vars:     Size  Location     Type
  3439 ;;  c               1    0[COMMON] unsigned char 
  3440 ;; Return value:  Size  Location     Type
  3441 ;;                  1    wreg      void 
  3442 ;; Registers used:
  3443 ;;		wreg
  3444 ;; Tracked objects:
  3445 ;;		On entry : 0/0
  3446 ;;		On exit  : 0/0
  3447 ;;		Unchanged: 0/0
  3448 ;; Data sizes:     COMMON   BANK0   BANK1   BANK3   BANK2
  3449 ;;      Params:         0       0       0       0       0
  3450 ;;      Locals:         0       0       0       0       0
  3451 ;;      Temps:          0       0       0       0       0
  3452 ;;      Totals:         0       0       0       0       0
  3453 ;;Total ram usage:        0 bytes
  3454 ;; Hardware stack levels used: 1
  3455 ;; Hardware stack levels required when called: 1
  3456 ;; This function calls:
  3457 ;;		Nothing
  3458 ;; This function is called by:
  3459 ;;		_fputc
  3460 ;; This function uses a non-reentrant model
  3461 ;;
  3462                           
  3463     00A7                     _putch:	
  3464                           ;psect for function _putch
  3465                           
  3466     00A7                     l959:	
  3467                           ;incstack = 0
  3468 ;; hardware stack exceeded
  3469                           ; Regs used in _putch: [wreg]
  3470                           
  3471     00A7  0008               	return
  3472     00A8                     __end_of_putch:
  3473                           
  3474                           	psect	text9
  3475     0D0D                     __ptext9:	
  3476 ;; *************** function _read_prec_or_width *****************
  3477 ;; Defined at:
  3478 ;;		line 1158 in file "C:\Program Files\Microchip\xc8\v3.10\pic\sources\c99\common\doprnt.c"
  3479 ;; Parameters:    Size  Location     Type
  3480 ;;  fmt             1    8[COMMON] PTR PTR const unsigned c
  3481 ;;		 -> vfprintf@cfmt(1), 
  3482 ;;  ap              1    9[COMMON] PTR PTR void [1]
  3483 ;;		 -> sprintf@ap(1), 
  3484 ;; Auto vars:     Size  Location     Type
  3485 ;;  c               1    1[BANK0 ] unsigned char 
  3486 ;;  n               2    2[BANK0 ] int 
  3487 ;; Return value:  Size  Location     Type
  3488 ;;                  2    8[COMMON] int 
  3489 ;; Registers used:
  3490 ;;		wreg, fsr0l, fsr0h, status,2, status,0, pclath, cstack
  3491 ;; Tracked objects:
  3492 ;;		On entry : 0/0
  3493 ;;		On exit  : 0/0
  3494 ;;		Unchanged: 0/0
  3495 ;; Data sizes:     COMMON   BANK0   BANK1   BANK3   BANK2
  3496 ;;      Params:         2       0       0       0       0
  3497 ;;      Locals:         0       3       0       0       0
  3498 ;;      Temps:          0       1       0       0       0
  3499 ;;      Totals:         2       4       0       0       0
  3500 ;;Total ram usage:        6 bytes
  3501 ;; Hardware stack levels used: 1
  3502 ;; Hardware stack levels required when called: 2
  3503 ;; This function calls:
  3504 ;;		___wmul
  3505 ;; This function is called by:
  3506 ;;		_vfpfcnvrt
  3507 ;; This function uses a non-reentrant model
  3508 ;;
  3509                           
  3510     0D0D                     _read_prec_or_width:	
  3511                           ;psect for function _read_prec_or_width
  3512                           
  3513     0D0D                     l2927:	
  3514                           ;incstack = 0
  3515                           ; Regs used in _read_prec_or_width: [wreg-fsr0h+status,2+status,0+pclath+cstack]
  3516                           
  3517                           
  3518                           ;C:\Program Files\Microchip\xc8\v3.10\pic\sources\c99\common\doprnt.c: 1159:     int n =
      +                           0;
  3519     0D0D  1283               	bcf	3,5	;RP0=0, select bank0
  3520     0D0E  1303               	bcf	3,6	;RP1=0, select bank0
  3521     0D0F  01A2               	clrf	read_prec_or_width@n
  3522     0D10  01A3               	clrf	read_prec_or_width@n+1
  3523     0D11                     l2929:
  3524                           
  3525                           ;C:\Program Files\Microchip\xc8\v3.10\pic\sources\c99\common\doprnt.c: 1160:     if ((*f
      +                          mt)[0] == '*') {
  3526     0D11  0879               	movf	read_prec_or_width@fmt,w
  3527     0D12  0084               	movwf	4
  3528     0D13  1383               	bcf	3,7	;select IRP bank0
  3529     0D14  0800               	movf	0,w
  3530     0D15  0084               	movwf	4
  3531     0D16  120A  118A  2019  120A  158A  	fcall	stringdir
  3532     0D1B  3A2A               	xorlw	42
  3533     0D1C  1D03               	skipz
  3534     0D1D  2D1F               	goto	u3041
  3535     0D1E  2D20               	goto	u3040
  3536     0D1F                     u3041:
  3537     0D1F  2D4E               	goto	l2937
  3538     0D20                     u3040:
  3539     0D20                     l2931:
  3540                           
  3541                           ;C:\Program Files\Microchip\xc8\v3.10\pic\sources\c99\common\doprnt.c: 1161:         ++*
      +                          fmt;
  3542     0D20  0879               	movf	read_prec_or_width@fmt,w
  3543     0D21  0084               	movwf	4
  3544     0D22  3001               	movlw	1
  3545     0D23  0780               	addwf	0,f
  3546                           
  3547                           ;C:\Program Files\Microchip\xc8\v3.10\pic\sources\c99\common\doprnt.c: 1162:         n =
      +                           (*(int *)__va_arg(*(int **)*ap, (int)0));
  3548     0D24  087A               	movf	read_prec_or_width@ap,w
  3549     0D25  0084               	movwf	4
  3550     0D26  0800               	movf	0,w
  3551     0D27  00A0               	movwf	??_read_prec_or_width
  3552     0D28  3002               	movlw	2
  3553     0D29  0780               	addwf	0,f
  3554     0D2A  0820               	movf	??_read_prec_or_width,w
  3555     0D2B  0084               	movwf	4
  3556     0D2C  0800               	movf	0,w
  3557     0D2D  00A2               	movwf	read_prec_or_width@n
  3558     0D2E  0A84               	incf	4,f
  3559     0D2F  0800               	movf	0,w
  3560     0D30  00A3               	movwf	read_prec_or_width@n+1
  3561                           
  3562                           ;C:\Program Files\Microchip\xc8\v3.10\pic\sources\c99\common\doprnt.c: 1163:     } else 
      +                          {
  3563     0D31  2D5F               	goto	l2939
  3564     0D32                     l2933:
  3565                           
  3566                           ;C:\Program Files\Microchip\xc8\v3.10\pic\sources\c99\common\doprnt.c: 1166:            
      +                           n = n * 10 + c;
  3567     0D32  0823               	movf	read_prec_or_width@n+1,w
  3568     0D33  00F4               	movwf	___wmul@multiplier+1
  3569     0D34  0822               	movf	read_prec_or_width@n,w
  3570     0D35  00F3               	movwf	___wmul@multiplier
  3571     0D36  300A               	movlw	10
  3572     0D37  00F5               	movwf	___wmul@multiplicand
  3573     0D38  3000               	movlw	0
  3574     0D39  00F6               	movwf	___wmul@multiplicand+1
  3575     0D3A  120A  158A  21C5  120A  158A  	fcall	___wmul
  3576     0D3F  1283               	bcf	3,5	;RP0=0, select bank0
  3577     0D40  1303               	bcf	3,6	;RP1=0, select bank0
  3578     0D41  0821               	movf	read_prec_or_width@c,w
  3579     0D42  0773               	addwf	?___wmul,w
  3580     0D43  00A2               	movwf	read_prec_or_width@n
  3581     0D44  3000               	movlw	0
  3582     0D45  1803               	skipnc
  3583     0D46  3001               	movlw	1
  3584     0D47  0774               	addwf	?___wmul+1,w
  3585     0D48  00A3               	movwf	read_prec_or_width@n+1
  3586     0D49                     l2935:
  3587                           
  3588                           ;C:\Program Files\Microchip\xc8\v3.10\pic\sources\c99\common\doprnt.c: 1167:            
      +                           ++*fmt;
  3589     0D49  0879               	movf	read_prec_or_width@fmt,w
  3590     0D4A  0084               	movwf	4
  3591     0D4B  3001               	movlw	1
  3592     0D4C  1383               	bcf	3,7	;select IRP bank0
  3593     0D4D  0780               	addwf	0,f
  3594     0D4E                     l2937:
  3595                           
  3596                           ;C:\Program Files\Microchip\xc8\v3.10\pic\sources\c99\common\doprnt.c: 1165:         whi
      +                          le ((c = ((unsigned)(*fmt)[0]) - '0') < 10) {
  3597     0D4E  0879               	movf	read_prec_or_width@fmt,w
  3598     0D4F  0084               	movwf	4
  3599     0D50  0800               	movf	0,w
  3600     0D51  0084               	movwf	4
  3601     0D52  120A  118A  2019  120A  158A  	fcall	stringdir
  3602     0D57  3ED0               	addlw	208
  3603     0D58  00A1               	movwf	read_prec_or_width@c
  3604     0D59  300A               	movlw	10
  3605     0D5A  0221               	subwf	read_prec_or_width@c,w
  3606     0D5B  1C03               	skipc
  3607     0D5C  2D5E               	goto	u3051
  3608     0D5D  2D5F               	goto	u3050
  3609     0D5E                     u3051:
  3610     0D5E  2D32               	goto	l2933
  3611     0D5F                     u3050:
  3612     0D5F                     l2939:
  3613                           
  3614                           ;C:\Program Files\Microchip\xc8\v3.10\pic\sources\c99\common\doprnt.c: 1170:     return 
      +                          n;
  3615     0D5F  0823               	movf	read_prec_or_width@n+1,w
  3616     0D60  00FA               	movwf	?_read_prec_or_width+1
  3617     0D61  0822               	movf	read_prec_or_width@n,w
  3618     0D62  00F9               	movwf	?_read_prec_or_width
  3619     0D63                     l911:
  3620     0D63  0008               	return
  3621     0D64                     __end_of_read_prec_or_width:
  3622                           
  3623                           	psect	text10
  3624     09C5                     __ptext10:	
  3625 ;; *************** function ___wmul *****************
  3626 ;; Defined at:
  3627 ;;		line 15 in file "C:\Program Files\Microchip\xc8\v3.10\pic\sources\c99\common\Umul16.c"
  3628 ;; Parameters:    Size  Location     Type
  3629 ;;  multiplier      2    2[COMMON] unsigned int 
  3630 ;;  multiplicand    2    4[COMMON] unsigned int 
  3631 ;; Auto vars:     Size  Location     Type
  3632 ;;  product         2    6[COMMON] unsigned int 
  3633 ;; Return value:  Size  Location     Type
  3634 ;;                  2    2[COMMON] unsigned int 
  3635 ;; Registers used:
  3636 ;;		wreg, status,2, status,0
  3637 ;; Tracked objects:
  3638 ;;		On entry : 0/0
  3639 ;;		On exit  : 0/0
  3640 ;;		Unchanged: 0/0
  3641 ;; Data sizes:     COMMON   BANK0   BANK1   BANK3   BANK2
  3642 ;;      Params:         4       0       0       0       0
  3643 ;;      Locals:         2       0       0       0       0
  3644 ;;      Temps:          0       0       0       0       0
  3645 ;;      Totals:         6       0       0       0       0
  3646 ;;Total ram usage:        6 bytes
  3647 ;; Hardware stack levels used: 1
  3648 ;; Hardware stack levels required when called: 1
  3649 ;; This function calls:
  3650 ;;		Nothing
  3651 ;; This function is called by:
  3652 ;;		_read_prec_or_width
  3653 ;; This function uses a non-reentrant model
  3654 ;;
  3655                           
  3656     09C5                     ___wmul:	
  3657                           ;psect for function ___wmul
  3658                           
  3659     09C5                     l1909:	
  3660                           ;incstack = 0
  3661                           ; Regs used in ___wmul: [wreg+status,2+status,0]
  3662                           
  3663     09C5  01F7               	clrf	___wmul@product
  3664     09C6  01F8               	clrf	___wmul@product+1
  3665     09C7                     l1911:
  3666     09C7  1C73               	btfss	___wmul@multiplier,0
  3667     09C8  29CA               	goto	u1461
  3668     09C9  29CB               	goto	u1460
  3669     09CA                     u1461:
  3670     09CA  29D1               	goto	l407
  3671     09CB                     u1460:
  3672     09CB                     l1913:
  3673     09CB  0875               	movf	___wmul@multiplicand,w
  3674     09CC  07F7               	addwf	___wmul@product,f
  3675     09CD  1803               	skipnc
  3676     09CE  0AF8               	incf	___wmul@product+1,f
  3677     09CF  0876               	movf	___wmul@multiplicand+1,w
  3678     09D0  07F8               	addwf	___wmul@product+1,f
  3679     09D1                     l407:
  3680     09D1  3001               	movlw	1
  3681     09D2                     u1475:
  3682     09D2  1003               	clrc
  3683     09D3  0DF5               	rlf	___wmul@multiplicand,f
  3684     09D4  0DF6               	rlf	___wmul@multiplicand+1,f
  3685     09D5  3EFF               	addlw	-1
  3686     09D6  1D03               	skipz
  3687     09D7  29D2               	goto	u1475
  3688     09D8                     l1915:
  3689     09D8  3001               	movlw	1
  3690     09D9                     u1485:
  3691     09D9  1003               	clrc
  3692     09DA  0CF4               	rrf	___wmul@multiplier+1,f
  3693     09DB  0CF3               	rrf	___wmul@multiplier,f
  3694     09DC  3EFF               	addlw	-1
  3695     09DD  1D03               	skipz
  3696     09DE  29D9               	goto	u1485
  3697     09DF                     l1917:
  3698     09DF  0873               	movf	___wmul@multiplier,w
  3699     09E0  0474               	iorwf	___wmul@multiplier+1,w
  3700     09E1  1D03               	btfss	3,2
  3701     09E2  29E4               	goto	u1491
  3702     09E3  29E5               	goto	u1490
  3703     09E4                     u1491:
  3704     09E4  29C7               	goto	l1911
  3705     09E5                     u1490:
  3706     09E5                     l1919:
  3707     09E5  0878               	movf	___wmul@product+1,w
  3708     09E6  00F4               	movwf	?___wmul+1
  3709     09E7  0877               	movf	___wmul@product,w
  3710     09E8  00F3               	movwf	?___wmul
  3711     09E9                     l409:
  3712     09E9  0008               	return
  3713     09EA                     __end_of___wmul:
  3714                           
  3715                           	psect	text11
  3716     0B7C                     __ptext11:	
  3717 ;; *************** function ___lmul *****************
  3718 ;; Defined at:
  3719 ;;		line 15 in file "C:\Program Files\Microchip\xc8\v3.10\pic\sources\c99\common\Umul32.c"
  3720 ;; Parameters:    Size  Location     Type
  3721 ;;  multiplier      4    2[COMMON] unsigned long 
  3722 ;;  multiplicand    4    6[COMMON] unsigned long 
  3723 ;; Auto vars:     Size  Location     Type
  3724 ;;  product         4    1[BANK0 ] unsigned long 
  3725 ;; Return value:  Size  Location     Type
  3726 ;;                  4    2[COMMON] unsigned long 
  3727 ;; Registers used:
  3728 ;;		wreg, status,2, status,0
  3729 ;; Tracked objects:
  3730 ;;		On entry : 0/0
  3731 ;;		On exit  : 0/0
  3732 ;;		Unchanged: 0/0
  3733 ;; Data sizes:     COMMON   BANK0   BANK1   BANK3   BANK2
  3734 ;;      Params:         8       0       0       0       0
  3735 ;;      Locals:         0       4       0       0       0
  3736 ;;      Temps:          0       1       0       0       0
  3737 ;;      Totals:         8       5       0       0       0
  3738 ;;Total ram usage:       13 bytes
  3739 ;; Hardware stack levels used: 1
  3740 ;; Hardware stack levels required when called: 1
  3741 ;; This function calls:
  3742 ;;		Nothing
  3743 ;; This function is called by:
  3744 ;;		_main
  3745 ;; This function uses a non-reentrant model
  3746 ;;
  3747                           
  3748     0B7C                     ___lmul:	
  3749                           ;psect for function ___lmul
  3750                           
  3751     0B7C                     l3317:	
  3752                           ;incstack = 0
  3753                           ; Regs used in ___lmul: [wreg+status,2+status,0]
  3754                           
  3755     0B7C  3000               	movlw	0
  3756     0B7D  1283               	bcf	3,5	;RP0=0, select bank0
  3757     0B7E  1303               	bcf	3,6	;RP1=0, select bank0
  3758     0B7F  00A4               	movwf	___lmul@product+3
  3759     0B80  3000               	movlw	0
  3760     0B81  00A3               	movwf	___lmul@product+2
  3761     0B82  3000               	movlw	0
  3762     0B83  00A2               	movwf	___lmul@product+1
  3763     0B84  3000               	movlw	0
  3764     0B85  00A1               	movwf	___lmul@product
  3765     0B86                     l3319:
  3766     0B86  1C73               	btfss	___lmul@multiplier,0
  3767     0B87  2B89               	goto	u3511
  3768     0B88  2B8A               	goto	u3510
  3769     0B89                     u3511:
  3770     0B89  2BA1               	goto	l3323
  3771     0B8A                     u3510:
  3772     0B8A                     l3321:
  3773     0B8A  0877               	movf	___lmul@multiplicand,w
  3774     0B8B  07A1               	addwf	___lmul@product,f
  3775     0B8C  0878               	movf	___lmul@multiplicand+1,w
  3776     0B8D  1103               	clrz
  3777     0B8E  1803               	skipnc
  3778     0B8F  3E01               	addlw	1
  3779     0B90  1903               	skipnz
  3780     0B91  2B93               	goto	u3521
  3781     0B92  07A2               	addwf	___lmul@product+1,f
  3782     0B93                     u3521:
  3783     0B93  0879               	movf	___lmul@multiplicand+2,w
  3784     0B94  1103               	clrz
  3785     0B95  1803               	skipnc
  3786     0B96  3E01               	addlw	1
  3787     0B97  1903               	skipnz
  3788     0B98  2B9A               	goto	u3522
  3789     0B99  07A3               	addwf	___lmul@product+2,f
  3790     0B9A                     u3522:
  3791     0B9A  087A               	movf	___lmul@multiplicand+3,w
  3792     0B9B  1103               	clrz
  3793     0B9C  1803               	skipnc
  3794     0B9D  3E01               	addlw	1
  3795     0B9E  1903               	skipnz
  3796     0B9F  2BA1               	goto	u3523
  3797     0BA0  07A4               	addwf	___lmul@product+3,f
  3798     0BA1                     u3523:
  3799     0BA1                     l3323:
  3800     0BA1  3001               	movlw	1
  3801     0BA2  00A0               	movwf	??___lmul
  3802     0BA3                     u3535:
  3803     0BA3  1003               	clrc
  3804     0BA4  0DF7               	rlf	___lmul@multiplicand,f
  3805     0BA5  0DF8               	rlf	___lmul@multiplicand+1,f
  3806     0BA6  0DF9               	rlf	___lmul@multiplicand+2,f
  3807     0BA7  0DFA               	rlf	___lmul@multiplicand+3,f
  3808     0BA8  0BA0               	decfsz	??___lmul,f
  3809     0BA9  2BA3               	goto	u3535
  3810     0BAA                     l3325:
  3811     0BAA  3001               	movlw	1
  3812     0BAB                     u3545:
  3813     0BAB  1003               	clrc
  3814     0BAC  0CF6               	rrf	___lmul@multiplier+3,f
  3815     0BAD  0CF5               	rrf	___lmul@multiplier+2,f
  3816     0BAE  0CF4               	rrf	___lmul@multiplier+1,f
  3817     0BAF  0CF3               	rrf	___lmul@multiplier,f
  3818     0BB0  3EFF               	addlw	-1
  3819     0BB1  1D03               	skipz
  3820     0BB2  2BAB               	goto	u3545
  3821     0BB3  0876               	movf	___lmul@multiplier+3,w
  3822     0BB4  0475               	iorwf	___lmul@multiplier+2,w
  3823     0BB5  0474               	iorwf	___lmul@multiplier+1,w
  3824     0BB6  0473               	iorwf	___lmul@multiplier,w
  3825     0BB7  1D03               	skipz
  3826     0BB8  2BBA               	goto	u3551
  3827     0BB9  2BBB               	goto	u3550
  3828     0BBA                     u3551:
  3829     0BBA  2B86               	goto	l3319
  3830     0BBB                     u3550:
  3831     0BBB                     l3327:
  3832     0BBB  0824               	movf	___lmul@product+3,w
  3833     0BBC  00F6               	movwf	?___lmul+3
  3834     0BBD  0823               	movf	___lmul@product+2,w
  3835     0BBE  00F5               	movwf	?___lmul+2
  3836     0BBF  0822               	movf	___lmul@product+1,w
  3837     0BC0  00F4               	movwf	?___lmul+1
  3838     0BC1  0821               	movf	___lmul@product,w
  3839     0BC2  00F3               	movwf	?___lmul
  3840     0BC3                     l421:
  3841     0BC3  0008               	return
  3842     0BC4                     __end_of___lmul:
  3843                           
  3844                           	psect	text12
  3845     0E2D                     __ptext12:	
  3846 ;; *************** function ___lldiv *****************
  3847 ;; Defined at:
  3848 ;;		line 5 in file "C:\Program Files\Microchip\xc8\v3.10\pic\sources\c99\common\__lldiv.c"
  3849 ;; Parameters:    Size  Location     Type
  3850 ;;  divisor         4    5[BANK0 ] unsigned long 
  3851 ;;  dividend        4    9[BANK0 ] unsigned long 
  3852 ;; Auto vars:     Size  Location     Type
  3853 ;;  quotient        4   14[BANK0 ] unsigned long 
  3854 ;;  counter         1   18[BANK0 ] unsigned char 
  3855 ;; Return value:  Size  Location     Type
  3856 ;;                  4    5[BANK0 ] unsigned long 
  3857 ;; Registers used:
  3858 ;;		wreg, status,2, status,0
  3859 ;; Tracked objects:
  3860 ;;		On entry : 0/0
  3861 ;;		On exit  : 0/0
  3862 ;;		Unchanged: 0/0
  3863 ;; Data sizes:     COMMON   BANK0   BANK1   BANK3   BANK2
  3864 ;;      Params:         0       8       0       0       0
  3865 ;;      Locals:         0       5       0       0       0
  3866 ;;      Temps:          0       1       0       0       0
  3867 ;;      Totals:         0      14       0       0       0
  3868 ;;Total ram usage:       14 bytes
  3869 ;; Hardware stack levels used: 1
  3870 ;; Hardware stack levels required when called: 1
  3871 ;; This function calls:
  3872 ;;		Nothing
  3873 ;; This function is called by:
  3874 ;;		_main
  3875 ;; This function uses a non-reentrant model
  3876 ;;
  3877                           
  3878     0E2D                     ___lldiv:	
  3879                           ;psect for function ___lldiv
  3880                           
  3881     0E2D                     l2591:	
  3882                           ;incstack = 0
  3883                           ; Regs used in ___lldiv: [wreg+status,2+status,0]
  3884                           
  3885     0E2D  3000               	movlw	0
  3886     0E2E  1283               	bcf	3,5	;RP0=0, select bank0
  3887     0E2F  1303               	bcf	3,6	;RP1=0, select bank0
  3888     0E30  00B1               	movwf	___lldiv@quotient+3
  3889     0E31  3000               	movlw	0
  3890     0E32  00B0               	movwf	___lldiv@quotient+2
  3891     0E33  3000               	movlw	0
  3892     0E34  00AF               	movwf	___lldiv@quotient+1
  3893     0E35  3000               	movlw	0
  3894     0E36  00AE               	movwf	___lldiv@quotient
  3895     0E37  0828               	movf	___lldiv@divisor+3,w
  3896     0E38  0427               	iorwf	___lldiv@divisor+2,w
  3897     0E39  0426               	iorwf	___lldiv@divisor+1,w
  3898     0E3A  0425               	iorwf	___lldiv@divisor,w
  3899     0E3B  1903               	skipnz
  3900     0E3C  2E3E               	goto	u2551
  3901     0E3D  2E3F               	goto	u2550
  3902     0E3E                     u2551:
  3903     0E3E  2E8A               	goto	l2611
  3904     0E3F                     u2550:
  3905     0E3F                     l2593:
  3906     0E3F  3001               	movlw	1
  3907     0E40  00B2               	movwf	___lldiv@counter
  3908     0E41  2E4D               	goto	l2597
  3909     0E42                     l2595:
  3910     0E42  3001               	movlw	1
  3911     0E43  00AD               	movwf	??___lldiv
  3912     0E44                     u2565:
  3913     0E44  1003               	clrc
  3914     0E45  0DA5               	rlf	___lldiv@divisor,f
  3915     0E46  0DA6               	rlf	___lldiv@divisor+1,f
  3916     0E47  0DA7               	rlf	___lldiv@divisor+2,f
  3917     0E48  0DA8               	rlf	___lldiv@divisor+3,f
  3918     0E49  0BAD               	decfsz	??___lldiv,f
  3919     0E4A  2E44               	goto	u2565
  3920     0E4B  3001               	movlw	1
  3921     0E4C  07B2               	addwf	___lldiv@counter,f
  3922     0E4D                     l2597:
  3923     0E4D  1FA8               	btfss	___lldiv@divisor+3,7
  3924     0E4E  2E50               	goto	u2571
  3925     0E4F  2E51               	goto	u2570
  3926     0E50                     u2571:
  3927     0E50  2E42               	goto	l2595
  3928     0E51                     u2570:
  3929     0E51                     l2599:
  3930     0E51  3001               	movlw	1
  3931     0E52  00AD               	movwf	??___lldiv
  3932     0E53                     u2585:
  3933     0E53  1003               	clrc
  3934     0E54  0DAE               	rlf	___lldiv@quotient,f
  3935     0E55  0DAF               	rlf	___lldiv@quotient+1,f
  3936     0E56  0DB0               	rlf	___lldiv@quotient+2,f
  3937     0E57  0DB1               	rlf	___lldiv@quotient+3,f
  3938     0E58  0BAD               	decfsz	??___lldiv,f
  3939     0E59  2E53               	goto	u2585
  3940     0E5A                     l2601:
  3941     0E5A  0828               	movf	___lldiv@divisor+3,w
  3942     0E5B  022C               	subwf	___lldiv@dividend+3,w
  3943     0E5C  1D03               	skipz
  3944     0E5D  2E68               	goto	u2595
  3945     0E5E  0827               	movf	___lldiv@divisor+2,w
  3946     0E5F  022B               	subwf	___lldiv@dividend+2,w
  3947     0E60  1D03               	skipz
  3948     0E61  2E68               	goto	u2595
  3949     0E62  0826               	movf	___lldiv@divisor+1,w
  3950     0E63  022A               	subwf	___lldiv@dividend+1,w
  3951     0E64  1D03               	skipz
  3952     0E65  2E68               	goto	u2595
  3953     0E66  0825               	movf	___lldiv@divisor,w
  3954     0E67  0229               	subwf	___lldiv@dividend,w
  3955     0E68                     u2595:
  3956     0E68  1C03               	skipc
  3957     0E69  2E6B               	goto	u2591
  3958     0E6A  2E6C               	goto	u2590
  3959     0E6B                     u2591:
  3960     0E6B  2E7B               	goto	l2607
  3961     0E6C                     u2590:
  3962     0E6C                     l2603:
  3963     0E6C  0825               	movf	___lldiv@divisor,w
  3964     0E6D  02A9               	subwf	___lldiv@dividend,f
  3965     0E6E  0826               	movf	___lldiv@divisor+1,w
  3966     0E6F  1C03               	skipc
  3967     0E70  0F26               	incfsz	___lldiv@divisor+1,w
  3968     0E71  02AA               	subwf	___lldiv@dividend+1,f
  3969     0E72  0827               	movf	___lldiv@divisor+2,w
  3970     0E73  1C03               	skipc
  3971     0E74  0F27               	incfsz	___lldiv@divisor+2,w
  3972     0E75  02AB               	subwf	___lldiv@dividend+2,f
  3973     0E76  0828               	movf	___lldiv@divisor+3,w
  3974     0E77  1C03               	skipc
  3975     0E78  0F28               	incfsz	___lldiv@divisor+3,w
  3976     0E79  02AC               	subwf	___lldiv@dividend+3,f
  3977     0E7A                     l2605:
  3978     0E7A  142E               	bsf	___lldiv@quotient,0
  3979     0E7B                     l2607:
  3980     0E7B  3001               	movlw	1
  3981     0E7C                     u2605:
  3982     0E7C  1003               	clrc
  3983     0E7D  0CA8               	rrf	___lldiv@divisor+3,f
  3984     0E7E  0CA7               	rrf	___lldiv@divisor+2,f
  3985     0E7F  0CA6               	rrf	___lldiv@divisor+1,f
  3986     0E80  0CA5               	rrf	___lldiv@divisor,f
  3987     0E81  3EFF               	addlw	-1
  3988     0E82  1D03               	skipz
  3989     0E83  2E7C               	goto	u2605
  3990     0E84                     l2609:
  3991     0E84  3001               	movlw	1
  3992     0E85  02B2               	subwf	___lldiv@counter,f
  3993     0E86  1D03               	btfss	3,2
  3994     0E87  2E89               	goto	u2611
  3995     0E88  2E8A               	goto	u2610
  3996     0E89                     u2611:
  3997     0E89  2E51               	goto	l2599
  3998     0E8A                     u2610:
  3999     0E8A                     l2611:
  4000     0E8A  0831               	movf	___lldiv@quotient+3,w
  4001     0E8B  00A8               	movwf	?___lldiv+3
  4002     0E8C  0830               	movf	___lldiv@quotient+2,w
  4003     0E8D  00A7               	movwf	?___lldiv+2
  4004     0E8E  082F               	movf	___lldiv@quotient+1,w
  4005     0E8F  00A6               	movwf	?___lldiv+1
  4006     0E90  082E               	movf	___lldiv@quotient,w
  4007     0E91  00A5               	movwf	?___lldiv
  4008     0E92                     l443:
  4009     0E92  0008               	return
  4010     0E93                     __end_of___lldiv:
  4011                           
  4012                           	psect	text13
  4013     08C3                     __ptext13:	
  4014 ;; *************** function _UART_Print *****************
  4015 ;; Defined at:
  4016 ;;		line 326 in file "main.c"
  4017 ;; Parameters:    Size  Location     Type
  4018 ;;  s               1    3[COMMON] PTR const unsigned char 
  4019 ;;		 -> STR_6(3), STR_3(56), 
  4020 ;; Auto vars:     Size  Location     Type
  4021 ;;		None
  4022 ;; Return value:  Size  Location     Type
  4023 ;;                  1    wreg      void 
  4024 ;; Registers used:
  4025 ;;		wreg, fsr0l, fsr0h, status,2, status,0, pclath, cstack
  4026 ;; Tracked objects:
  4027 ;;		On entry : 0/0
  4028 ;;		On exit  : 0/0
  4029 ;;		Unchanged: 0/0
  4030 ;; Data sizes:     COMMON   BANK0   BANK1   BANK3   BANK2
  4031 ;;      Params:         1       0       0       0       0
  4032 ;;      Locals:         0       0       0       0       0
  4033 ;;      Temps:          0       0       0       0       0
  4034 ;;      Totals:         1       0       0       0       0
  4035 ;;Total ram usage:        1 bytes
  4036 ;; Hardware stack levels used: 1
  4037 ;; Hardware stack levels required when called: 2
  4038 ;; This function calls:
  4039 ;;		_UART_Write
  4040 ;; This function is called by:
  4041 ;;		_main
  4042 ;; This function uses a non-reentrant model
  4043 ;;
  4044                           
  4045     08C3                     _UART_Print:	
  4046                           ;psect for function _UART_Print
  4047                           
  4048     08C3                     l3283:	
  4049                           ;incstack = 0
  4050                           ; Regs used in _UART_Print: [wreg-fsr0h+status,2+status,0+pclath+cstack]
  4051                           
  4052     08C3  28D2               	goto	l3289
  4053     08C4                     l3285:
  4054     08C4  0874               	movf	UART_Print@s,w
  4055     08C5  0084               	movwf	4
  4056     08C6  120A  118A  2019  120A  158A  	fcall	stringdir
  4057     08CB  120A  158A  2012  120A  158A  	fcall	_UART_Write
  4058     08D0                     l3287:
  4059     08D0  3001               	movlw	1
  4060     08D1  07F4               	addwf	UART_Print@s,f
  4061     08D2                     l3289:
  4062     08D2  0874               	movf	UART_Print@s,w
  4063     08D3  0084               	movwf	4
  4064     08D4  120A  118A  2019  120A  158A  	fcall	stringdir
  4065     08D9  3A00               	xorlw	0
  4066     08DA  1D03               	skipz
  4067     08DB  28DD               	goto	u3501
  4068     08DC  28DE               	goto	u3500
  4069     08DD                     u3501:
  4070     08DD  28C4               	goto	l3285
  4071     08DE                     u3500:
  4072     08DE                     l288:
  4073     08DE  0008               	return
  4074     08DF                     __end_of_UART_Print:
  4075                           
  4076                           	psect	text14
  4077     0BC4                     __ptext14:	
  4078 ;; *************** function _UART_NumFrac *****************
  4079 ;; Defined at:
  4080 ;;		line 337 in file "main.c"
  4081 ;; Parameters:    Size  Location     Type
  4082 ;;  n               2    8[BANK0 ] unsigned int 
  4083 ;;  den             1   10[BANK0 ] unsigned char 
  4084 ;; Auto vars:     Size  Location     Type
  4085 ;;		None
  4086 ;; Return value:  Size  Location     Type
  4087 ;;                  1    wreg      void 
  4088 ;; Registers used:
  4089 ;;		wreg, fsr0l, fsr0h, status,2, status,0, pclath, cstack
  4090 ;; Tracked objects:
  4091 ;;		On entry : 0/0
  4092 ;;		On exit  : 0/0
  4093 ;;		Unchanged: 0/0
  4094 ;; Data sizes:     COMMON   BANK0   BANK1   BANK3   BANK2
  4095 ;;      Params:         0       3       0       0       0
  4096 ;;      Locals:         0       4       0       0       0
  4097 ;;      Temps:          0       2       0       0       0
  4098 ;;      Totals:         0       9       0       0       0
  4099 ;;Total ram usage:        9 bytes
  4100 ;; Hardware stack levels used: 1
  4101 ;; Hardware stack levels required when called: 2
  4102 ;; This function calls:
  4103 ;;		_UART_Num
  4104 ;;		_UART_Write
  4105 ;;		___lwdiv
  4106 ;;		___lwmod
  4107 ;; This function is called by:
  4108 ;;		_main
  4109 ;; This function uses a non-reentrant model
  4110 ;;
  4111                           
  4112     0BC4                     _UART_NumFrac:	
  4113                           ;psect for function _UART_NumFrac
  4114                           
  4115     0BC4                     l3293:	
  4116                           ;incstack = 0
  4117                           ; Regs used in _UART_NumFrac: [wreg-fsr0h+status,2+status,0+pclath+cstack]
  4118                           
  4119                           
  4120                           ;main.c: 338:     UART_Num(n / den); UART_Write('.'); UART_Num(n % den);
  4121     0BC4  1283               	bcf	3,5	;RP0=0, select bank0
  4122     0BC5  1303               	bcf	3,6	;RP1=0, select bank0
  4123     0BC6  082A               	movf	UART_NumFrac@den,w
  4124     0BC7  00AB               	movwf	??_UART_NumFrac
  4125     0BC8  01AC               	clrf	??_UART_NumFrac+1
  4126     0BC9  082B               	movf	??_UART_NumFrac,w
  4127     0BCA  00F3               	movwf	___lwdiv@divisor
  4128     0BCB  082C               	movf	??_UART_NumFrac+1,w
  4129     0BCC  00F4               	movwf	___lwdiv@divisor+1
  4130     0BCD  0829               	movf	UART_NumFrac@n+1,w
  4131     0BCE  00F6               	movwf	___lwdiv@dividend+1
  4132     0BCF  0828               	movf	UART_NumFrac@n,w
  4133     0BD0  00F5               	movwf	___lwdiv@dividend
  4134     0BD1  120A  158A  233A  120A  158A  	fcall	___lwdiv
  4135     0BD6  0874               	movf	?___lwdiv+1,w
  4136     0BD7  1283               	bcf	3,5	;RP0=0, select bank0
  4137     0BD8  1303               	bcf	3,6	;RP1=0, select bank0
  4138     0BD9  00AE               	movwf	_UART_NumFrac$1360+1
  4139     0BDA  0873               	movf	?___lwdiv,w
  4140     0BDB  00AD               	movwf	_UART_NumFrac$1360
  4141     0BDC                     l3295:
  4142                           
  4143                           ;main.c: 338:     UART_Num(n / den); UART_Write('.'); UART_Num(n % den);
  4144     0BDC  082E               	movf	_UART_NumFrac$1360+1,w
  4145     0BDD  00A1               	movwf	UART_Num@n+1
  4146     0BDE  082D               	movf	_UART_NumFrac$1360,w
  4147     0BDF  00A0               	movwf	UART_Num@n
  4148     0BE0  120A  158A  2460  120A  158A  	fcall	_UART_Num
  4149     0BE5                     l3297:
  4150     0BE5  302E               	movlw	46
  4151     0BE6  120A  158A  2012  120A  158A  	fcall	_UART_Write
  4152     0BEB                     l3299:
  4153     0BEB  1283               	bcf	3,5	;RP0=0, select bank0
  4154     0BEC  1303               	bcf	3,6	;RP1=0, select bank0
  4155     0BED  082A               	movf	UART_NumFrac@den,w
  4156     0BEE  00AB               	movwf	??_UART_NumFrac
  4157     0BEF  01AC               	clrf	??_UART_NumFrac+1
  4158     0BF0  082B               	movf	??_UART_NumFrac,w
  4159     0BF1  00F3               	movwf	___lwmod@divisor
  4160     0BF2  082C               	movf	??_UART_NumFrac+1,w
  4161     0BF3  00F4               	movwf	___lwmod@divisor+1
  4162     0BF4  0829               	movf	UART_NumFrac@n+1,w
  4163     0BF5  00F6               	movwf	___lwmod@dividend+1
  4164     0BF6  0828               	movf	UART_NumFrac@n,w
  4165     0BF7  00F5               	movwf	___lwmod@dividend
  4166     0BF8  120A  158A  22C6  120A  158A  	fcall	___lwmod
  4167     0BFD  0874               	movf	?___lwmod+1,w
  4168     0BFE  1283               	bcf	3,5	;RP0=0, select bank0
  4169     0BFF  1303               	bcf	3,6	;RP1=0, select bank0
  4170     0C00  00B0               	movwf	_UART_NumFrac$1361+1
  4171     0C01  0873               	movf	?___lwmod,w
  4172     0C02  00AF               	movwf	_UART_NumFrac$1361
  4173     0C03                     l3301:
  4174     0C03  0830               	movf	_UART_NumFrac$1361+1,w
  4175     0C04  00A1               	movwf	UART_Num@n+1
  4176     0C05  082F               	movf	_UART_NumFrac$1361,w
  4177     0C06  00A0               	movwf	UART_Num@n
  4178     0C07  120A  158A  2460  120A  158A  	fcall	_UART_Num
  4179     0C0C                     l304:
  4180     0C0C  0008               	return
  4181     0C0D                     __end_of_UART_NumFrac:
  4182                           
  4183                           	psect	text15
  4184     0AFE                     __ptext15:	
  4185 ;; *************** function _UART_Num2 *****************
  4186 ;; Defined at:
  4187 ;;		line 335 in file "main.c"
  4188 ;; Parameters:    Size  Location     Type
  4189 ;;  n               1    wreg     unsigned char 
  4190 ;; Auto vars:     Size  Location     Type
  4191 ;;  n               1   10[BANK0 ] unsigned char 
  4192 ;; Return value:  Size  Location     Type
  4193 ;;                  1    wreg      void 
  4194 ;; Registers used:
  4195 ;;		wreg, fsr0l, fsr0h, status,2, status,0, pclath, cstack
  4196 ;; Tracked objects:
  4197 ;;		On entry : 0/0
  4198 ;;		On exit  : 0/0
  4199 ;;		Unchanged: 0/0
  4200 ;; Data sizes:     COMMON   BANK0   BANK1   BANK3   BANK2
  4201 ;;      Params:         0       0       0       0       0
  4202 ;;      Locals:         0       1       0       0       0
  4203 ;;      Temps:          0       2       0       0       0
  4204 ;;      Totals:         0       3       0       0       0
  4205 ;;Total ram usage:        3 bytes
  4206 ;; Hardware stack levels used: 1
  4207 ;; Hardware stack levels required when called: 2
  4208 ;; This function calls:
  4209 ;;		_UART_Num
  4210 ;;		___awdiv
  4211 ;;		___awmod
  4212 ;; This function is called by:
  4213 ;;		_main
  4214 ;; This function uses a non-reentrant model
  4215 ;;
  4216                           
  4217     0AFE                     _UART_Num2:	
  4218                           ;psect for function _UART_Num2
  4219                           
  4220                           
  4221                           ;incstack = 0
  4222                           ; Regs used in _UART_Num2: [wreg-fsr0h+status,2+status,0+pclath+cstack]
  4223                           ;UART_Num2@n stored from wreg
  4224     0AFE  1283               	bcf	3,5	;RP0=0, select bank0
  4225     0AFF  1303               	bcf	3,6	;RP1=0, select bank0
  4226     0B00  00AA               	movwf	UART_Num2@n
  4227     0B01                     l3291:
  4228     0B01  300A               	movlw	10
  4229     0B02  00F3               	movwf	___awdiv@divisor
  4230     0B03  3000               	movlw	0
  4231     0B04  00F4               	movwf	___awdiv@divisor+1
  4232     0B05  082A               	movf	UART_Num2@n,w
  4233     0B06  00A8               	movwf	??_UART_Num2
  4234     0B07  01A9               	clrf	??_UART_Num2+1
  4235     0B08  0828               	movf	??_UART_Num2,w
  4236     0B09  00F5               	movwf	___awdiv@dividend
  4237     0B0A  0829               	movf	??_UART_Num2+1,w
  4238     0B0B  00F6               	movwf	___awdiv@dividend+1
  4239     0B0C  120A  158A  2564  120A  158A  	fcall	___awdiv
  4240     0B11  0874               	movf	?___awdiv+1,w
  4241     0B12  1283               	bcf	3,5	;RP0=0, select bank0
  4242     0B13  1303               	bcf	3,6	;RP1=0, select bank0
  4243     0B14  00A1               	movwf	UART_Num@n+1
  4244     0B15  0873               	movf	?___awdiv,w
  4245     0B16  00A0               	movwf	UART_Num@n
  4246     0B17  120A  158A  2460  120A  158A  	fcall	_UART_Num
  4247     0B1C  300A               	movlw	10
  4248     0B1D  00F3               	movwf	___awmod@divisor
  4249     0B1E  3000               	movlw	0
  4250     0B1F  00F4               	movwf	___awmod@divisor+1
  4251     0B20  1283               	bcf	3,5	;RP0=0, select bank0
  4252     0B21  1303               	bcf	3,6	;RP1=0, select bank0
  4253     0B22  082A               	movf	UART_Num2@n,w
  4254     0B23  00A8               	movwf	??_UART_Num2
  4255     0B24  01A9               	clrf	??_UART_Num2+1
  4256     0B25  0828               	movf	??_UART_Num2,w
  4257     0B26  00F5               	movwf	___awmod@dividend
  4258     0B27  0829               	movf	??_UART_Num2+1,w
  4259     0B28  00F6               	movwf	___awmod@dividend+1
  4260     0B29  120A  158A  24B6  120A  158A  	fcall	___awmod
  4261     0B2E  0874               	movf	?___awmod+1,w
  4262     0B2F  1283               	bcf	3,5	;RP0=0, select bank0
  4263     0B30  1303               	bcf	3,6	;RP1=0, select bank0
  4264     0B31  00A1               	movwf	UART_Num@n+1
  4265     0B32  0873               	movf	?___awmod,w
  4266     0B33  00A0               	movwf	UART_Num@n
  4267     0B34  120A  158A  2460  120A  158A  	fcall	_UART_Num
  4268     0B39                     l301:
  4269     0B39  0008               	return
  4270     0B3A                     __end_of_UART_Num2:
  4271                           
  4272                           	psect	text16
  4273     0CB6                     __ptext16:	
  4274 ;; *************** function ___awmod *****************
  4275 ;; Defined at:
  4276 ;;		line 5 in file "C:\Program Files\Microchip\xc8\v3.10\pic\sources\c99\common\awmod.c"
  4277 ;; Parameters:    Size  Location     Type
  4278 ;;  divisor         2    2[COMMON] int 
  4279 ;;  dividend        2    4[COMMON] int 
  4280 ;; Auto vars:     Size  Location     Type
  4281 ;;  sign            1    7[COMMON] unsigned char 
  4282 ;;  counter         1    6[COMMON] unsigned char 
  4283 ;; Return value:  Size  Location     Type
  4284 ;;                  2    2[COMMON] int 
  4285 ;; Registers used:
  4286 ;;		wreg, status,2, status,0
  4287 ;; Tracked objects:
  4288 ;;		On entry : 0/0
  4289 ;;		On exit  : 0/0
  4290 ;;		Unchanged: 0/0
  4291 ;; Data sizes:     COMMON   BANK0   BANK1   BANK3   BANK2
  4292 ;;      Params:         4       0       0       0       0
  4293 ;;      Locals:         2       0       0       0       0
  4294 ;;      Temps:          0       0       0       0       0
  4295 ;;      Totals:         6       0       0       0       0
  4296 ;;Total ram usage:        6 bytes
  4297 ;; Hardware stack levels used: 1
  4298 ;; Hardware stack levels required when called: 1
  4299 ;; This function calls:
  4300 ;;		Nothing
  4301 ;; This function is called by:
  4302 ;;		_UART_Num2
  4303 ;;		_DECtoBCD
  4304 ;; This function uses a non-reentrant model
  4305 ;;
  4306                           
  4307     0CB6                     ___awmod:	
  4308                           ;psect for function ___awmod
  4309                           
  4310     0CB6                     l3147:	
  4311                           ;incstack = 0
  4312                           ; Regs used in ___awmod: [wreg+status,2+status,0]
  4313                           
  4314     0CB6  01F8               	clrf	___awmod@sign
  4315     0CB7                     l3149:
  4316     0CB7  1FF6               	btfss	___awmod@dividend+1,7
  4317     0CB8  2CBA               	goto	u3341
  4318     0CB9  2CBB               	goto	u3340
  4319     0CBA                     u3341:
  4320     0CBA  2CC2               	goto	l3155
  4321     0CBB                     u3340:
  4322     0CBB                     l3151:
  4323     0CBB  09F5               	comf	___awmod@dividend,f
  4324     0CBC  09F6               	comf	___awmod@dividend+1,f
  4325     0CBD  0AF5               	incf	___awmod@dividend,f
  4326     0CBE  1903               	skipnz
  4327     0CBF  0AF6               	incf	___awmod@dividend+1,f
  4328     0CC0                     l3153:
  4329     0CC0  3001               	movlw	1
  4330     0CC1  00F8               	movwf	___awmod@sign
  4331     0CC2                     l3155:
  4332     0CC2  1FF4               	btfss	___awmod@divisor+1,7
  4333     0CC3  2CC5               	goto	u3351
  4334     0CC4  2CC6               	goto	u3350
  4335     0CC5                     u3351:
  4336     0CC5  2CCB               	goto	l3159
  4337     0CC6                     u3350:
  4338     0CC6                     l3157:
  4339     0CC6  09F3               	comf	___awmod@divisor,f
  4340     0CC7  09F4               	comf	___awmod@divisor+1,f
  4341     0CC8  0AF3               	incf	___awmod@divisor,f
  4342     0CC9  1903               	skipnz
  4343     0CCA  0AF4               	incf	___awmod@divisor+1,f
  4344     0CCB                     l3159:
  4345     0CCB  0873               	movf	___awmod@divisor,w
  4346     0CCC  0474               	iorwf	___awmod@divisor+1,w
  4347     0CCD  1903               	btfsc	3,2
  4348     0CCE  2CD0               	goto	u3361
  4349     0CCF  2CD1               	goto	u3360
  4350     0CD0                     u3361:
  4351     0CD0  2CFE               	goto	l3177
  4352     0CD1                     u3360:
  4353     0CD1                     l3161:
  4354     0CD1  3001               	movlw	1
  4355     0CD2  00F7               	movwf	___awmod@counter
  4356     0CD3  2CDD               	goto	l3167
  4357     0CD4                     l3163:
  4358     0CD4  3001               	movlw	1
  4359     0CD5                     u3375:
  4360     0CD5  1003               	clrc
  4361     0CD6  0DF3               	rlf	___awmod@divisor,f
  4362     0CD7  0DF4               	rlf	___awmod@divisor+1,f
  4363     0CD8  3EFF               	addlw	-1
  4364     0CD9  1D03               	skipz
  4365     0CDA  2CD5               	goto	u3375
  4366     0CDB                     l3165:
  4367     0CDB  3001               	movlw	1
  4368     0CDC  07F7               	addwf	___awmod@counter,f
  4369     0CDD                     l3167:
  4370     0CDD  1FF4               	btfss	___awmod@divisor+1,7
  4371     0CDE  2CE0               	goto	u3381
  4372     0CDF  2CE1               	goto	u3380
  4373     0CE0                     u3381:
  4374     0CE0  2CD4               	goto	l3163
  4375     0CE1                     u3380:
  4376     0CE1                     l3169:
  4377     0CE1  0874               	movf	___awmod@divisor+1,w
  4378     0CE2  0276               	subwf	___awmod@dividend+1,w
  4379     0CE3  1D03               	skipz
  4380     0CE4  2CE7               	goto	u3395
  4381     0CE5  0873               	movf	___awmod@divisor,w
  4382     0CE6  0275               	subwf	___awmod@dividend,w
  4383     0CE7                     u3395:
  4384     0CE7  1C03               	skipc
  4385     0CE8  2CEA               	goto	u3391
  4386     0CE9  2CEB               	goto	u3390
  4387     0CEA                     u3391:
  4388     0CEA  2CF1               	goto	l3173
  4389     0CEB                     u3390:
  4390     0CEB                     l3171:
  4391     0CEB  0873               	movf	___awmod@divisor,w
  4392     0CEC  02F5               	subwf	___awmod@dividend,f
  4393     0CED  0874               	movf	___awmod@divisor+1,w
  4394     0CEE  1C03               	skipc
  4395     0CEF  03F6               	decf	___awmod@dividend+1,f
  4396     0CF0  02F6               	subwf	___awmod@dividend+1,f
  4397     0CF1                     l3173:
  4398     0CF1  3001               	movlw	1
  4399     0CF2                     u3405:
  4400     0CF2  1003               	clrc
  4401     0CF3  0CF4               	rrf	___awmod@divisor+1,f
  4402     0CF4  0CF3               	rrf	___awmod@divisor,f
  4403     0CF5  3EFF               	addlw	-1
  4404     0CF6  1D03               	skipz
  4405     0CF7  2CF2               	goto	u3405
  4406     0CF8                     l3175:
  4407     0CF8  3001               	movlw	1
  4408     0CF9  02F7               	subwf	___awmod@counter,f
  4409     0CFA  1D03               	btfss	3,2
  4410     0CFB  2CFD               	goto	u3411
  4411     0CFC  2CFE               	goto	u3410
  4412     0CFD                     u3411:
  4413     0CFD  2CE1               	goto	l3169
  4414     0CFE                     u3410:
  4415     0CFE                     l3177:
  4416     0CFE  0878               	movf	___awmod@sign,w
  4417     0CFF  1903               	btfsc	3,2
  4418     0D00  2D02               	goto	u3421
  4419     0D01  2D03               	goto	u3420
  4420     0D02                     u3421:
  4421     0D02  2D08               	goto	l3181
  4422     0D03                     u3420:
  4423     0D03                     l3179:
  4424     0D03  09F5               	comf	___awmod@dividend,f
  4425     0D04  09F6               	comf	___awmod@dividend+1,f
  4426     0D05  0AF5               	incf	___awmod@dividend,f
  4427     0D06  1903               	skipnz
  4428     0D07  0AF6               	incf	___awmod@dividend+1,f
  4429     0D08                     l3181:
  4430     0D08  0876               	movf	___awmod@dividend+1,w
  4431     0D09  00F4               	movwf	?___awmod+1
  4432     0D0A  0875               	movf	___awmod@dividend,w
  4433     0D0B  00F3               	movwf	?___awmod
  4434     0D0C                     l573:
  4435     0D0C  0008               	return
  4436     0D0D                     __end_of___awmod:
  4437                           
  4438                           	psect	text17
  4439     0D64                     __ptext17:	
  4440 ;; *************** function ___awdiv *****************
  4441 ;; Defined at:
  4442 ;;		line 5 in file "C:\Program Files\Microchip\xc8\v3.10\pic\sources\c99\common\awdiv.c"
  4443 ;; Parameters:    Size  Location     Type
  4444 ;;  divisor         2    2[COMMON] int 
  4445 ;;  dividend        2    4[COMMON] int 
  4446 ;; Auto vars:     Size  Location     Type
  4447 ;;  quotient        2    8[COMMON] int 
  4448 ;;  sign            1    7[COMMON] unsigned char 
  4449 ;;  counter         1    6[COMMON] unsigned char 
  4450 ;; Return value:  Size  Location     Type
  4451 ;;                  2    2[COMMON] int 
  4452 ;; Registers used:
  4453 ;;		wreg, status,2, status,0
  4454 ;; Tracked objects:
  4455 ;;		On entry : 0/0
  4456 ;;		On exit  : 0/0
  4457 ;;		Unchanged: 0/0
  4458 ;; Data sizes:     COMMON   BANK0   BANK1   BANK3   BANK2
  4459 ;;      Params:         4       0       0       0       0
  4460 ;;      Locals:         4       0       0       0       0
  4461 ;;      Temps:          0       0       0       0       0
  4462 ;;      Totals:         8       0       0       0       0
  4463 ;;Total ram usage:        8 bytes
  4464 ;; Hardware stack levels used: 1
  4465 ;; Hardware stack levels required when called: 1
  4466 ;; This function calls:
  4467 ;;		Nothing
  4468 ;; This function is called by:
  4469 ;;		_UART_Num2
  4470 ;;		_DECtoBCD
  4471 ;; This function uses a non-reentrant model
  4472 ;;
  4473                           
  4474     0D64                     ___awdiv:	
  4475                           ;psect for function ___awdiv
  4476                           
  4477     0D64                     l3103:	
  4478                           ;incstack = 0
  4479                           ; Regs used in ___awdiv: [wreg+status,2+status,0]
  4480                           
  4481     0D64  01F8               	clrf	___awdiv@sign
  4482     0D65                     l3105:
  4483     0D65  1FF4               	btfss	___awdiv@divisor+1,7
  4484     0D66  2D68               	goto	u3241
  4485     0D67  2D69               	goto	u3240
  4486     0D68                     u3241:
  4487     0D68  2D70               	goto	l3111
  4488     0D69                     u3240:
  4489     0D69                     l3107:
  4490     0D69  09F3               	comf	___awdiv@divisor,f
  4491     0D6A  09F4               	comf	___awdiv@divisor+1,f
  4492     0D6B  0AF3               	incf	___awdiv@divisor,f
  4493     0D6C  1903               	skipnz
  4494     0D6D  0AF4               	incf	___awdiv@divisor+1,f
  4495     0D6E                     l3109:
  4496     0D6E  3001               	movlw	1
  4497     0D6F  00F8               	movwf	___awdiv@sign
  4498     0D70                     l3111:
  4499     0D70  1FF6               	btfss	___awdiv@dividend+1,7
  4500     0D71  2D73               	goto	u3251
  4501     0D72  2D74               	goto	u3250
  4502     0D73                     u3251:
  4503     0D73  2D7B               	goto	l3117
  4504     0D74                     u3250:
  4505     0D74                     l3113:
  4506     0D74  09F5               	comf	___awdiv@dividend,f
  4507     0D75  09F6               	comf	___awdiv@dividend+1,f
  4508     0D76  0AF5               	incf	___awdiv@dividend,f
  4509     0D77  1903               	skipnz
  4510     0D78  0AF6               	incf	___awdiv@dividend+1,f
  4511     0D79                     l3115:
  4512     0D79  3001               	movlw	1
  4513     0D7A  06F8               	xorwf	___awdiv@sign,f
  4514     0D7B                     l3117:
  4515     0D7B  01F9               	clrf	___awdiv@quotient
  4516     0D7C  01FA               	clrf	___awdiv@quotient+1
  4517     0D7D                     l3119:
  4518     0D7D  0873               	movf	___awdiv@divisor,w
  4519     0D7E  0474               	iorwf	___awdiv@divisor+1,w
  4520     0D7F  1903               	btfsc	3,2
  4521     0D80  2D82               	goto	u3261
  4522     0D81  2D83               	goto	u3260
  4523     0D82                     u3261:
  4524     0D82  2DB8               	goto	l3139
  4525     0D83                     u3260:
  4526     0D83                     l3121:
  4527     0D83  3001               	movlw	1
  4528     0D84  00F7               	movwf	___awdiv@counter
  4529     0D85  2D8F               	goto	l3127
  4530     0D86                     l3123:
  4531     0D86  3001               	movlw	1
  4532     0D87                     u3275:
  4533     0D87  1003               	clrc
  4534     0D88  0DF3               	rlf	___awdiv@divisor,f
  4535     0D89  0DF4               	rlf	___awdiv@divisor+1,f
  4536     0D8A  3EFF               	addlw	-1
  4537     0D8B  1D03               	skipz
  4538     0D8C  2D87               	goto	u3275
  4539     0D8D                     l3125:
  4540     0D8D  3001               	movlw	1
  4541     0D8E  07F7               	addwf	___awdiv@counter,f
  4542     0D8F                     l3127:
  4543     0D8F  1FF4               	btfss	___awdiv@divisor+1,7
  4544     0D90  2D92               	goto	u3281
  4545     0D91  2D93               	goto	u3280
  4546     0D92                     u3281:
  4547     0D92  2D86               	goto	l3123
  4548     0D93                     u3280:
  4549     0D93                     l3129:
  4550     0D93  3001               	movlw	1
  4551     0D94                     u3295:
  4552     0D94  1003               	clrc
  4553     0D95  0DF9               	rlf	___awdiv@quotient,f
  4554     0D96  0DFA               	rlf	___awdiv@quotient+1,f
  4555     0D97  3EFF               	addlw	-1
  4556     0D98  1D03               	skipz
  4557     0D99  2D94               	goto	u3295
  4558     0D9A  0874               	movf	___awdiv@divisor+1,w
  4559     0D9B  0276               	subwf	___awdiv@dividend+1,w
  4560     0D9C  1D03               	skipz
  4561     0D9D  2DA0               	goto	u3305
  4562     0D9E  0873               	movf	___awdiv@divisor,w
  4563     0D9F  0275               	subwf	___awdiv@dividend,w
  4564     0DA0                     u3305:
  4565     0DA0  1C03               	skipc
  4566     0DA1  2DA3               	goto	u3301
  4567     0DA2  2DA4               	goto	u3300
  4568     0DA3                     u3301:
  4569     0DA3  2DAB               	goto	l3135
  4570     0DA4                     u3300:
  4571     0DA4                     l3131:
  4572     0DA4  0873               	movf	___awdiv@divisor,w
  4573     0DA5  02F5               	subwf	___awdiv@dividend,f
  4574     0DA6  0874               	movf	___awdiv@divisor+1,w
  4575     0DA7  1C03               	skipc
  4576     0DA8  03F6               	decf	___awdiv@dividend+1,f
  4577     0DA9  02F6               	subwf	___awdiv@dividend+1,f
  4578     0DAA                     l3133:
  4579     0DAA  1479               	bsf	___awdiv@quotient,0
  4580     0DAB                     l3135:
  4581     0DAB  3001               	movlw	1
  4582     0DAC                     u3315:
  4583     0DAC  1003               	clrc
  4584     0DAD  0CF4               	rrf	___awdiv@divisor+1,f
  4585     0DAE  0CF3               	rrf	___awdiv@divisor,f
  4586     0DAF  3EFF               	addlw	-1
  4587     0DB0  1D03               	skipz
  4588     0DB1  2DAC               	goto	u3315
  4589     0DB2                     l3137:
  4590     0DB2  3001               	movlw	1
  4591     0DB3  02F7               	subwf	___awdiv@counter,f
  4592     0DB4  1D03               	btfss	3,2
  4593     0DB5  2DB7               	goto	u3321
  4594     0DB6  2DB8               	goto	u3320
  4595     0DB7                     u3321:
  4596     0DB7  2D93               	goto	l3129
  4597     0DB8                     u3320:
  4598     0DB8                     l3139:
  4599     0DB8  0878               	movf	___awdiv@sign,w
  4600     0DB9  1903               	btfsc	3,2
  4601     0DBA  2DBC               	goto	u3331
  4602     0DBB  2DBD               	goto	u3330
  4603     0DBC                     u3331:
  4604     0DBC  2DC2               	goto	l3143
  4605     0DBD                     u3330:
  4606     0DBD                     l3141:
  4607     0DBD  09F9               	comf	___awdiv@quotient,f
  4608     0DBE  09FA               	comf	___awdiv@quotient+1,f
  4609     0DBF  0AF9               	incf	___awdiv@quotient,f
  4610     0DC0  1903               	skipnz
  4611     0DC1  0AFA               	incf	___awdiv@quotient+1,f
  4612     0DC2                     l3143:
  4613     0DC2  087A               	movf	___awdiv@quotient+1,w
  4614     0DC3  00F4               	movwf	?___awdiv+1
  4615     0DC4  0879               	movf	___awdiv@quotient,w
  4616     0DC5  00F3               	movwf	?___awdiv
  4617     0DC6                     l560:
  4618     0DC6  0008               	return
  4619     0DC7                     __end_of___awdiv:
  4620                           
  4621                           	psect	text18
  4622     0C60                     __ptext18:	
  4623 ;; *************** function _UART_Num *****************
  4624 ;; Defined at:
  4625 ;;		line 328 in file "main.c"
  4626 ;; Parameters:    Size  Location     Type
  4627 ;;  n               2    0[BANK0 ] unsigned int 
  4628 ;; Auto vars:     Size  Location     Type
  4629 ;;  buf             5    2[BANK0 ] unsigned char [5]
  4630 ;;  i               1    7[BANK0 ] unsigned char 
  4631 ;; Return value:  Size  Location     Type
  4632 ;;                  1    wreg      void 
  4633 ;; Registers used:
  4634 ;;		wreg, fsr0l, fsr0h, status,2, status,0, pclath, cstack
  4635 ;; Tracked objects:
  4636 ;;		On entry : 0/0
  4637 ;;		On exit  : 0/0
  4638 ;;		Unchanged: 0/0
  4639 ;; Data sizes:     COMMON   BANK0   BANK1   BANK3   BANK2
  4640 ;;      Params:         0       2       0       0       0
  4641 ;;      Locals:         0       6       0       0       0
  4642 ;;      Temps:          0       0       0       0       0
  4643 ;;      Totals:         0       8       0       0       0
  4644 ;;Total ram usage:        8 bytes
  4645 ;; Hardware stack levels used: 1
  4646 ;; Hardware stack levels required when called: 1
  4647 ;; This function calls:
  4648 ;;		_UART_Write
  4649 ;;		___lwdiv
  4650 ;;		___lwmod
  4651 ;; This function is called by:
  4652 ;;		_UART_Num2
  4653 ;;		_UART_NumFrac
  4654 ;;		_main
  4655 ;; This function uses a non-reentrant model
  4656 ;;
  4657                           
  4658     0C60                     _UART_Num:	
  4659                           ;psect for function _UART_Num
  4660                           
  4661     0C60                     l3083:	
  4662                           ;incstack = 0
  4663                           ; Regs used in _UART_Num: [wreg-fsr0h+status,2+status,0+pclath+cstack]
  4664                           
  4665                           
  4666                           ;main.c: 329:     unsigned char buf[5], i = 0;
  4667     0C60  1283               	bcf	3,5	;RP0=0, select bank0
  4668     0C61  1303               	bcf	3,6	;RP1=0, select bank0
  4669     0C62  01A7               	clrf	UART_Num@i
  4670     0C63                     l3085:
  4671                           
  4672                           ;main.c: 330:     if (n == 0) { UART_Write('0'); return; }
  4673     0C63  0820               	movf	UART_Num@n,w
  4674     0C64  0421               	iorwf	UART_Num@n+1,w
  4675     0C65  1D03               	btfss	3,2
  4676     0C66  2C68               	goto	u3211
  4677     0C67  2C69               	goto	u3210
  4678     0C68                     u3211:
  4679     0C68  2C9B               	goto	l3097
  4680     0C69                     u3210:
  4681     0C69                     l3087:
  4682     0C69  3030               	movlw	48
  4683     0C6A  120A  158A  2012  120A  158A  	fcall	_UART_Write
  4684     0C6F  2CB5               	goto	l292
  4685     0C70                     l3091:
  4686     0C70  0827               	movf	UART_Num@i,w
  4687     0C71  3E22               	addlw	(low (UART_Num@buf| 0))& (0+255)
  4688     0C72  0084               	movwf	4
  4689     0C73  300A               	movlw	10
  4690     0C74  00F3               	movwf	___lwmod@divisor
  4691     0C75  3000               	movlw	0
  4692     0C76  00F4               	movwf	___lwmod@divisor+1
  4693     0C77  0821               	movf	UART_Num@n+1,w
  4694     0C78  00F6               	movwf	___lwmod@dividend+1
  4695     0C79  0820               	movf	UART_Num@n,w
  4696     0C7A  00F5               	movwf	___lwmod@dividend
  4697     0C7B  120A  158A  22C6  120A  158A  	fcall	___lwmod
  4698     0C80  0873               	movf	?___lwmod,w
  4699     0C81  3E30               	addlw	48
  4700     0C82  1383               	bcf	3,7	;select IRP bank0
  4701     0C83  0080               	movwf	0
  4702     0C84                     l3093:
  4703     0C84  3001               	movlw	1
  4704     0C85  1283               	bcf	3,5	;RP0=0, select bank0
  4705     0C86  1303               	bcf	3,6	;RP1=0, select bank0
  4706     0C87  07A7               	addwf	UART_Num@i,f
  4707     0C88                     l3095:
  4708     0C88  300A               	movlw	10
  4709     0C89  00F3               	movwf	___lwdiv@divisor
  4710     0C8A  3000               	movlw	0
  4711     0C8B  00F4               	movwf	___lwdiv@divisor+1
  4712     0C8C  0821               	movf	UART_Num@n+1,w
  4713     0C8D  00F6               	movwf	___lwdiv@dividend+1
  4714     0C8E  0820               	movf	UART_Num@n,w
  4715     0C8F  00F5               	movwf	___lwdiv@dividend
  4716     0C90  120A  158A  233A  120A  158A  	fcall	___lwdiv
  4717     0C95  0874               	movf	?___lwdiv+1,w
  4718     0C96  1283               	bcf	3,5	;RP0=0, select bank0
  4719     0C97  1303               	bcf	3,6	;RP1=0, select bank0
  4720     0C98  00A1               	movwf	UART_Num@n+1
  4721     0C99  0873               	movf	?___lwdiv,w
  4722     0C9A  00A0               	movwf	UART_Num@n
  4723     0C9B                     l3097:
  4724     0C9B  0820               	movf	UART_Num@n,w
  4725     0C9C  0421               	iorwf	UART_Num@n+1,w
  4726     0C9D  1D03               	btfss	3,2
  4727     0C9E  2CA0               	goto	u3221
  4728     0C9F  2CA1               	goto	u3220
  4729     0CA0                     u3221:
  4730     0CA0  2C70               	goto	l3091
  4731     0CA1                     u3220:
  4732     0CA1  2CAC               	goto	l3101
  4733     0CA2                     l3099:
  4734     0CA2  0827               	movf	UART_Num@i,w
  4735     0CA3  3E22               	addlw	(low (UART_Num@buf| 0))& (0+255)
  4736     0CA4  0084               	movwf	4
  4737     0CA5  1383               	bcf	3,7	;select IRP bank0
  4738     0CA6  0800               	movf	0,w
  4739     0CA7  120A  158A  2012  120A  158A  	fcall	_UART_Write
  4740     0CAC                     l3101:
  4741     0CAC  3001               	movlw	1
  4742     0CAD  1283               	bcf	3,5	;RP0=0, select bank0
  4743     0CAE  1303               	bcf	3,6	;RP1=0, select bank0
  4744     0CAF  02A7               	subwf	UART_Num@i,f
  4745     0CB0  0A27               	incf	UART_Num@i,w
  4746     0CB1  1D03               	btfss	3,2
  4747     0CB2  2CB4               	goto	u3231
  4748     0CB3  2CB5               	goto	u3230
  4749     0CB4                     u3231:
  4750     0CB4  2CA2               	goto	l3099
  4751     0CB5                     u3230:
  4752     0CB5                     l292:
  4753     0CB5  0008               	return
  4754     0CB6                     __end_of_UART_Num:
  4755                           
  4756                           	psect	text19
  4757     0AC6                     __ptext19:	
  4758 ;; *************** function ___lwmod *****************
  4759 ;; Defined at:
  4760 ;;		line 5 in file "C:\Program Files\Microchip\xc8\v3.10\pic\sources\c99\common\lwmod.c"
  4761 ;; Parameters:    Size  Location     Type
  4762 ;;  divisor         2    2[COMMON] unsigned int 
  4763 ;;  dividend        2    4[COMMON] unsigned int 
  4764 ;; Auto vars:     Size  Location     Type
  4765 ;;  counter         1    6[COMMON] unsigned char 
  4766 ;; Return value:  Size  Location     Type
  4767 ;;                  2    2[COMMON] unsigned int 
  4768 ;; Registers used:
  4769 ;;		wreg, status,2, status,0
  4770 ;; Tracked objects:
  4771 ;;		On entry : 0/0
  4772 ;;		On exit  : 0/0
  4773 ;;		Unchanged: 0/0
  4774 ;; Data sizes:     COMMON   BANK0   BANK1   BANK3   BANK2
  4775 ;;      Params:         4       0       0       0       0
  4776 ;;      Locals:         1       0       0       0       0
  4777 ;;      Temps:          0       0       0       0       0
  4778 ;;      Totals:         5       0       0       0       0
  4779 ;;Total ram usage:        5 bytes
  4780 ;; Hardware stack levels used: 1
  4781 ;; Hardware stack levels required when called: 1
  4782 ;; This function calls:
  4783 ;;		Nothing
  4784 ;; This function is called by:
  4785 ;;		_UART_Num
  4786 ;;		_UART_NumFrac
  4787 ;;		_main
  4788 ;;		_utoa
  4789 ;; This function uses a non-reentrant model
  4790 ;;
  4791                           
  4792     0AC6                     ___lwmod:	
  4793                           ;psect for function ___lwmod
  4794                           
  4795     0AC6                     l2841:	
  4796                           ;incstack = 0
  4797                           ; Regs used in ___lwmod: [wreg+status,2+status,0]
  4798                           
  4799     0AC6  0873               	movf	___lwmod@divisor,w
  4800     0AC7  0474               	iorwf	___lwmod@divisor+1,w
  4801     0AC8  1903               	btfsc	3,2
  4802     0AC9  2ACB               	goto	u2851
  4803     0ACA  2ACC               	goto	u2850
  4804     0ACB                     u2851:
  4805     0ACB  2AF9               	goto	l2859
  4806     0ACC                     u2850:
  4807     0ACC                     l2843:
  4808     0ACC  3001               	movlw	1
  4809     0ACD  00F7               	movwf	___lwmod@counter
  4810     0ACE  2AD8               	goto	l2849
  4811     0ACF                     l2845:
  4812     0ACF  3001               	movlw	1
  4813     0AD0                     u2865:
  4814     0AD0  1003               	clrc
  4815     0AD1  0DF3               	rlf	___lwmod@divisor,f
  4816     0AD2  0DF4               	rlf	___lwmod@divisor+1,f
  4817     0AD3  3EFF               	addlw	-1
  4818     0AD4  1D03               	skipz
  4819     0AD5  2AD0               	goto	u2865
  4820     0AD6                     l2847:
  4821     0AD6  3001               	movlw	1
  4822     0AD7  07F7               	addwf	___lwmod@counter,f
  4823     0AD8                     l2849:
  4824     0AD8  1FF4               	btfss	___lwmod@divisor+1,7
  4825     0AD9  2ADB               	goto	u2871
  4826     0ADA  2ADC               	goto	u2870
  4827     0ADB                     u2871:
  4828     0ADB  2ACF               	goto	l2845
  4829     0ADC                     u2870:
  4830     0ADC                     l2851:
  4831     0ADC  0874               	movf	___lwmod@divisor+1,w
  4832     0ADD  0276               	subwf	___lwmod@dividend+1,w
  4833     0ADE  1D03               	skipz
  4834     0ADF  2AE2               	goto	u2885
  4835     0AE0  0873               	movf	___lwmod@divisor,w
  4836     0AE1  0275               	subwf	___lwmod@dividend,w
  4837     0AE2                     u2885:
  4838     0AE2  1C03               	skipc
  4839     0AE3  2AE5               	goto	u2881
  4840     0AE4  2AE6               	goto	u2880
  4841     0AE5                     u2881:
  4842     0AE5  2AEC               	goto	l2855
  4843     0AE6                     u2880:
  4844     0AE6                     l2853:
  4845     0AE6  0873               	movf	___lwmod@divisor,w
  4846     0AE7  02F5               	subwf	___lwmod@dividend,f
  4847     0AE8  0874               	movf	___lwmod@divisor+1,w
  4848     0AE9  1C03               	skipc
  4849     0AEA  03F6               	decf	___lwmod@dividend+1,f
  4850     0AEB  02F6               	subwf	___lwmod@dividend+1,f
  4851     0AEC                     l2855:
  4852     0AEC  3001               	movlw	1
  4853     0AED                     u2895:
  4854     0AED  1003               	clrc
  4855     0AEE  0CF4               	rrf	___lwmod@divisor+1,f
  4856     0AEF  0CF3               	rrf	___lwmod@divisor,f
  4857     0AF0  3EFF               	addlw	-1
  4858     0AF1  1D03               	skipz
  4859     0AF2  2AED               	goto	u2895
  4860     0AF3                     l2857:
  4861     0AF3  3001               	movlw	1
  4862     0AF4  02F7               	subwf	___lwmod@counter,f
  4863     0AF5  1D03               	btfss	3,2
  4864     0AF6  2AF8               	goto	u2901
  4865     0AF7  2AF9               	goto	u2900
  4866     0AF8                     u2901:
  4867     0AF8  2ADC               	goto	l2851
  4868     0AF9                     u2900:
  4869     0AF9                     l2859:
  4870     0AF9  0876               	movf	___lwmod@dividend+1,w
  4871     0AFA  00F4               	movwf	?___lwmod+1
  4872     0AFB  0875               	movf	___lwmod@dividend,w
  4873     0AFC  00F3               	movwf	?___lwmod
  4874     0AFD                     l697:
  4875     0AFD  0008               	return
  4876     0AFE                     __end_of___lwmod:
  4877                           
  4878                           	psect	text20
  4879     0B3A                     __ptext20:	
  4880 ;; *************** function ___lwdiv *****************
  4881 ;; Defined at:
  4882 ;;		line 5 in file "C:\Program Files\Microchip\xc8\v3.10\pic\sources\c99\common\lwdiv.c"
  4883 ;; Parameters:    Size  Location     Type
  4884 ;;  divisor         2    2[COMMON] unsigned int 
  4885 ;;  dividend        2    4[COMMON] unsigned int 
  4886 ;; Auto vars:     Size  Location     Type
  4887 ;;  quotient        2    7[COMMON] unsigned int 
  4888 ;;  counter         1    6[COMMON] unsigned char 
  4889 ;; Return value:  Size  Location     Type
  4890 ;;                  2    2[COMMON] unsigned int 
  4891 ;; Registers used:
  4892 ;;		wreg, status,2, status,0
  4893 ;; Tracked objects:
  4894 ;;		On entry : 0/0
  4895 ;;		On exit  : 0/0
  4896 ;;		Unchanged: 0/0
  4897 ;; Data sizes:     COMMON   BANK0   BANK1   BANK3   BANK2
  4898 ;;      Params:         4       0       0       0       0
  4899 ;;      Locals:         3       0       0       0       0
  4900 ;;      Temps:          0       0       0       0       0
  4901 ;;      Totals:         7       0       0       0       0
  4902 ;;Total ram usage:        7 bytes
  4903 ;; Hardware stack levels used: 1
  4904 ;; Hardware stack levels required when called: 1
  4905 ;; This function calls:
  4906 ;;		Nothing
  4907 ;; This function is called by:
  4908 ;;		_UART_Num
  4909 ;;		_UART_NumFrac
  4910 ;;		_main
  4911 ;;		_utoa
  4912 ;; This function uses a non-reentrant model
  4913 ;;
  4914                           
  4915     0B3A                     ___lwdiv:	
  4916                           ;psect for function ___lwdiv
  4917                           
  4918     0B3A                     l2815:	
  4919                           ;incstack = 0
  4920                           ; Regs used in ___lwdiv: [wreg+status,2+status,0]
  4921                           
  4922     0B3A  01F8               	clrf	___lwdiv@quotient
  4923     0B3B  01F9               	clrf	___lwdiv@quotient+1
  4924     0B3C                     l2817:
  4925     0B3C  0873               	movf	___lwdiv@divisor,w
  4926     0B3D  0474               	iorwf	___lwdiv@divisor+1,w
  4927     0B3E  1903               	btfsc	3,2
  4928     0B3F  2B41               	goto	u2781
  4929     0B40  2B42               	goto	u2780
  4930     0B41                     u2781:
  4931     0B41  2B77               	goto	l2837
  4932     0B42                     u2780:
  4933     0B42                     l2819:
  4934     0B42  3001               	movlw	1
  4935     0B43  00F7               	movwf	___lwdiv@counter
  4936     0B44  2B4E               	goto	l2825
  4937     0B45                     l2821:
  4938     0B45  3001               	movlw	1
  4939     0B46                     u2795:
  4940     0B46  1003               	clrc
  4941     0B47  0DF3               	rlf	___lwdiv@divisor,f
  4942     0B48  0DF4               	rlf	___lwdiv@divisor+1,f
  4943     0B49  3EFF               	addlw	-1
  4944     0B4A  1D03               	skipz
  4945     0B4B  2B46               	goto	u2795
  4946     0B4C                     l2823:
  4947     0B4C  3001               	movlw	1
  4948     0B4D  07F7               	addwf	___lwdiv@counter,f
  4949     0B4E                     l2825:
  4950     0B4E  1FF4               	btfss	___lwdiv@divisor+1,7
  4951     0B4F  2B51               	goto	u2801
  4952     0B50  2B52               	goto	u2800
  4953     0B51                     u2801:
  4954     0B51  2B45               	goto	l2821
  4955     0B52                     u2800:
  4956     0B52                     l2827:
  4957     0B52  3001               	movlw	1
  4958     0B53                     u2815:
  4959     0B53  1003               	clrc
  4960     0B54  0DF8               	rlf	___lwdiv@quotient,f
  4961     0B55  0DF9               	rlf	___lwdiv@quotient+1,f
  4962     0B56  3EFF               	addlw	-1
  4963     0B57  1D03               	skipz
  4964     0B58  2B53               	goto	u2815
  4965     0B59  0874               	movf	___lwdiv@divisor+1,w
  4966     0B5A  0276               	subwf	___lwdiv@dividend+1,w
  4967     0B5B  1D03               	skipz
  4968     0B5C  2B5F               	goto	u2825
  4969     0B5D  0873               	movf	___lwdiv@divisor,w
  4970     0B5E  0275               	subwf	___lwdiv@dividend,w
  4971     0B5F                     u2825:
  4972     0B5F  1C03               	skipc
  4973     0B60  2B62               	goto	u2821
  4974     0B61  2B63               	goto	u2820
  4975     0B62                     u2821:
  4976     0B62  2B6A               	goto	l2833
  4977     0B63                     u2820:
  4978     0B63                     l2829:
  4979     0B63  0873               	movf	___lwdiv@divisor,w
  4980     0B64  02F5               	subwf	___lwdiv@dividend,f
  4981     0B65  0874               	movf	___lwdiv@divisor+1,w
  4982     0B66  1C03               	skipc
  4983     0B67  03F6               	decf	___lwdiv@dividend+1,f
  4984     0B68  02F6               	subwf	___lwdiv@dividend+1,f
  4985     0B69                     l2831:
  4986     0B69  1478               	bsf	___lwdiv@quotient,0
  4987     0B6A                     l2833:
  4988     0B6A  3001               	movlw	1
  4989     0B6B                     u2835:
  4990     0B6B  1003               	clrc
  4991     0B6C  0CF4               	rrf	___lwdiv@divisor+1,f
  4992     0B6D  0CF3               	rrf	___lwdiv@divisor,f
  4993     0B6E  3EFF               	addlw	-1
  4994     0B6F  1D03               	skipz
  4995     0B70  2B6B               	goto	u2835
  4996     0B71                     l2835:
  4997     0B71  3001               	movlw	1
  4998     0B72  02F7               	subwf	___lwdiv@counter,f
  4999     0B73  1D03               	btfss	3,2
  5000     0B74  2B76               	goto	u2841
  5001     0B75  2B77               	goto	u2840
  5002     0B76                     u2841:
  5003     0B76  2B52               	goto	l2827
  5004     0B77                     u2840:
  5005     0B77                     l2837:
  5006     0B77  0879               	movf	___lwdiv@quotient+1,w
  5007     0B78  00F4               	movwf	?___lwdiv+1
  5008     0B79  0878               	movf	___lwdiv@quotient,w
  5009     0B7A  00F3               	movwf	?___lwdiv
  5010     0B7B                     l687:
  5011     0B7B  0008               	return
  5012     0B7C                     __end_of___lwdiv:
  5013                           
  5014                           	psect	text21
  5015     0812                     __ptext21:	
  5016 ;; *************** function _UART_Write *****************
  5017 ;; Defined at:
  5018 ;;		line 325 in file "main.c"
  5019 ;; Parameters:    Size  Location     Type
  5020 ;;  c               1    wreg     unsigned char 
  5021 ;; Auto vars:     Size  Location     Type
  5022 ;;  c               1    2[COMMON] unsigned char 
  5023 ;; Return value:  Size  Location     Type
  5024 ;;                  1    wreg      void 
  5025 ;; Registers used:
  5026 ;;		wreg
  5027 ;; Tracked objects:
  5028 ;;		On entry : 0/0
  5029 ;;		On exit  : 0/0
  5030 ;;		Unchanged: 0/0
  5031 ;; Data sizes:     COMMON   BANK0   BANK1   BANK3   BANK2
  5032 ;;      Params:         0       0       0       0       0
  5033 ;;      Locals:         1       0       0       0       0
  5034 ;;      Temps:          0       0       0       0       0
  5035 ;;      Totals:         1       0       0       0       0
  5036 ;;Total ram usage:        1 bytes
  5037 ;; Hardware stack levels used: 1
  5038 ;; Hardware stack levels required when called: 1
  5039 ;; This function calls:
  5040 ;;		Nothing
  5041 ;; This function is called by:
  5042 ;;		_UART_Print
  5043 ;;		_UART_Num
  5044 ;;		_UART_NumFrac
  5045 ;;		_main
  5046 ;; This function uses a non-reentrant model
  5047 ;;
  5048                           
  5049     0812                     _UART_Write:	
  5050                           ;psect for function _UART_Write
  5051                           
  5052                           
  5053                           ;incstack = 0
  5054                           ; Regs used in _UART_Write: [wreg]
  5055                           ;UART_Write@c stored from wreg
  5056     0812  00F3               	movwf	UART_Write@c
  5057     0813                     l2987:
  5058     0813                     l279:
  5059     0813  1283               	bcf	3,5	;RP0=0, select bank0
  5060     0814  1303               	bcf	3,6	;RP1=0, select bank0
  5061     0815  1E0C               	btfss	12,4	;volatile
  5062     0816  2818               	goto	u3131
  5063     0817  2819               	goto	u3130
  5064     0818                     u3131:
  5065     0818  2813               	goto	l279
  5066     0819                     u3130:
  5067     0819                     l2989:
  5068     0819  0873               	movf	UART_Write@c,w
  5069     081A  0099               	movwf	25	;volatile
  5070     081B                     l282:
  5071     081B  0008               	return
  5072     081C                     __end_of_UART_Write:
  5073                           
  5074                           	psect	text22
  5075     0843                     __ptext22:	
  5076 ;; *************** function _UART_Init *****************
  5077 ;; Defined at:
  5078 ;;		line 320 in file "main.c"
  5079 ;; Parameters:    Size  Location     Type
  5080 ;;		None
  5081 ;; Auto vars:     Size  Location     Type
  5082 ;;		None
  5083 ;; Return value:  Size  Location     Type
  5084 ;;                  1    wreg      void 
  5085 ;; Registers used:
  5086 ;;		None
  5087 ;; Tracked objects:
  5088 ;;		On entry : 0/0
  5089 ;;		On exit  : 0/0
  5090 ;;		Unchanged: 0/0
  5091 ;; Data sizes:     COMMON   BANK0   BANK1   BANK3   BANK2
  5092 ;;      Params:         0       0       0       0       0
  5093 ;;      Locals:         0       0       0       0       0
  5094 ;;      Temps:          0       0       0       0       0
  5095 ;;      Totals:         0       0       0       0       0
  5096 ;;Total ram usage:        0 bytes
  5097 ;; Hardware stack levels used: 1
  5098 ;; Hardware stack levels required when called: 1
  5099 ;; This function calls:
  5100 ;;		Nothing
  5101 ;; This function is called by:
  5102 ;;		_main
  5103 ;; This function uses a non-reentrant model
  5104 ;;
  5105                           
  5106     0843                     _UART_Init:	
  5107                           ;psect for function _UART_Init
  5108                           
  5109     0843                     l2541:	
  5110                           ;incstack = 0
  5111                           ; Regs used in _UART_Init: []
  5112                           
  5113                           
  5114                           ;main.c: 321:     TRISCbits.TRISC6 = 1; TRISCbits.TRISC7 = 1;
  5115     0843  1683               	bsf	3,5	;RP0=1, select bank1
  5116     0844  1303               	bcf	3,6	;RP1=0, select bank1
  5117     0845  1707               	bsf	7,6	;volatile
  5118     0846  1787               	bsf	7,7	;volatile
  5119                           
  5120                           ;main.c: 322:     SPBRG = 129; TXSTA = 0b00100100; RCSTA = 0b10010000;
  5121     0847  3081               	movlw	129
  5122     0848  0099               	movwf	25	;volatile
  5123     0849  3024               	movlw	36
  5124     084A  0098               	movwf	24	;volatile
  5125     084B  3090               	movlw	144
  5126     084C  1283               	bcf	3,5	;RP0=0, select bank0
  5127     084D  1303               	bcf	3,6	;RP1=0, select bank0
  5128     084E  0098               	movwf	24	;volatile
  5129     084F                     l276:
  5130     084F  0008               	return
  5131     0850                     __end_of_UART_Init:
  5132                           
  5133                           	psect	text23
  5134     0250                     __ptext23:	
  5135 ;; *************** function _SRAM_SaveSample *****************
  5136 ;; Defined at:
  5137 ;;		line 178 in file "main.c"
  5138 ;; Parameters:    Size  Location     Type
  5139 ;;  hr              1    wreg     unsigned char 
  5140 ;;  min             1    0[BANK0 ] unsigned char 
  5141 ;;  sec             1    1[BANK0 ] unsigned char 
  5142 ;;  date            1    2[BANK0 ] unsigned char 
  5143 ;;  mon             1    3[BANK0 ] unsigned char 
  5144 ;;  yr              1    4[BANK0 ] unsigned char 
  5145 ;;  temp_x10        2    5[BANK0 ] int 
  5146 ;;  hum             1    7[BANK0 ] unsigned char 
  5147 ;;  light           1    8[BANK0 ] unsigned char 
  5148 ;;  alert           1    9[BANK0 ] unsigned char 
  5149 ;; Auto vars:     Size  Location     Type
  5150 ;;  hr              1   12[BANK0 ] unsigned char 
  5151 ;;  base            1   15[BANK0 ] unsigned char 
  5152 ;; Return value:  Size  Location     Type
  5153 ;;                  1    wreg      void 
  5154 ;; Registers used:
  5155 ;;		wreg, status,2, status,0, pclath, cstack
  5156 ;; Tracked objects:
  5157 ;;		On entry : 0/0
  5158 ;;		On exit  : 0/0
  5159 ;;		Unchanged: 0/0
  5160 ;; Data sizes:     COMMON   BANK0   BANK1   BANK3   BANK2
  5161 ;;      Params:         0      10       0       0       0
  5162 ;;      Locals:         0       4       0       0       0
  5163 ;;      Temps:          0       2       0       0       0
  5164 ;;      Totals:         0      16       0       0       0
  5165 ;;Total ram usage:       16 bytes
  5166 ;; Hardware stack levels used: 1
  5167 ;; Hardware stack levels required when called: 4
  5168 ;; This function calls:
  5169 ;;		_SRAM_SaveHeader
  5170 ;;		_SRAM_Write
  5171 ;;		___bmul
  5172 ;; This function is called by:
  5173 ;;		_main
  5174 ;; This function uses a non-reentrant model
  5175 ;;
  5176                           
  5177     0250                     _SRAM_SaveSample:	
  5178                           ;psect for function _SRAM_SaveSample
  5179                           
  5180                           
  5181                           ;incstack = 0
  5182                           ; Regs used in _SRAM_SaveSample: [wreg+status,2+status,0+pclath+cstack]
  5183                           ;SRAM_SaveSample@hr stored from wreg
  5184     0250  1283               	bcf	3,5	;RP0=0, select bank0
  5185     0251  1303               	bcf	3,6	;RP1=0, select bank0
  5186     0252  00AC               	movwf	SRAM_SaveSample@hr
  5187     0253                     l3203:
  5188                           
  5189                           ;main.c: 178: static void SRAM_SaveSample(unsigned char hr, unsigned char min, unsigned 
      +                          char sec,;main.c: 179:                             unsigned char date, unsigned char mon
      +                          , unsigned char yr,;main.c: 180:                             signed int temp_x10, unsign
      +                          ed char hum,;main.c: 181:                             unsigned char light, unsigned char
      +                           alert) {;main.c: 182:     unsigned char base = 2 + (sram_index * 10);
  5190     0253  300A               	movlw	10
  5191     0254  00F3               	movwf	___bmul@multiplicand
  5192     0255  086F               	movf	_sram_index,w
  5193     0256  120A  158A  2081  120A  118A  	fcall	___bmul
  5194     025B  3E02               	addlw	2
  5195     025C  1283               	bcf	3,5	;RP0=0, select bank0
  5196     025D  1303               	bcf	3,6	;RP1=0, select bank0
  5197     025E  00AF               	movwf	SRAM_SaveSample@base
  5198                           
  5199                           ;main.c: 183:     SRAM_Write(base + 0, hr); _delay((unsigned long)((2)*(20000000UL/4000.
      +                          0)));
  5200     025F  082C               	movf	SRAM_SaveSample@hr,w
  5201     0260  00F6               	movwf	SRAM_Write@data
  5202     0261  082F               	movf	SRAM_SaveSample@base,w
  5203     0262  120A  158A  211D  120A  118A  	fcall	_SRAM_Write
  5204     0267                     l3205:
  5205     0267  300D               	movlw	13
  5206     0268  1283               	bcf	3,5	;RP0=0, select bank0
  5207     0269  1303               	bcf	3,6	;RP1=0, select bank0
  5208     026A  00AB               	movwf	??_SRAM_SaveSample+1
  5209     026B  30FB               	movlw	251
  5210     026C  00AA               	movwf	??_SRAM_SaveSample
  5211     026D                     u3697:
  5212     026D  0BAA               	decfsz	??_SRAM_SaveSample,f
  5213     026E  2A6D               	goto	u3697
  5214     026F  0BAB               	decfsz	??_SRAM_SaveSample+1,f
  5215     0270  2A6D               	goto	u3697
  5216     0271                     l3207:
  5217                           
  5218                           ;main.c: 184:     SRAM_Write(base + 1, min); _delay((unsigned long)((2)*(20000000UL/4000
      +                          .0)));
  5219     0271  1283               	bcf	3,5	;RP0=0, select bank0
  5220     0272  1303               	bcf	3,6	;RP1=0, select bank0
  5221     0273  0820               	movf	SRAM_SaveSample@min,w
  5222     0274  00F6               	movwf	SRAM_Write@data
  5223     0275  082F               	movf	SRAM_SaveSample@base,w
  5224     0276  3E01               	addlw	1
  5225     0277  120A  158A  211D  120A  118A  	fcall	_SRAM_Write
  5226     027C  300D               	movlw	13
  5227     027D  1283               	bcf	3,5	;RP0=0, select bank0
  5228     027E  1303               	bcf	3,6	;RP1=0, select bank0
  5229     027F  00AB               	movwf	??_SRAM_SaveSample+1
  5230     0280  30FB               	movlw	251
  5231     0281  00AA               	movwf	??_SRAM_SaveSample
  5232     0282                     u3707:
  5233     0282  0BAA               	decfsz	??_SRAM_SaveSample,f
  5234     0283  2A82               	goto	u3707
  5235     0284  0BAB               	decfsz	??_SRAM_SaveSample+1,f
  5236     0285  2A82               	goto	u3707
  5237     0286                     l3209:
  5238                           
  5239                           ;main.c: 185:     SRAM_Write(base + 2, sec); _delay((unsigned long)((2)*(20000000UL/4000
      +                          .0)));
  5240     0286  1283               	bcf	3,5	;RP0=0, select bank0
  5241     0287  1303               	bcf	3,6	;RP1=0, select bank0
  5242     0288  0821               	movf	SRAM_SaveSample@sec,w
  5243     0289  00F6               	movwf	SRAM_Write@data
  5244     028A  082F               	movf	SRAM_SaveSample@base,w
  5245     028B  3E02               	addlw	2
  5246     028C  120A  158A  211D  120A  118A  	fcall	_SRAM_Write
  5247     0291                     l3211:
  5248     0291  300D               	movlw	13
  5249     0292  1283               	bcf	3,5	;RP0=0, select bank0
  5250     0293  1303               	bcf	3,6	;RP1=0, select bank0
  5251     0294  00AB               	movwf	??_SRAM_SaveSample+1
  5252     0295  30FB               	movlw	251
  5253     0296  00AA               	movwf	??_SRAM_SaveSample
  5254     0297                     u3717:
  5255     0297  0BAA               	decfsz	??_SRAM_SaveSample,f
  5256     0298  2A97               	goto	u3717
  5257     0299  0BAB               	decfsz	??_SRAM_SaveSample+1,f
  5258     029A  2A97               	goto	u3717
  5259                           
  5260                           ;main.c: 186:     SRAM_Write(base + 3, date); _delay((unsigned long)((2)*(20000000UL/400
      +                          0.0)));
  5261     029B  1283               	bcf	3,5	;RP0=0, select bank0
  5262     029C  1303               	bcf	3,6	;RP1=0, select bank0
  5263     029D  0822               	movf	SRAM_SaveSample@date,w
  5264     029E  00F6               	movwf	SRAM_Write@data
  5265     029F  082F               	movf	SRAM_SaveSample@base,w
  5266     02A0  3E03               	addlw	3
  5267     02A1  120A  158A  211D  120A  118A  	fcall	_SRAM_Write
  5268     02A6                     l3213:
  5269     02A6  300D               	movlw	13
  5270     02A7  1283               	bcf	3,5	;RP0=0, select bank0
  5271     02A8  1303               	bcf	3,6	;RP1=0, select bank0
  5272     02A9  00AB               	movwf	??_SRAM_SaveSample+1
  5273     02AA  30FB               	movlw	251
  5274     02AB  00AA               	movwf	??_SRAM_SaveSample
  5275     02AC                     u3727:
  5276     02AC  0BAA               	decfsz	??_SRAM_SaveSample,f
  5277     02AD  2AAC               	goto	u3727
  5278     02AE  0BAB               	decfsz	??_SRAM_SaveSample+1,f
  5279     02AF  2AAC               	goto	u3727
  5280     02B0                     l3215:
  5281                           
  5282                           ;main.c: 187:     SRAM_Write(base + 4, mon); _delay((unsigned long)((2)*(20000000UL/4000
      +                          .0)));
  5283     02B0  1283               	bcf	3,5	;RP0=0, select bank0
  5284     02B1  1303               	bcf	3,6	;RP1=0, select bank0
  5285     02B2  0823               	movf	SRAM_SaveSample@mon,w
  5286     02B3  00F6               	movwf	SRAM_Write@data
  5287     02B4  082F               	movf	SRAM_SaveSample@base,w
  5288     02B5  3E04               	addlw	4
  5289     02B6  120A  158A  211D  120A  118A  	fcall	_SRAM_Write
  5290     02BB  300D               	movlw	13
  5291     02BC  1283               	bcf	3,5	;RP0=0, select bank0
  5292     02BD  1303               	bcf	3,6	;RP1=0, select bank0
  5293     02BE  00AB               	movwf	??_SRAM_SaveSample+1
  5294     02BF  30FB               	movlw	251
  5295     02C0  00AA               	movwf	??_SRAM_SaveSample
  5296     02C1                     u3737:
  5297     02C1  0BAA               	decfsz	??_SRAM_SaveSample,f
  5298     02C2  2AC1               	goto	u3737
  5299     02C3  0BAB               	decfsz	??_SRAM_SaveSample+1,f
  5300     02C4  2AC1               	goto	u3737
  5301     02C5                     l3217:
  5302                           
  5303                           ;main.c: 188:     SRAM_Write(base + 5, yr); _delay((unsigned long)((2)*(20000000UL/4000.
      +                          0)));
  5304     02C5  1283               	bcf	3,5	;RP0=0, select bank0
  5305     02C6  1303               	bcf	3,6	;RP1=0, select bank0
  5306     02C7  0824               	movf	SRAM_SaveSample@yr,w
  5307     02C8  00F6               	movwf	SRAM_Write@data
  5308     02C9  082F               	movf	SRAM_SaveSample@base,w
  5309     02CA  3E05               	addlw	5
  5310     02CB  120A  158A  211D  120A  118A  	fcall	_SRAM_Write
  5311     02D0                     l3219:
  5312     02D0  300D               	movlw	13
  5313     02D1  1283               	bcf	3,5	;RP0=0, select bank0
  5314     02D2  1303               	bcf	3,6	;RP1=0, select bank0
  5315     02D3  00AB               	movwf	??_SRAM_SaveSample+1
  5316     02D4  30FB               	movlw	251
  5317     02D5  00AA               	movwf	??_SRAM_SaveSample
  5318     02D6                     u3747:
  5319     02D6  0BAA               	decfsz	??_SRAM_SaveSample,f
  5320     02D7  2AD6               	goto	u3747
  5321     02D8  0BAB               	decfsz	??_SRAM_SaveSample+1,f
  5322     02D9  2AD6               	goto	u3747
  5323                           
  5324                           ;main.c: 189:     SRAM_Write(base + 6, (unsigned char)(temp_x10 & 0xFF)); _delay((unsign
      +                          ed long)((2)*(20000000UL/4000.0)));
  5325     02DA  1283               	bcf	3,5	;RP0=0, select bank0
  5326     02DB  1303               	bcf	3,6	;RP1=0, select bank0
  5327     02DC  0825               	movf	SRAM_SaveSample@temp_x10,w
  5328     02DD  00F6               	movwf	SRAM_Write@data
  5329     02DE  082F               	movf	SRAM_SaveSample@base,w
  5330     02DF  3E06               	addlw	6
  5331     02E0  120A  158A  211D  120A  118A  	fcall	_SRAM_Write
  5332     02E5                     l3221:
  5333     02E5  300D               	movlw	13
  5334     02E6  1283               	bcf	3,5	;RP0=0, select bank0
  5335     02E7  1303               	bcf	3,6	;RP1=0, select bank0
  5336     02E8  00AB               	movwf	??_SRAM_SaveSample+1
  5337     02E9  30FB               	movlw	251
  5338     02EA  00AA               	movwf	??_SRAM_SaveSample
  5339     02EB                     u3757:
  5340     02EB  0BAA               	decfsz	??_SRAM_SaveSample,f
  5341     02EC  2AEB               	goto	u3757
  5342     02ED  0BAB               	decfsz	??_SRAM_SaveSample+1,f
  5343     02EE  2AEB               	goto	u3757
  5344     02EF                     l3223:
  5345                           
  5346                           ;main.c: 190:     SRAM_Write(base + 7, (unsigned char)((temp_x10 >> 8) & 0xFF)); _delay(
      +                          (unsigned long)((2)*(20000000UL/4000.0)));
  5347     02EF  1283               	bcf	3,5	;RP0=0, select bank0
  5348     02F0  1303               	bcf	3,6	;RP1=0, select bank0
  5349     02F1  0826               	movf	SRAM_SaveSample@temp_x10+1,w
  5350     02F2  00F6               	movwf	SRAM_Write@data
  5351     02F3  082F               	movf	SRAM_SaveSample@base,w
  5352     02F4  3E07               	addlw	7
  5353     02F5  120A  158A  211D  120A  118A  	fcall	_SRAM_Write
  5354     02FA  300D               	movlw	13
  5355     02FB  1283               	bcf	3,5	;RP0=0, select bank0
  5356     02FC  1303               	bcf	3,6	;RP1=0, select bank0
  5357     02FD  00AB               	movwf	??_SRAM_SaveSample+1
  5358     02FE  30FB               	movlw	251
  5359     02FF  00AA               	movwf	??_SRAM_SaveSample
  5360     0300                     u3767:
  5361     0300  0BAA               	decfsz	??_SRAM_SaveSample,f
  5362     0301  2B00               	goto	u3767
  5363     0302  0BAB               	decfsz	??_SRAM_SaveSample+1,f
  5364     0303  2B00               	goto	u3767
  5365     0304                     l3225:
  5366                           
  5367                           ;main.c: 191:     SRAM_Write(base + 8, hum); _delay((unsigned long)((2)*(20000000UL/4000
      +                          .0)));
  5368     0304  1283               	bcf	3,5	;RP0=0, select bank0
  5369     0305  1303               	bcf	3,6	;RP1=0, select bank0
  5370     0306  0827               	movf	SRAM_SaveSample@hum,w
  5371     0307  00F6               	movwf	SRAM_Write@data
  5372     0308  082F               	movf	SRAM_SaveSample@base,w
  5373     0309  3E08               	addlw	8
  5374     030A  120A  158A  211D  120A  118A  	fcall	_SRAM_Write
  5375     030F                     l3227:
  5376     030F  300D               	movlw	13
  5377     0310  1283               	bcf	3,5	;RP0=0, select bank0
  5378     0311  1303               	bcf	3,6	;RP1=0, select bank0
  5379     0312  00AB               	movwf	??_SRAM_SaveSample+1
  5380     0313  30FB               	movlw	251
  5381     0314  00AA               	movwf	??_SRAM_SaveSample
  5382     0315                     u3777:
  5383     0315  0BAA               	decfsz	??_SRAM_SaveSample,f
  5384     0316  2B15               	goto	u3777
  5385     0317  0BAB               	decfsz	??_SRAM_SaveSample+1,f
  5386     0318  2B15               	goto	u3777
  5387     0319                     l3229:
  5388                           
  5389                           ;main.c: 192:     SRAM_Write(base + 9, (unsigned char)(light | (alert ? 0x80 : 0))); _de
      +                          lay((unsigned long)((2)*(20000000UL/4000.0)));
  5390     0319  1283               	bcf	3,5	;RP0=0, select bank0
  5391     031A  1303               	bcf	3,6	;RP1=0, select bank0
  5392     031B  0829               	movf	SRAM_SaveSample@alert,w
  5393     031C  1D03               	btfss	3,2
  5394     031D  2B1F               	goto	u3451
  5395     031E  2B20               	goto	u3450
  5396     031F                     u3451:
  5397     031F  2B23               	goto	l3233
  5398     0320                     u3450:
  5399     0320                     l3231:
  5400     0320  01AD               	clrf	_SRAM_SaveSample$384
  5401     0321  01AE               	clrf	_SRAM_SaveSample$384+1
  5402     0322  2B27               	goto	l3235
  5403     0323                     l3233:
  5404     0323  3080               	movlw	128
  5405     0324  00AD               	movwf	_SRAM_SaveSample$384
  5406     0325  3000               	movlw	0
  5407     0326  00AE               	movwf	_SRAM_SaveSample$384+1
  5408     0327                     l3235:
  5409     0327  0828               	movf	SRAM_SaveSample@light,w
  5410     0328  042D               	iorwf	_SRAM_SaveSample$384,w
  5411     0329  00F6               	movwf	SRAM_Write@data
  5412     032A  082F               	movf	SRAM_SaveSample@base,w
  5413     032B  3E09               	addlw	9
  5414     032C  120A  158A  211D  120A  118A  	fcall	_SRAM_Write
  5415     0331                     l3237:
  5416     0331  300D               	movlw	13
  5417     0332  1283               	bcf	3,5	;RP0=0, select bank0
  5418     0333  1303               	bcf	3,6	;RP1=0, select bank0
  5419     0334  00AB               	movwf	??_SRAM_SaveSample+1
  5420     0335  30FB               	movlw	251
  5421     0336  00AA               	movwf	??_SRAM_SaveSample
  5422     0337                     u3787:
  5423     0337  0BAA               	decfsz	??_SRAM_SaveSample,f
  5424     0338  2B37               	goto	u3787
  5425     0339  0BAB               	decfsz	??_SRAM_SaveSample+1,f
  5426     033A  2B37               	goto	u3787
  5427     033B                     l3239:
  5428                           
  5429                           ;main.c: 194:     sram_index++;
  5430     033B  3001               	movlw	1
  5431     033C  1283               	bcf	3,5	;RP0=0, select bank0
  5432     033D  1303               	bcf	3,6	;RP1=0, select bank0
  5433     033E  07EF               	addwf	_sram_index,f
  5434     033F                     l3241:
  5435                           
  5436                           ;main.c: 195:     if (sram_index >= ((236 - 2) / 10)) sram_index = 0;
  5437     033F  3017               	movlw	23
  5438     0340  026F               	subwf	_sram_index,w
  5439     0341  1C03               	skipc
  5440     0342  2B44               	goto	u3461
  5441     0343  2B45               	goto	u3460
  5442     0344                     u3461:
  5443     0344  2B46               	goto	l3245
  5444     0345                     u3460:
  5445     0345                     l3243:
  5446     0345  01EF               	clrf	_sram_index
  5447     0346                     l3245:
  5448                           
  5449                           ;main.c: 196:     if (sram_count < ((236 - 2) / 10)) sram_count++;
  5450     0346  3017               	movlw	23
  5451     0347  1683               	bsf	3,5	;RP0=1, select bank1
  5452     0348  1303               	bcf	3,6	;RP1=0, select bank1
  5453     0349  024F               	subwf	_sram_count^(0+128),w
  5454     034A  1803               	skipnc
  5455     034B  2B4D               	goto	u3471
  5456     034C  2B4E               	goto	u3470
  5457     034D                     u3471:
  5458     034D  2B50               	goto	l3249
  5459     034E                     u3470:
  5460     034E                     l3247:
  5461     034E  3001               	movlw	1
  5462     034F  07CF               	addwf	_sram_count^(0+128),f
  5463     0350                     l3249:
  5464                           
  5465                           ;main.c: 197:     SRAM_SaveHeader();
  5466     0350  120A  158A  21EA  120A  118A  	fcall	_SRAM_SaveHeader
  5467     0355                     l191:
  5468     0355  0008               	return
  5469     0356                     __end_of_SRAM_SaveSample:
  5470                           
  5471                           	psect	text24
  5472     09EA                     __ptext24:	
  5473 ;; *************** function _SRAM_SaveHeader *****************
  5474 ;; Defined at:
  5475 ;;		line 173 in file "main.c"
  5476 ;; Parameters:    Size  Location     Type
  5477 ;;		None
  5478 ;; Auto vars:     Size  Location     Type
  5479 ;;		None
  5480 ;; Return value:  Size  Location     Type
  5481 ;;                  1    wreg      void 
  5482 ;; Registers used:
  5483 ;;		wreg, status,2, status,0, pclath, cstack
  5484 ;; Tracked objects:
  5485 ;;		On entry : 0/0
  5486 ;;		On exit  : 0/0
  5487 ;;		Unchanged: 0/0
  5488 ;; Data sizes:     COMMON   BANK0   BANK1   BANK3   BANK2
  5489 ;;      Params:         0       0       0       0       0
  5490 ;;      Locals:         0       0       0       0       0
  5491 ;;      Temps:          2       0       0       0       0
  5492 ;;      Totals:         2       0       0       0       0
  5493 ;;Total ram usage:        2 bytes
  5494 ;; Hardware stack levels used: 1
  5495 ;; Hardware stack levels required when called: 3
  5496 ;; This function calls:
  5497 ;;		_SRAM_Write
  5498 ;; This function is called by:
  5499 ;;		_SRAM_SaveSample
  5500 ;; This function uses a non-reentrant model
  5501 ;;
  5502                           
  5503     09EA                     _SRAM_SaveHeader:	
  5504                           ;psect for function _SRAM_SaveHeader
  5505                           
  5506     09EA                     l3055:	
  5507                           ;incstack = 0
  5508                           ; Regs used in _SRAM_SaveHeader: [wreg+status,2+status,0+pclath+cstack]
  5509                           
  5510                           
  5511                           ;main.c: 174:     SRAM_Write(0, sram_index); _delay((unsigned long)((5)*(20000000UL/4000
      +                          .0)));
  5512     09EA  1283               	bcf	3,5	;RP0=0, select bank0
  5513     09EB  1303               	bcf	3,6	;RP1=0, select bank0
  5514     09EC  086F               	movf	_sram_index,w
  5515     09ED  00F6               	movwf	SRAM_Write@data
  5516     09EE  3000               	movlw	0
  5517     09EF  120A  158A  211D  120A  158A  	fcall	_SRAM_Write
  5518     09F4                     l3057:
  5519     09F4  3021               	movlw	33
  5520     09F5  00F9               	movwf	??_SRAM_SaveHeader+1
  5521     09F6  3076               	movlw	118
  5522     09F7  00F8               	movwf	??_SRAM_SaveHeader
  5523     09F8                     u3797:
  5524     09F8  0BF8               	decfsz	??_SRAM_SaveHeader,f
  5525     09F9  29F8               	goto	u3797
  5526     09FA  0BF9               	decfsz	??_SRAM_SaveHeader+1,f
  5527     09FB  29F8               	goto	u3797
  5528     09FC  0000               	nop
  5529     09FD                     l3059:
  5530                           
  5531                           ;main.c: 175:     SRAM_Write(1, sram_count); _delay((unsigned long)((5)*(20000000UL/4000
      +                          .0)));
  5532     09FD  1683               	bsf	3,5	;RP0=1, select bank1
  5533     09FE  1303               	bcf	3,6	;RP1=0, select bank1
  5534     09FF  084F               	movf	_sram_count^(0+128),w
  5535     0A00  00F6               	movwf	SRAM_Write@data
  5536     0A01  3001               	movlw	1
  5537     0A02  120A  158A  211D  120A  158A  	fcall	_SRAM_Write
  5538     0A07  3021               	movlw	33
  5539     0A08  00F9               	movwf	??_SRAM_SaveHeader+1
  5540     0A09  3076               	movlw	118
  5541     0A0A  00F8               	movwf	??_SRAM_SaveHeader
  5542     0A0B                     u3807:
  5543     0A0B  0BF8               	decfsz	??_SRAM_SaveHeader,f
  5544     0A0C  2A0B               	goto	u3807
  5545     0A0D  0BF9               	decfsz	??_SRAM_SaveHeader+1,f
  5546     0A0E  2A0B               	goto	u3807
  5547     0A0F  0000               	nop
  5548     0A10                     l182:
  5549     0A10  0008               	return
  5550     0A11                     __end_of_SRAM_SaveHeader:
  5551                           
  5552                           	psect	text25
  5553     091D                     __ptext25:	
  5554 ;; *************** function _SRAM_Write *****************
  5555 ;; Defined at:
  5556 ;;		line 159 in file "main.c"
  5557 ;; Parameters:    Size  Location     Type
  5558 ;;  addr            1    wreg     unsigned char 
  5559 ;;  data            1    5[COMMON] unsigned char 
  5560 ;; Auto vars:     Size  Location     Type
  5561 ;;  addr            1    6[COMMON] unsigned char 
  5562 ;; Return value:  Size  Location     Type
  5563 ;;                  1    wreg      void 
  5564 ;; Registers used:
  5565 ;;		wreg, status,2, status,0, pclath, cstack
  5566 ;; Tracked objects:
  5567 ;;		On entry : 0/0
  5568 ;;		On exit  : 0/0
  5569 ;;		Unchanged: 0/0
  5570 ;; Data sizes:     COMMON   BANK0   BANK1   BANK3   BANK2
  5571 ;;      Params:         1       0       0       0       0
  5572 ;;      Locals:         1       0       0       0       0
  5573 ;;      Temps:          0       0       0       0       0
  5574 ;;      Totals:         2       0       0       0       0
  5575 ;;Total ram usage:        2 bytes
  5576 ;; Hardware stack levels used: 1
  5577 ;; Hardware stack levels required when called: 1
  5578 ;; This function calls:
  5579 ;;		_I2C_Start
  5580 ;;		_I2C_Stop
  5581 ;;		_I2C_Write
  5582 ;; This function is called by:
  5583 ;;		_SRAM_SaveHeader
  5584 ;;		_SRAM_SaveSample
  5585 ;; This function uses a non-reentrant model
  5586 ;;
  5587                           
  5588     091D                     _SRAM_Write:	
  5589                           ;psect for function _SRAM_Write
  5590                           
  5591                           
  5592                           ;incstack = 0
  5593                           ; Regs used in _SRAM_Write: [wreg+status,2+status,0+pclath+cstack]
  5594                           ;SRAM_Write@addr stored from wreg
  5595     091D  00F7               	movwf	SRAM_Write@addr
  5596     091E                     l2959:
  5597                           
  5598                           ;main.c: 160:     I2C_Start();
  5599     091E  120A  158A  2029  120A  158A  	fcall	_I2C_Start
  5600                           
  5601                           ;main.c: 161:     I2C_Write(0xD0);
  5602     0923  30D0               	movlw	208
  5603     0924  120A  158A  213C  120A  158A  	fcall	_I2C_Write
  5604                           
  5605                           ;main.c: 162:     I2C_Write(0x14 + addr);
  5606     0929  0877               	movf	SRAM_Write@addr,w
  5607     092A  3E14               	addlw	20
  5608     092B  120A  158A  213C  120A  158A  	fcall	_I2C_Write
  5609                           
  5610                           ;main.c: 163:     I2C_Write(data);
  5611     0930  0876               	movf	SRAM_Write@data,w
  5612     0931  120A  158A  213C  120A  158A  	fcall	_I2C_Write
  5613                           
  5614                           ;main.c: 164:     I2C_Stop();
  5615     0936  120A  158A  2036  120A  158A  	fcall	_I2C_Stop
  5616     093B                     l175:
  5617     093B  0008               	return
  5618     093C                     __end_of_SRAM_Write:
  5619                           
  5620                           	psect	text26
  5621     08FE                     __ptext26:	
  5622 ;; *************** function _SRAM_LoadHeader *****************
  5623 ;; Defined at:
  5624 ;;		line 167 in file "main.c"
  5625 ;; Parameters:    Size  Location     Type
  5626 ;;		None
  5627 ;; Auto vars:     Size  Location     Type
  5628 ;;		None
  5629 ;; Return value:  Size  Location     Type
  5630 ;;                  1    wreg      void 
  5631 ;; Registers used:
  5632 ;;		wreg, status,2, status,0, pclath, cstack
  5633 ;; Tracked objects:
  5634 ;;		On entry : 0/0
  5635 ;;		On exit  : 0/0
  5636 ;;		Unchanged: 0/0
  5637 ;; Data sizes:     COMMON   BANK0   BANK1   BANK3   BANK2
  5638 ;;      Params:         0       0       0       0       0
  5639 ;;      Locals:         0       0       0       0       0
  5640 ;;      Temps:          0       0       0       0       0
  5641 ;;      Totals:         0       0       0       0       0
  5642 ;;Total ram usage:        0 bytes
  5643 ;; Hardware stack levels used: 1
  5644 ;; Hardware stack levels required when called: 3
  5645 ;; This function calls:
  5646 ;;		_SRAM_Read
  5647 ;; This function is called by:
  5648 ;;		_main
  5649 ;; This function uses a non-reentrant model
  5650 ;;
  5651                           
  5652     08FE                     _SRAM_LoadHeader:	
  5653                           ;psect for function _SRAM_LoadHeader
  5654                           
  5655     08FE                     l3197:	
  5656                           ;incstack = 0
  5657                           ; Regs used in _SRAM_LoadHeader: [wreg+status,2+status,0+pclath+cstack]
  5658                           
  5659                           
  5660                           ;main.c: 168:     sram_index = SRAM_Read(0);
  5661     08FE  3000               	movlw	0
  5662     08FF  120A  158A  2264  120A  158A  	fcall	_SRAM_Read
  5663     0904  1283               	bcf	3,5	;RP0=0, select bank0
  5664     0905  1303               	bcf	3,6	;RP1=0, select bank0
  5665     0906  00EF               	movwf	_sram_index
  5666                           
  5667                           ;main.c: 169:     sram_count = SRAM_Read(1);
  5668     0907  3001               	movlw	1
  5669     0908  120A  158A  2264  120A  158A  	fcall	_SRAM_Read
  5670     090D  1683               	bsf	3,5	;RP0=1, select bank1
  5671     090E  1303               	bcf	3,6	;RP1=0, select bank1
  5672     090F  00CF               	movwf	_sram_count^(0+128)
  5673     0910                     l3199:
  5674                           
  5675                           ;main.c: 170:     if (sram_index >= ((236 - 2) / 10)) { sram_index = 0; sram_count = 0; 
      +                          }
  5676     0910  3017               	movlw	23
  5677     0911  1283               	bcf	3,5	;RP0=0, select bank0
  5678     0912  1303               	bcf	3,6	;RP1=0, select bank0
  5679     0913  026F               	subwf	_sram_index,w
  5680     0914  1C03               	skipc
  5681     0915  2917               	goto	u3441
  5682     0916  2918               	goto	u3440
  5683     0917                     u3441:
  5684     0917  291C               	goto	l179
  5685     0918                     u3440:
  5686     0918                     l3201:
  5687     0918  01EF               	clrf	_sram_index
  5688     0919  1683               	bsf	3,5	;RP0=1, select bank1
  5689     091A  1303               	bcf	3,6	;RP1=0, select bank1
  5690     091B  01CF               	clrf	_sram_count^(0+128)
  5691     091C                     l179:
  5692     091C  0008               	return
  5693     091D                     __end_of_SRAM_LoadHeader:
  5694                           
  5695                           	psect	text27
  5696     0A64                     __ptext27:	
  5697 ;; *************** function _SRAM_Read *****************
  5698 ;; Defined at:
  5699 ;;		line 147 in file "main.c"
  5700 ;; Parameters:    Size  Location     Type
  5701 ;;  addr            1    wreg     unsigned char 
  5702 ;; Auto vars:     Size  Location     Type
  5703 ;;  addr            1    5[COMMON] unsigned char 
  5704 ;;  d               1    6[COMMON] unsigned char 
  5705 ;; Return value:  Size  Location     Type
  5706 ;;                  1    wreg      unsigned char 
  5707 ;; Registers used:
  5708 ;;		wreg, status,2, status,0, pclath, cstack
  5709 ;; Tracked objects:
  5710 ;;		On entry : 0/0
  5711 ;;		On exit  : 0/0
  5712 ;;		Unchanged: 0/0
  5713 ;; Data sizes:     COMMON   BANK0   BANK1   BANK3   BANK2
  5714 ;;      Params:         0       0       0       0       0
  5715 ;;      Locals:         2       0       0       0       0
  5716 ;;      Temps:          0       0       0       0       0
  5717 ;;      Totals:         2       0       0       0       0
  5718 ;;Total ram usage:        2 bytes
  5719 ;; Hardware stack levels used: 1
  5720 ;; Hardware stack levels required when called: 2
  5721 ;; This function calls:
  5722 ;;		_I2C_Read
  5723 ;;		_I2C_Start
  5724 ;;		_I2C_Stop
  5725 ;;		_I2C_Write
  5726 ;; This function is called by:
  5727 ;;		_SRAM_LoadHeader
  5728 ;;		_SRAM_ReadSample
  5729 ;; This function uses a non-reentrant model
  5730 ;;
  5731                           
  5732     0A64                     _SRAM_Read:	
  5733                           ;psect for function _SRAM_Read
  5734                           
  5735                           
  5736                           ;incstack = 0
  5737                           ; Regs used in _SRAM_Read: [wreg+status,2+status,0+pclath+cstack]
  5738                           ;SRAM_Read@addr stored from wreg
  5739     0A64  00F6               	movwf	SRAM_Read@addr
  5740     0A65                     l3049:
  5741                           
  5742                           ;main.c: 148:     unsigned char d;;main.c: 149:     I2C_Start();
  5743     0A65  120A  158A  2029  120A  158A  	fcall	_I2C_Start
  5744                           
  5745                           ;main.c: 150:     I2C_Write(0xD0);
  5746     0A6A  30D0               	movlw	208
  5747     0A6B  120A  158A  213C  120A  158A  	fcall	_I2C_Write
  5748                           
  5749                           ;main.c: 151:     I2C_Write(0x14 + addr);
  5750     0A70  0876               	movf	SRAM_Read@addr,w
  5751     0A71  3E14               	addlw	20
  5752     0A72  120A  158A  213C  120A  158A  	fcall	_I2C_Write
  5753                           
  5754                           ;main.c: 152:     I2C_Start();
  5755     0A77  120A  158A  2029  120A  158A  	fcall	_I2C_Start
  5756                           
  5757                           ;main.c: 153:     I2C_Write(0xD0 | 0x01);
  5758     0A7C  30D1               	movlw	209
  5759     0A7D  120A  158A  213C  120A  158A  	fcall	_I2C_Write
  5760                           
  5761                           ;main.c: 154:     d = I2C_Read(0);
  5762     0A82  3000               	movlw	0
  5763     0A83  120A  158A  2211  120A  158A  	fcall	_I2C_Read
  5764     0A88  00F7               	movwf	SRAM_Read@d
  5765                           
  5766                           ;main.c: 155:     I2C_Stop();
  5767     0A89  120A  158A  2036  120A  158A  	fcall	_I2C_Stop
  5768     0A8E                     l3051:
  5769                           
  5770                           ;main.c: 156:     return d;
  5771     0A8E  0877               	movf	SRAM_Read@d,w
  5772     0A8F                     l172:
  5773     0A8F  0008               	return
  5774     0A90                     __end_of_SRAM_Read:
  5775                           
  5776                           	psect	text28
  5777     00A8                     __ptext28:	
  5778 ;; *************** function _LCD_Print *****************
  5779 ;; Defined at:
  5780 ;;		line 263 in file "main.c"
  5781 ;; Parameters:    Size  Location     Type
  5782 ;;  s               2    4[BANK0 ] PTR const unsigned char 
  5783 ;;		 -> main@lcd_buffer(17), STR_2(17), STR_1(17), 
  5784 ;; Auto vars:     Size  Location     Type
  5785 ;;		None
  5786 ;; Return value:  Size  Location     Type
  5787 ;;                  1    wreg      void 
  5788 ;; Registers used:
  5789 ;;		wreg, fsr0l, fsr0h, status,2, status,0, pclath, btemp1, cstack
  5790 ;; Tracked objects:
  5791 ;;		On entry : 0/0
  5792 ;;		On exit  : 0/0
  5793 ;;		Unchanged: 0/0
  5794 ;; Data sizes:     COMMON   BANK0   BANK1   BANK3   BANK2
  5795 ;;      Params:         0       2       0       0       0
  5796 ;;      Locals:         0       0       0       0       0
  5797 ;;      Temps:          0       0       0       0       0
  5798 ;;      Totals:         0       2       0       0       0
  5799 ;;Total ram usage:        2 bytes
  5800 ;; Hardware stack levels used: 1
  5801 ;; Hardware stack levels required when called: 3
  5802 ;; This function calls:
  5803 ;;		_LCD_Data
  5804 ;; This function is called by:
  5805 ;;		_main
  5806 ;; This function uses a non-reentrant model
  5807 ;;
  5808                           
  5809     00A8                     _LCD_Print:	
  5810                           ;psect for function _LCD_Print
  5811                           
  5812     00A8                     l3275:	
  5813                           ;incstack = 0
  5814                           ; Regs used in _LCD_Print: [wreg-fsr0h+status,2+status,0+pclath+btemp1+cstack]
  5815                           
  5816     00A8  28BF               	goto	l3281
  5817     00A9                     l3277:
  5818     00A9  0825               	movf	LCD_Print@s+1,w
  5819     00AA  00FF               	movwf	btemp1
  5820     00AB  0824               	movf	LCD_Print@s,w
  5821     00AC  0084               	movwf	4
  5822     00AD  120A  118A  200F  120A  118A  	fcall	stringtab
  5823     00B2  120A  158A  2008  120A  118A  	fcall	_LCD_Data
  5824     00B7                     l3279:
  5825     00B7  3001               	movlw	1
  5826     00B8  1283               	bcf	3,5	;RP0=0, select bank0
  5827     00B9  1303               	bcf	3,6	;RP1=0, select bank0
  5828     00BA  07A4               	addwf	LCD_Print@s,f
  5829     00BB  1803               	skipnc
  5830     00BC  0AA5               	incf	LCD_Print@s+1,f
  5831     00BD  3000               	movlw	0
  5832     00BE  07A5               	addwf	LCD_Print@s+1,f
  5833     00BF                     l3281:
  5834     00BF  1283               	bcf	3,5	;RP0=0, select bank0
  5835     00C0  1303               	bcf	3,6	;RP1=0, select bank0
  5836     00C1  0825               	movf	LCD_Print@s+1,w
  5837     00C2  00FF               	movwf	btemp1
  5838     00C3  0824               	movf	LCD_Print@s,w
  5839     00C4  0084               	movwf	4
  5840     00C5  120A  118A  200F  120A  118A  	fcall	stringtab
  5841     00CA  3A00               	xorlw	0
  5842     00CB  1D03               	skipz
  5843     00CC  28CE               	goto	u3491
  5844     00CD  28CF               	goto	u3490
  5845     00CE                     u3491:
  5846     00CE  28A9               	goto	l3277
  5847     00CF                     u3490:
  5848     00CF                     l222:
  5849     00CF  0008               	return
  5850     00D0                     __end_of_LCD_Print:
  5851                           
  5852                           	psect	text29
  5853     0808                     __ptext29:	
  5854 ;; *************** function _LCD_Data *****************
  5855 ;; Defined at:
  5856 ;;		line 244 in file "main.c"
  5857 ;; Parameters:    Size  Location     Type
  5858 ;;  d               1    wreg     unsigned char 
  5859 ;; Auto vars:     Size  Location     Type
  5860 ;;  d               1    7[COMMON] unsigned char 
  5861 ;; Return value:  Size  Location     Type
  5862 ;;                  1    wreg      void 
  5863 ;; Registers used:
  5864 ;;		wreg, status,2, status,0, pclath, cstack
  5865 ;; Tracked objects:
  5866 ;;		On entry : 0/0
  5867 ;;		On exit  : 0/0
  5868 ;;		Unchanged: 0/0
  5869 ;; Data sizes:     COMMON   BANK0   BANK1   BANK3   BANK2
  5870 ;;      Params:         0       0       0       0       0
  5871 ;;      Locals:         1       0       0       0       0
  5872 ;;      Temps:          0       0       0       0       0
  5873 ;;      Totals:         1       0       0       0       0
  5874 ;;Total ram usage:        1 bytes
  5875 ;; Hardware stack levels used: 1
  5876 ;; Hardware stack levels required when called: 2
  5877 ;; This function calls:
  5878 ;;		_LCD_I2C_SendByte
  5879 ;; This function is called by:
  5880 ;;		_LCD_Print
  5881 ;; This function uses a non-reentrant model
  5882 ;;
  5883                           
  5884     0808                     _LCD_Data:	
  5885                           ;psect for function _LCD_Data
  5886                           
  5887                           
  5888                           ;incstack = 0
  5889                           ; Regs used in _LCD_Data: [wreg+status,2+status,0+pclath+cstack]
  5890                           ;LCD_Data@d stored from wreg
  5891     0808  00F8               	movwf	LCD_Data@d
  5892     0809                     l3081:
  5893     0809  01F6               	clrf	LCD_I2C_SendByte@rs
  5894     080A  0AF6               	incf	LCD_I2C_SendByte@rs,f
  5895     080B  0878               	movf	LCD_Data@d,w
  5896     080C  120A  158A  25C7  120A  158A  	fcall	_LCD_I2C_SendByte
  5897     0811                     l206:
  5898     0811  0008               	return
  5899     0812                     __end_of_LCD_Data:
  5900                           
  5901                           	psect	text30
  5902     0E93                     __ptext30:	
  5903 ;; *************** function _LCD_Init *****************
  5904 ;; Defined at:
  5905 ;;		line 246 in file "main.c"
  5906 ;; Parameters:    Size  Location     Type
  5907 ;;		None
  5908 ;; Auto vars:     Size  Location     Type
  5909 ;;		None
  5910 ;; Return value:  Size  Location     Type
  5911 ;;                  1    wreg      void 
  5912 ;; Registers used:
  5913 ;;		wreg, status,2, status,0, pclath, cstack
  5914 ;; Tracked objects:
  5915 ;;		On entry : 0/0
  5916 ;;		On exit  : 0/0
  5917 ;;		Unchanged: 0/0
  5918 ;; Data sizes:     COMMON   BANK0   BANK1   BANK3   BANK2
  5919 ;;      Params:         0       0       0       0       0
  5920 ;;      Locals:         0       0       0       0       0
  5921 ;;      Temps:          0       3       0       0       0
  5922 ;;      Totals:         0       3       0       0       0
  5923 ;;Total ram usage:        3 bytes
  5924 ;; Hardware stack levels used: 1
  5925 ;; Hardware stack levels required when called: 3
  5926 ;; This function calls:
  5927 ;;		_LCD_Cmd
  5928 ;;		_LCD_I2C_SendNibble
  5929 ;; This function is called by:
  5930 ;;		_main
  5931 ;; This function uses a non-reentrant model
  5932 ;;
  5933                           
  5934     0E93                     _LCD_Init:	
  5935                           ;psect for function _LCD_Init
  5936                           
  5937     0E93                     l3251:	
  5938                           ;incstack = 0
  5939                           ; Regs used in _LCD_Init: [wreg+status,2+status,0+pclath+cstack]
  5940                           
  5941                           
  5942                           ;main.c: 247:     _delay((unsigned long)((50)*(20000000UL/4000.0)));
  5943     0E93  3002               	movlw	2
  5944     0E94  1283               	bcf	3,5	;RP0=0, select bank0
  5945     0E95  1303               	bcf	3,6	;RP1=0, select bank0
  5946     0E96  00A6               	movwf	??_LCD_Init+2
  5947     0E97  3045               	movlw	69
  5948     0E98  00A5               	movwf	??_LCD_Init+1
  5949     0E99  30A9               	movlw	169
  5950     0E9A  00A4               	movwf	??_LCD_Init
  5951     0E9B                     u3817:
  5952     0E9B  0BA4               	decfsz	??_LCD_Init,f
  5953     0E9C  2E9B               	goto	u3817
  5954     0E9D  0BA5               	decfsz	??_LCD_Init+1,f
  5955     0E9E  2E9B               	goto	u3817
  5956     0E9F  0BA6               	decfsz	??_LCD_Init+2,f
  5957     0EA0  2E9B               	goto	u3817
  5958     0EA1                     l3253:
  5959                           
  5960                           ;main.c: 248:     LCD_I2C_SendNibble(0x30, 0); _delay((unsigned long)((5)*(20000000UL/40
      +                          00.0)));
  5961     0EA1  01F6               	clrf	LCD_I2C_SendNibble@rs
  5962     0EA2  3030               	movlw	48
  5963     0EA3  120A  158A  2290  120A  158A  	fcall	_LCD_I2C_SendNibble
  5964     0EA8                     l3255:
  5965     0EA8  3021               	movlw	33
  5966     0EA9  1283               	bcf	3,5	;RP0=0, select bank0
  5967     0EAA  1303               	bcf	3,6	;RP1=0, select bank0
  5968     0EAB  00A5               	movwf	??_LCD_Init+1
  5969     0EAC  3075               	movlw	117
  5970     0EAD  00A4               	movwf	??_LCD_Init
  5971     0EAE                     u3827:
  5972     0EAE  0BA4               	decfsz	??_LCD_Init,f
  5973     0EAF  2EAE               	goto	u3827
  5974     0EB0  0BA5               	decfsz	??_LCD_Init+1,f
  5975     0EB1  2EAE               	goto	u3827
  5976     0EB2  2EB3               	nop2
  5977                           
  5978                           ;main.c: 249:     LCD_I2C_SendNibble(0x30, 0); _delay((unsigned long)((150)*(20000000UL/
      +                          4000000.0)));
  5979     0EB3  01F6               	clrf	LCD_I2C_SendNibble@rs
  5980     0EB4  3030               	movlw	48
  5981     0EB5  120A  158A  2290  120A  158A  	fcall	_LCD_I2C_SendNibble
  5982     0EBA                     l3257:
  5983     0EBA  30F9               	movlw	249
  5984     0EBB  1283               	bcf	3,5	;RP0=0, select bank0
  5985     0EBC  1303               	bcf	3,6	;RP1=0, select bank0
  5986     0EBD  00A4               	movwf	??_LCD_Init
  5987     0EBE                     u3837:
  5988     0EBE  0BA4               	decfsz	??_LCD_Init,f
  5989     0EBF  2EBE               	goto	u3837
  5990     0EC0                     l3259:
  5991                           
  5992                           ;main.c: 250:     LCD_I2C_SendNibble(0x30, 0); _delay((unsigned long)((150)*(20000000UL/
      +                          4000000.0)));
  5993     0EC0  01F6               	clrf	LCD_I2C_SendNibble@rs
  5994     0EC1  3030               	movlw	48
  5995     0EC2  120A  158A  2290  120A  158A  	fcall	_LCD_I2C_SendNibble
  5996     0EC7  30F9               	movlw	249
  5997     0EC8  1283               	bcf	3,5	;RP0=0, select bank0
  5998     0EC9  1303               	bcf	3,6	;RP1=0, select bank0
  5999     0ECA  00A4               	movwf	??_LCD_Init
  6000     0ECB                     u3847:
  6001     0ECB  0BA4               	decfsz	??_LCD_Init,f
  6002     0ECC  2ECB               	goto	u3847
  6003     0ECD                     l3261:
  6004                           
  6005                           ;main.c: 251:     LCD_I2C_SendNibble(0x20, 0); _delay((unsigned long)((150)*(20000000UL/
      +                          4000000.0)));
  6006     0ECD  01F6               	clrf	LCD_I2C_SendNibble@rs
  6007     0ECE  3020               	movlw	32
  6008     0ECF  120A  158A  2290  120A  158A  	fcall	_LCD_I2C_SendNibble
  6009     0ED4                     l3263:
  6010     0ED4  30F9               	movlw	249
  6011     0ED5  1283               	bcf	3,5	;RP0=0, select bank0
  6012     0ED6  1303               	bcf	3,6	;RP1=0, select bank0
  6013     0ED7  00A4               	movwf	??_LCD_Init
  6014     0ED8                     u3857:
  6015     0ED8  0BA4               	decfsz	??_LCD_Init,f
  6016     0ED9  2ED8               	goto	u3857
  6017                           
  6018                           ;main.c: 252:     LCD_Cmd(0x28);
  6019     0EDA  3028               	movlw	40
  6020     0EDB  120A  158A  206F  120A  158A  	fcall	_LCD_Cmd
  6021                           
  6022                           ;main.c: 253:     LCD_Cmd(0x0C);
  6023     0EE0  300C               	movlw	12
  6024     0EE1  120A  158A  206F  120A  158A  	fcall	_LCD_Cmd
  6025                           
  6026                           ;main.c: 254:     LCD_Cmd(0x06);
  6027     0EE6  3006               	movlw	6
  6028     0EE7  120A  158A  206F  120A  158A  	fcall	_LCD_Cmd
  6029                           
  6030                           ;main.c: 255:     LCD_Cmd(0x01);
  6031     0EEC  3001               	movlw	1
  6032     0EED  120A  158A  206F  120A  158A  	fcall	_LCD_Cmd
  6033     0EF2                     l3265:
  6034                           
  6035                           ;main.c: 256:     _delay((unsigned long)((2)*(20000000UL/4000.0)));
  6036     0EF2  300D               	movlw	13
  6037     0EF3  1283               	bcf	3,5	;RP0=0, select bank0
  6038     0EF4  1303               	bcf	3,6	;RP1=0, select bank0
  6039     0EF5  00A5               	movwf	??_LCD_Init+1
  6040     0EF6  30FB               	movlw	251
  6041     0EF7  00A4               	movwf	??_LCD_Init
  6042     0EF8                     u3867:
  6043     0EF8  0BA4               	decfsz	??_LCD_Init,f
  6044     0EF9  2EF8               	goto	u3867
  6045     0EFA  0BA5               	decfsz	??_LCD_Init+1,f
  6046     0EFB  2EF8               	goto	u3867
  6047     0EFC                     l209:
  6048     0EFC  0008               	return
  6049     0EFD                     __end_of_LCD_Init:
  6050                           
  6051                           	psect	text31
  6052     0A90                     __ptext31:	
  6053 ;; *************** function _LCD_I2C_SendNibble *****************
  6054 ;; Defined at:
  6055 ;;		line 221 in file "main.c"
  6056 ;; Parameters:    Size  Location     Type
  6057 ;;  nibble          1    wreg     unsigned char 
  6058 ;;  rs              1    5[COMMON] unsigned char 
  6059 ;; Auto vars:     Size  Location     Type
  6060 ;;  nibble          1    7[COMMON] unsigned char 
  6061 ;;  val             1    8[COMMON] unsigned char 
  6062 ;; Return value:  Size  Location     Type
  6063 ;;                  1    wreg      void 
  6064 ;; Registers used:
  6065 ;;		wreg, status,2, status,0, pclath, cstack
  6066 ;; Tracked objects:
  6067 ;;		On entry : 0/0
  6068 ;;		On exit  : 0/0
  6069 ;;		Unchanged: 0/0
  6070 ;; Data sizes:     COMMON   BANK0   BANK1   BANK3   BANK2
  6071 ;;      Params:         1       0       0       0       0
  6072 ;;      Locals:         2       0       0       0       0
  6073 ;;      Temps:          1       0       0       0       0
  6074 ;;      Totals:         4       0       0       0       0
  6075 ;;Total ram usage:        4 bytes
  6076 ;; Hardware stack levels used: 1
  6077 ;; Hardware stack levels required when called: 2
  6078 ;; This function calls:
  6079 ;;		_I2C_Start
  6080 ;;		_I2C_Stop
  6081 ;;		_I2C_Write
  6082 ;; This function is called by:
  6083 ;;		_LCD_Init
  6084 ;; This function uses a non-reentrant model
  6085 ;;
  6086                           
  6087     0A90                     _LCD_I2C_SendNibble:	
  6088                           ;psect for function _LCD_I2C_SendNibble
  6089                           
  6090                           
  6091                           ;incstack = 0
  6092                           ; Regs used in _LCD_I2C_SendNibble: [wreg+status,2+status,0+pclath+cstack]
  6093                           ;LCD_I2C_SendNibble@nibble stored from wreg
  6094     0A90  00F8               	movwf	LCD_I2C_SendNibble@nibble
  6095     0A91                     l3061:
  6096                           
  6097                           ;main.c: 222:     unsigned char val = (nibble & 0xF0) | 0x08 | (rs ? 0x01 : 0);
  6098     0A91  0876               	movf	LCD_I2C_SendNibble@rs,w
  6099     0A92  1D03               	btfss	3,2
  6100     0A93  2A95               	goto	u3191
  6101     0A94  2A97               	goto	u3190
  6102     0A95                     u3191:
  6103     0A95  3001               	movlw	1
  6104     0A96  2A98               	goto	u3200
  6105     0A97                     u3190:
  6106     0A97  3000               	movlw	0
  6107     0A98                     u3200:
  6108     0A98  00F7               	movwf	??_LCD_I2C_SendNibble
  6109     0A99  0878               	movf	LCD_I2C_SendNibble@nibble,w
  6110     0A9A  39F0               	andlw	240
  6111     0A9B  0477               	iorwf	??_LCD_I2C_SendNibble,w
  6112     0A9C  3808               	iorlw	8
  6113     0A9D  00F9               	movwf	LCD_I2C_SendNibble@val
  6114     0A9E                     l3063:
  6115                           
  6116                           ;main.c: 223:     I2C_Start();
  6117     0A9E  120A  158A  2029  120A  158A  	fcall	_I2C_Start
  6118     0AA3                     l3065:
  6119                           
  6120                           ;main.c: 224:     I2C_Write(0x4E);
  6121     0AA3  304E               	movlw	78
  6122     0AA4  120A  158A  213C  120A  158A  	fcall	_I2C_Write
  6123     0AA9                     l3067:
  6124                           
  6125                           ;main.c: 225:     I2C_Write(val | 0x04); _delay((unsigned long)((25)*(20000000UL/4000000
      +                          .0)));
  6126     0AA9  0879               	movf	LCD_I2C_SendNibble@val,w
  6127     0AAA  3804               	iorlw	4
  6128     0AAB  120A  158A  213C  120A  158A  	fcall	_I2C_Write
  6129     0AB0                     l3069:
  6130     0AB0  3029               	movlw	41
  6131     0AB1  00F7               	movwf	??_LCD_I2C_SendNibble
  6132     0AB2                     u3877:
  6133     0AB2  0BF7               	decfsz	??_LCD_I2C_SendNibble,f
  6134     0AB3  2AB2               	goto	u3877
  6135     0AB4  0000               	nop
  6136     0AB5                     l3071:
  6137                           
  6138                           ;main.c: 226:     I2C_Write(val & ~0x04); _delay((unsigned long)((50)*(20000000UL/400000
      +                          0.0)));
  6139     0AB5  0879               	movf	LCD_I2C_SendNibble@val,w
  6140     0AB6  39FB               	andlw	251
  6141     0AB7  120A  158A  213C  120A  158A  	fcall	_I2C_Write
  6142     0ABC                     l3073:
  6143     0ABC  3053               	movlw	83
  6144     0ABD  00F7               	movwf	??_LCD_I2C_SendNibble
  6145     0ABE                     u3887:
  6146     0ABE  0BF7               	decfsz	??_LCD_I2C_SendNibble,f
  6147     0ABF  2ABE               	goto	u3887
  6148     0AC0                     l3075:
  6149                           
  6150                           ;main.c: 227:     I2C_Stop();
  6151     0AC0  120A  158A  2036  120A  158A  	fcall	_I2C_Stop
  6152     0AC5                     l197:
  6153     0AC5  0008               	return
  6154     0AC6                     __end_of_LCD_I2C_SendNibble:
  6155                           
  6156                           	psect	text32
  6157     08AA                     __ptext32:	
  6158 ;; *************** function _LCD_Goto *****************
  6159 ;; Defined at:
  6160 ;;		line 259 in file "main.c"
  6161 ;; Parameters:    Size  Location     Type
  6162 ;;  row             1    wreg     unsigned char 
  6163 ;;  col             1    4[BANK0 ] unsigned char 
  6164 ;; Auto vars:     Size  Location     Type
  6165 ;;  row             1    5[BANK0 ] unsigned char 
  6166 ;; Return value:  Size  Location     Type
  6167 ;;                  1    wreg      void 
  6168 ;; Registers used:
  6169 ;;		wreg, status,2, status,0, pclath, cstack
  6170 ;; Tracked objects:
  6171 ;;		On entry : 0/0
  6172 ;;		On exit  : 0/0
  6173 ;;		Unchanged: 0/0
  6174 ;; Data sizes:     COMMON   BANK0   BANK1   BANK3   BANK2
  6175 ;;      Params:         0       1       0       0       0
  6176 ;;      Locals:         0       3       0       0       0
  6177 ;;      Temps:          0       0       0       0       0
  6178 ;;      Totals:         0       4       0       0       0
  6179 ;;Total ram usage:        4 bytes
  6180 ;; Hardware stack levels used: 1
  6181 ;; Hardware stack levels required when called: 2
  6182 ;; This function calls:
  6183 ;;		_LCD_Cmd
  6184 ;; This function is called by:
  6185 ;;		_main
  6186 ;; This function uses a non-reentrant model
  6187 ;;
  6188                           
  6189     08AA                     _LCD_Goto:	
  6190                           ;psect for function _LCD_Goto
  6191                           
  6192                           
  6193                           ;incstack = 0
  6194                           ; Regs used in _LCD_Goto: [wreg+status,2+status,0+pclath+cstack]
  6195                           ;LCD_Goto@row stored from wreg
  6196     08AA  1283               	bcf	3,5	;RP0=0, select bank0
  6197     08AB  1303               	bcf	3,6	;RP1=0, select bank0
  6198     08AC  00A5               	movwf	LCD_Goto@row
  6199     08AD                     l3267:
  6200                           
  6201                           ;main.c: 260:     LCD_Cmd((unsigned char)(((row == 0) ? 0x80 : 0xC0) + col));
  6202     08AD  0825               	movf	LCD_Goto@row,w
  6203     08AE  1903               	btfsc	3,2
  6204     08AF  28B1               	goto	u3481
  6205     08B0  28B2               	goto	u3480
  6206     08B1                     u3481:
  6207     08B1  28B7               	goto	l3271
  6208     08B2                     u3480:
  6209     08B2                     l3269:
  6210     08B2  30C0               	movlw	192
  6211     08B3  00A6               	movwf	_LCD_Goto$421
  6212     08B4  3000               	movlw	0
  6213     08B5  00A7               	movwf	_LCD_Goto$421+1
  6214     08B6  28BB               	goto	l3273
  6215     08B7                     l3271:
  6216     08B7  3080               	movlw	128
  6217     08B8  00A6               	movwf	_LCD_Goto$421
  6218     08B9  3000               	movlw	0
  6219     08BA  00A7               	movwf	_LCD_Goto$421+1
  6220     08BB                     l3273:
  6221     08BB  0824               	movf	LCD_Goto@col,w
  6222     08BC  0726               	addwf	_LCD_Goto$421,w
  6223     08BD  120A  158A  206F  120A  158A  	fcall	_LCD_Cmd
  6224     08C2                     l216:
  6225     08C2  0008               	return
  6226     08C3                     __end_of_LCD_Goto:
  6227                           
  6228                           	psect	text33
  6229     086F                     __ptext33:	
  6230 ;; *************** function _LCD_Cmd *****************
  6231 ;; Defined at:
  6232 ;;		line 243 in file "main.c"
  6233 ;; Parameters:    Size  Location     Type
  6234 ;;  c               1    wreg     unsigned char 
  6235 ;; Auto vars:     Size  Location     Type
  6236 ;;  c               1    9[COMMON] unsigned char 
  6237 ;; Return value:  Size  Location     Type
  6238 ;;                  1    wreg      void 
  6239 ;; Registers used:
  6240 ;;		wreg, status,2, status,0, pclath, cstack
  6241 ;; Tracked objects:
  6242 ;;		On entry : 0/0
  6243 ;;		On exit  : 0/0
  6244 ;;		Unchanged: 0/0
  6245 ;; Data sizes:     COMMON   BANK0   BANK1   BANK3   BANK2
  6246 ;;      Params:         0       0       0       0       0
  6247 ;;      Locals:         1       0       0       0       0
  6248 ;;      Temps:          2       0       0       0       0
  6249 ;;      Totals:         3       0       0       0       0
  6250 ;;Total ram usage:        3 bytes
  6251 ;; Hardware stack levels used: 1
  6252 ;; Hardware stack levels required when called: 1
  6253 ;; This function calls:
  6254 ;;		_LCD_I2C_SendByte
  6255 ;; This function is called by:
  6256 ;;		_LCD_Init
  6257 ;;		_LCD_Goto
  6258 ;;		_main
  6259 ;; This function uses a non-reentrant model
  6260 ;;
  6261                           
  6262     086F                     _LCD_Cmd:	
  6263                           ;psect for function _LCD_Cmd
  6264                           
  6265                           
  6266                           ;incstack = 0
  6267                           ; Regs used in _LCD_Cmd: [wreg+status,2+status,0+pclath+cstack]
  6268                           ;LCD_Cmd@c stored from wreg
  6269     086F  00FA               	movwf	LCD_Cmd@c
  6270     0870                     l3077:
  6271     0870  01F6               	clrf	LCD_I2C_SendByte@rs
  6272     0871  087A               	movf	LCD_Cmd@c,w
  6273     0872  120A  158A  25C7  120A  158A  	fcall	_LCD_I2C_SendByte
  6274     0877                     l3079:
  6275     0877  300D               	movlw	13
  6276     0878  00F9               	movwf	??_LCD_Cmd+1
  6277     0879  30FB               	movlw	251
  6278     087A  00F8               	movwf	??_LCD_Cmd
  6279     087B                     u3897:
  6280     087B  0BF8               	decfsz	??_LCD_Cmd,f
  6281     087C  287B               	goto	u3897
  6282     087D  0BF9               	decfsz	??_LCD_Cmd+1,f
  6283     087E  287B               	goto	u3897
  6284     087F  2880               	nop2
  6285     0880                     l203:
  6286     0880  0008               	return
  6287     0881                     __end_of_LCD_Cmd:
  6288                           
  6289                           	psect	text34
  6290     0DC7                     __ptext34:	
  6291 ;; *************** function _LCD_I2C_SendByte *****************
  6292 ;; Defined at:
  6293 ;;		line 230 in file "main.c"
  6294 ;; Parameters:    Size  Location     Type
  6295 ;;  b               1    wreg     unsigned char 
  6296 ;;  rs              1    5[COMMON] unsigned char 
  6297 ;; Auto vars:     Size  Location     Type
  6298 ;;  b               1    0[BANK0 ] unsigned char 
  6299 ;;  base            1    3[BANK0 ] unsigned char 
  6300 ;;  low             1    2[BANK0 ] unsigned char 
  6301 ;;  high            1    1[BANK0 ] unsigned char 
  6302 ;; Return value:  Size  Location     Type
  6303 ;;                  1    wreg      void 
  6304 ;; Registers used:
  6305 ;;		wreg, status,2, status,0, pclath, cstack
  6306 ;; Tracked objects:
  6307 ;;		On entry : 0/0
  6308 ;;		On exit  : 0/0
  6309 ;;		Unchanged: 0/0
  6310 ;; Data sizes:     COMMON   BANK0   BANK1   BANK3   BANK2
  6311 ;;      Params:         1       0       0       0       0
  6312 ;;      Locals:         0       4       0       0       0
  6313 ;;      Temps:          1       0       0       0       0
  6314 ;;      Totals:         2       4       0       0       0
  6315 ;;Total ram usage:        6 bytes
  6316 ;; Hardware stack levels used: 1
  6317 ;; Hardware stack levels required when called: 1
  6318 ;; This function calls:
  6319 ;;		_I2C_Start
  6320 ;;		_I2C_Stop
  6321 ;;		_I2C_Write
  6322 ;; This function is called by:
  6323 ;;		_LCD_Cmd
  6324 ;;		_LCD_Data
  6325 ;; This function uses a non-reentrant model
  6326 ;;
  6327                           
  6328     0DC7                     _LCD_I2C_SendByte:	
  6329                           ;psect for function _LCD_I2C_SendByte
  6330                           
  6331                           
  6332                           ;incstack = 0
  6333                           ; Regs used in _LCD_I2C_SendByte: [wreg+status,2+status,0+pclath+cstack]
  6334                           ;LCD_I2C_SendByte@b stored from wreg
  6335     0DC7  1283               	bcf	3,5	;RP0=0, select bank0
  6336     0DC8  1303               	bcf	3,6	;RP1=0, select bank0
  6337     0DC9  00A0               	movwf	LCD_I2C_SendByte@b
  6338     0DCA                     l2961:
  6339                           
  6340                           ;main.c: 231:     unsigned char high = b & 0xF0;
  6341     0DCA  0820               	movf	LCD_I2C_SendByte@b,w
  6342     0DCB  00A1               	movwf	LCD_I2C_SendByte@high
  6343     0DCC                     l2963:
  6344     0DCC  30F0               	movlw	240
  6345     0DCD  05A1               	andwf	LCD_I2C_SendByte@high,f
  6346     0DCE                     l2965:
  6347                           
  6348                           ;main.c: 232:     unsigned char low = (b << 4) & 0xF0;
  6349     0DCE  0820               	movf	LCD_I2C_SendByte@b,w
  6350     0DCF  00F7               	movwf	??_LCD_I2C_SendByte
  6351     0DD0  3003               	movlw	3
  6352     0DD1                     u3105:
  6353     0DD1  1003               	clrc
  6354     0DD2  0DF7               	rlf	??_LCD_I2C_SendByte,f
  6355     0DD3  3EFF               	addlw	-1
  6356     0DD4  1D03               	skipz
  6357     0DD5  2DD1               	goto	u3105
  6358     0DD6  1003               	clrc
  6359     0DD7  0D77               	rlf	??_LCD_I2C_SendByte,w
  6360     0DD8  00A2               	movwf	LCD_I2C_SendByte@low
  6361     0DD9                     l2967:
  6362     0DD9  30F0               	movlw	240
  6363     0DDA  05A2               	andwf	LCD_I2C_SendByte@low,f
  6364     0DDB                     l2969:
  6365                           
  6366                           ;main.c: 233:     unsigned char base = 0x08 | (rs ? 0x01 : 0);
  6367     0DDB  0876               	movf	LCD_I2C_SendByte@rs,w
  6368     0DDC  1D03               	btfss	3,2
  6369     0DDD  2DDF               	goto	u3111
  6370     0DDE  2DE1               	goto	u3110
  6371     0DDF                     u3111:
  6372     0DDF  3001               	movlw	1
  6373     0DE0  2DE2               	goto	u3120
  6374     0DE1                     u3110:
  6375     0DE1  3000               	movlw	0
  6376     0DE2                     u3120:
  6377     0DE2  3808               	iorlw	8
  6378     0DE3  00A3               	movwf	LCD_I2C_SendByte@base
  6379     0DE4                     l2971:
  6380                           
  6381                           ;main.c: 234:     I2C_Start();
  6382     0DE4  120A  158A  2029  120A  158A  	fcall	_I2C_Start
  6383     0DE9                     l2973:
  6384                           
  6385                           ;main.c: 235:     I2C_Write(0x4E);
  6386     0DE9  304E               	movlw	78
  6387     0DEA  120A  158A  213C  120A  158A  	fcall	_I2C_Write
  6388     0DEF                     l2975:
  6389                           
  6390                           ;main.c: 236:     I2C_Write(high | base | 0x04); _delay((unsigned long)((25)*(20000000UL
      +                          /4000000.0)));
  6391     0DEF  1283               	bcf	3,5	;RP0=0, select bank0
  6392     0DF0  1303               	bcf	3,6	;RP1=0, select bank0
  6393     0DF1  0821               	movf	LCD_I2C_SendByte@high,w
  6394     0DF2  0423               	iorwf	LCD_I2C_SendByte@base,w
  6395     0DF3  3804               	iorlw	4
  6396     0DF4  120A  158A  213C  120A  158A  	fcall	_I2C_Write
  6397     0DF9                     l2977:
  6398     0DF9  3029               	movlw	41
  6399     0DFA  00F7               	movwf	??_LCD_I2C_SendByte
  6400     0DFB                     u3907:
  6401     0DFB  0BF7               	decfsz	??_LCD_I2C_SendByte,f
  6402     0DFC  2DFB               	goto	u3907
  6403     0DFD  0000               	nop
  6404                           
  6405                           ;main.c: 237:     I2C_Write(high | base); _delay((unsigned long)((50)*(20000000UL/400000
      +                          0.0)));
  6406     0DFE  1283               	bcf	3,5	;RP0=0, select bank0
  6407     0DFF  1303               	bcf	3,6	;RP1=0, select bank0
  6408     0E00  0821               	movf	LCD_I2C_SendByte@high,w
  6409     0E01  0423               	iorwf	LCD_I2C_SendByte@base,w
  6410     0E02  120A  158A  213C  120A  158A  	fcall	_I2C_Write
  6411     0E07                     l2979:
  6412     0E07  3053               	movlw	83
  6413     0E08  00F7               	movwf	??_LCD_I2C_SendByte
  6414     0E09                     u3917:
  6415     0E09  0BF7               	decfsz	??_LCD_I2C_SendByte,f
  6416     0E0A  2E09               	goto	u3917
  6417     0E0B                     l2981:
  6418                           
  6419                           ;main.c: 238:     I2C_Write(low | base | 0x04); _delay((unsigned long)((25)*(20000000UL/
      +                          4000000.0)));
  6420     0E0B  1283               	bcf	3,5	;RP0=0, select bank0
  6421     0E0C  1303               	bcf	3,6	;RP1=0, select bank0
  6422     0E0D  0822               	movf	LCD_I2C_SendByte@low,w
  6423     0E0E  0423               	iorwf	LCD_I2C_SendByte@base,w
  6424     0E0F  3804               	iorlw	4
  6425     0E10  120A  158A  213C  120A  158A  	fcall	_I2C_Write
  6426     0E15  3029               	movlw	41
  6427     0E16  00F7               	movwf	??_LCD_I2C_SendByte
  6428     0E17                     u3927:
  6429     0E17  0BF7               	decfsz	??_LCD_I2C_SendByte,f
  6430     0E18  2E17               	goto	u3927
  6431     0E19  0000               	nop
  6432     0E1A                     l2983:
  6433                           
  6434                           ;main.c: 239:     I2C_Write(low | base); _delay((unsigned long)((50)*(20000000UL/4000000
      +                          .0)));
  6435     0E1A  1283               	bcf	3,5	;RP0=0, select bank0
  6436     0E1B  1303               	bcf	3,6	;RP1=0, select bank0
  6437     0E1C  0822               	movf	LCD_I2C_SendByte@low,w
  6438     0E1D  0423               	iorwf	LCD_I2C_SendByte@base,w
  6439     0E1E  120A  158A  213C  120A  158A  	fcall	_I2C_Write
  6440     0E23                     l2985:
  6441     0E23  3053               	movlw	83
  6442     0E24  00F7               	movwf	??_LCD_I2C_SendByte
  6443     0E25                     u3937:
  6444     0E25  0BF7               	decfsz	??_LCD_I2C_SendByte,f
  6445     0E26  2E25               	goto	u3937
  6446                           
  6447                           ;main.c: 240:     I2C_Stop();
  6448     0E27  120A  158A  2036  120A  158A  	fcall	_I2C_Stop
  6449     0E2C                     l200:
  6450     0E2C  0008               	return
  6451     0E2D                     __end_of_LCD_I2C_SendByte:
  6452                           
  6453                           	psect	text35
  6454     085F                     __ptext35:	
  6455 ;; *************** function _I2C_Init *****************
  6456 ;; Defined at:
  6457 ;;		line 82 in file "main.c"
  6458 ;; Parameters:    Size  Location     Type
  6459 ;;		None
  6460 ;; Auto vars:     Size  Location     Type
  6461 ;;		None
  6462 ;; Return value:  Size  Location     Type
  6463 ;;                  1    wreg      void 
  6464 ;; Registers used:
  6465 ;;		status,2
  6466 ;; Tracked objects:
  6467 ;;		On entry : 0/0
  6468 ;;		On exit  : 0/0
  6469 ;;		Unchanged: 0/0
  6470 ;; Data sizes:     COMMON   BANK0   BANK1   BANK3   BANK2
  6471 ;;      Params:         0       0       0       0       0
  6472 ;;      Locals:         0       0       0       0       0
  6473 ;;      Temps:          0       0       0       0       0
  6474 ;;      Totals:         0       0       0       0       0
  6475 ;;Total ram usage:        0 bytes
  6476 ;; Hardware stack levels used: 1
  6477 ;; Hardware stack levels required when called: 1
  6478 ;; This function calls:
  6479 ;;		Nothing
  6480 ;; This function is called by:
  6481 ;;		_main
  6482 ;; This function uses a non-reentrant model
  6483 ;;
  6484                           
  6485     085F                     _I2C_Init:	
  6486                           ;psect for function _I2C_Init
  6487                           
  6488     085F                     l2321:	
  6489                           ;incstack = 0
  6490                           ; Regs used in _I2C_Init: [status,2]
  6491                           
  6492                           
  6493                           ;main.c: 83:     TRISC3 = 1; TRISC4 = 1;
  6494     085F  1683               	bsf	3,5	;RP0=1, select bank1
  6495     0860  1303               	bcf	3,6	;RP1=0, select bank1
  6496     0861  1587               	bsf	7,3	;volatile
  6497     0862  1607               	bsf	7,4	;volatile
  6498                           
  6499                           ;main.c: 84:     SSPSTAT = 0x80;
  6500     0863  3080               	movlw	128
  6501     0864  0094               	movwf	20	;volatile
  6502                           
  6503                           ;main.c: 85:     SSPCON = 0x28;
  6504     0865  3028               	movlw	40
  6505     0866  1283               	bcf	3,5	;RP0=0, select bank0
  6506     0867  1303               	bcf	3,6	;RP1=0, select bank0
  6507     0868  0094               	movwf	20	;volatile
  6508     0869                     l2323:
  6509                           
  6510                           ;main.c: 86:     SSPCON2 = 0x00;
  6511     0869  1683               	bsf	3,5	;RP0=1, select bank1
  6512     086A  1303               	bcf	3,6	;RP1=0, select bank1
  6513     086B  0191               	clrf	17	;volatile
  6514     086C                     l2325:
  6515                           
  6516                           ;main.c: 87:     SSPADD = 99;
  6517     086C  3063               	movlw	99
  6518     086D  0093               	movwf	19	;volatile
  6519     086E                     l128:
  6520     086E  0008               	return
  6521     086F                     __end_of_I2C_Init:
  6522                           
  6523                           	psect	text36
  6524     0EFD                     __ptext36:	
  6525 ;; *************** function _DS3231_ReadTime *****************
  6526 ;; Defined at:
  6527 ;;		line 113 in file "main.c"
  6528 ;; Parameters:    Size  Location     Type
  6529 ;;		None
  6530 ;; Auto vars:     Size  Location     Type
  6531 ;;		None
  6532 ;; Return value:  Size  Location     Type
  6533 ;;                  1    wreg      void 
  6534 ;; Registers used:
  6535 ;;		wreg, status,2, status,0, pclath, cstack
  6536 ;; Tracked objects:
  6537 ;;		On entry : 0/0
  6538 ;;		On exit  : 0/0
  6539 ;;		Unchanged: 0/0
  6540 ;; Data sizes:     COMMON   BANK0   BANK1   BANK3   BANK2
  6541 ;;      Params:         0       0       0       0       0
  6542 ;;      Locals:         0       0       0       0       0
  6543 ;;      Temps:          0       0       0       0       0
  6544 ;;      Totals:         0       0       0       0       0
  6545 ;;Total ram usage:        0 bytes
  6546 ;; Hardware stack levels used: 1
  6547 ;; Hardware stack levels required when called: 3
  6548 ;; This function calls:
  6549 ;;		_BCDtoDEC
  6550 ;;		_I2C_Read
  6551 ;;		_I2C_Start
  6552 ;;		_I2C_Stop
  6553 ;;		_I2C_Write
  6554 ;; This function is called by:
  6555 ;;		_main
  6556 ;; This function uses a non-reentrant model
  6557 ;;
  6558                           
  6559     0EFD                     _DS3231_ReadTime:	
  6560                           ;psect for function _DS3231_ReadTime
  6561                           
  6562     0EFD                     l3195:	
  6563                           ;incstack = 0
  6564                           ; Regs used in _DS3231_ReadTime: [wreg+status,2+status,0+pclath+cstack]
  6565                           
  6566                           
  6567                           ;main.c: 114:     I2C_Start();
  6568     0EFD  120A  158A  2029  120A  158A  	fcall	_I2C_Start
  6569                           
  6570                           ;main.c: 115:     I2C_Write(0xD0);
  6571     0F02  30D0               	movlw	208
  6572     0F03  120A  158A  213C  120A  158A  	fcall	_I2C_Write
  6573                           
  6574                           ;main.c: 116:     I2C_Write(0x00);
  6575     0F08  3000               	movlw	0
  6576     0F09  120A  158A  213C  120A  158A  	fcall	_I2C_Write
  6577                           
  6578                           ;main.c: 117:     I2C_Start();
  6579     0F0E  120A  158A  2029  120A  158A  	fcall	_I2C_Start
  6580                           
  6581                           ;main.c: 118:     I2C_Write(0xD0 | 0x01);
  6582     0F13  30D1               	movlw	209
  6583     0F14  120A  158A  213C  120A  158A  	fcall	_I2C_Write
  6584                           
  6585                           ;main.c: 119:     rtc_sec = BCDtoDEC(I2C_Read(1));
  6586     0F19  3001               	movlw	1
  6587     0F1A  120A  158A  2211  120A  158A  	fcall	_I2C_Read
  6588     0F1F  120A  158A  2094  120A  158A  	fcall	_BCDtoDEC
  6589     0F24  1683               	bsf	3,5	;RP0=1, select bank1
  6590     0F25  1303               	bcf	3,6	;RP1=0, select bank1
  6591     0F26  00D1               	movwf	_rtc_sec^(0+128)
  6592                           
  6593                           ;main.c: 120:     rtc_min = BCDtoDEC(I2C_Read(1));
  6594     0F27  3001               	movlw	1
  6595     0F28  120A  158A  2211  120A  158A  	fcall	_I2C_Read
  6596     0F2D  120A  158A  2094  120A  158A  	fcall	_BCDtoDEC
  6597     0F32  1683               	bsf	3,5	;RP0=1, select bank1
  6598     0F33  1303               	bcf	3,6	;RP1=0, select bank1
  6599     0F34  00D6               	movwf	_rtc_min^(0+128)
  6600                           
  6601                           ;main.c: 121:     rtc_hr = BCDtoDEC(I2C_Read(1));
  6602     0F35  3001               	movlw	1
  6603     0F36  120A  158A  2211  120A  158A  	fcall	_I2C_Read
  6604     0F3B  120A  158A  2094  120A  158A  	fcall	_BCDtoDEC
  6605     0F40  1683               	bsf	3,5	;RP0=1, select bank1
  6606     0F41  1303               	bcf	3,6	;RP1=0, select bank1
  6607     0F42  00D5               	movwf	_rtc_hr^(0+128)
  6608                           
  6609                           ;main.c: 122:     I2C_Read(1);
  6610     0F43  3001               	movlw	1
  6611     0F44  120A  158A  2211  120A  158A  	fcall	_I2C_Read
  6612                           
  6613                           ;main.c: 123:     rtc_date = BCDtoDEC(I2C_Read(1));
  6614     0F49  3001               	movlw	1
  6615     0F4A  120A  158A  2211  120A  158A  	fcall	_I2C_Read
  6616     0F4F  120A  158A  2094  120A  158A  	fcall	_BCDtoDEC
  6617     0F54  1683               	bsf	3,5	;RP0=1, select bank1
  6618     0F55  1303               	bcf	3,6	;RP1=0, select bank1
  6619     0F56  00D4               	movwf	_rtc_date^(0+128)
  6620                           
  6621                           ;main.c: 124:     rtc_mon = BCDtoDEC(I2C_Read(1));
  6622     0F57  3001               	movlw	1
  6623     0F58  120A  158A  2211  120A  158A  	fcall	_I2C_Read
  6624     0F5D  120A  158A  2094  120A  158A  	fcall	_BCDtoDEC
  6625     0F62  1683               	bsf	3,5	;RP0=1, select bank1
  6626     0F63  1303               	bcf	3,6	;RP1=0, select bank1
  6627     0F64  00D3               	movwf	_rtc_mon^(0+128)
  6628                           
  6629                           ;main.c: 125:     rtc_yr = BCDtoDEC(I2C_Read(0));
  6630     0F65  3000               	movlw	0
  6631     0F66  120A  158A  2211  120A  158A  	fcall	_I2C_Read
  6632     0F6B  120A  158A  2094  120A  158A  	fcall	_BCDtoDEC
  6633     0F70  1683               	bsf	3,5	;RP0=1, select bank1
  6634     0F71  1303               	bcf	3,6	;RP1=0, select bank1
  6635     0F72  00D2               	movwf	_rtc_yr^(0+128)
  6636                           
  6637                           ;main.c: 126:     I2C_Stop();
  6638     0F73  120A  158A  2036  120A  158A  	fcall	_I2C_Stop
  6639     0F78                     l166:
  6640     0F78  0008               	return
  6641     0F79                     __end_of_DS3231_ReadTime:
  6642                           
  6643                           	psect	text37
  6644     093C                     __ptext37:	
  6645 ;; *************** function _I2C_Write *****************
  6646 ;; Defined at:
  6647 ;;		line 95 in file "main.c"
  6648 ;; Parameters:    Size  Location     Type
  6649 ;;  b               1    wreg     unsigned char 
  6650 ;; Auto vars:     Size  Location     Type
  6651 ;;  b               1    2[COMMON] unsigned char 
  6652 ;;  timeout         2    3[COMMON] unsigned int 
  6653 ;; Return value:  Size  Location     Type
  6654 ;;                  1    wreg      void 
  6655 ;; Registers used:
  6656 ;;		wreg, status,2, status,0, pclath, cstack
  6657 ;; Tracked objects:
  6658 ;;		On entry : 0/0
  6659 ;;		On exit  : 0/0
  6660 ;;		Unchanged: 0/0
  6661 ;; Data sizes:     COMMON   BANK0   BANK1   BANK3   BANK2
  6662 ;;      Params:         0       0       0       0       0
  6663 ;;      Locals:         3       0       0       0       0
  6664 ;;      Temps:          0       0       0       0       0
  6665 ;;      Totals:         3       0       0       0       0
  6666 ;;Total ram usage:        3 bytes
  6667 ;; Hardware stack levels used: 1
  6668 ;; Hardware stack levels required when called: 1
  6669 ;; This function calls:
  6670 ;;		_I2C_Wait
  6671 ;; This function is called by:
  6672 ;;		_DS3231_ReadTime
  6673 ;;		_SRAM_Read
  6674 ;;		_SRAM_Write
  6675 ;;		_LCD_I2C_SendNibble
  6676 ;;		_LCD_I2C_SendByte
  6677 ;;		_DS3231_SetTime
  6678 ;; This function uses a non-reentrant model
  6679 ;;
  6680                           
  6681     093C                     _I2C_Write:	
  6682                           ;psect for function _I2C_Write
  6683                           
  6684                           
  6685                           ;incstack = 0
  6686                           ; Regs used in _I2C_Write: [wreg+status,2+status,0+pclath+cstack]
  6687                           ;I2C_Write@b stored from wreg
  6688     093C  00F3               	movwf	I2C_Write@b
  6689     093D                     l2887:
  6690                           
  6691                           ;main.c: 96:     unsigned int timeout = 0;
  6692     093D  01F4               	clrf	I2C_Write@timeout
  6693     093E  01F5               	clrf	I2C_Write@timeout+1
  6694     093F                     l2889:
  6695                           
  6696                           ;main.c: 97:     I2C_Wait(); SSPIF = 0; SSPBUF = b;
  6697     093F  120A  158A  201C  120A  158A  	fcall	_I2C_Wait
  6698     0944                     l2891:
  6699     0944  1283               	bcf	3,5	;RP0=0, select bank0
  6700     0945  1303               	bcf	3,6	;RP1=0, select bank0
  6701     0946  118C               	bcf	12,3	;volatile
  6702     0947                     l2893:
  6703     0947  0873               	movf	I2C_Write@b,w
  6704     0948  0093               	movwf	19	;volatile
  6705     0949                     l149:	
  6706                           ;main.c: 98:     while (!SSPIF && ++timeout < 10000) { }
  6707                           
  6708     0949  198C               	btfsc	12,3	;volatile
  6709     094A  294C               	goto	u2971
  6710     094B  294D               	goto	u2970
  6711     094C                     u2971:
  6712     094C  295C               	goto	l154
  6713     094D                     u2970:
  6714     094D                     l2895:
  6715     094D  3001               	movlw	1
  6716     094E  07F4               	addwf	I2C_Write@timeout,f
  6717     094F  1803               	skipnc
  6718     0950  0AF5               	incf	I2C_Write@timeout+1,f
  6719     0951  3000               	movlw	0
  6720     0952  07F5               	addwf	I2C_Write@timeout+1,f
  6721     0953  3027               	movlw	39
  6722     0954  0275               	subwf	I2C_Write@timeout+1,w
  6723     0955  3010               	movlw	16
  6724     0956  1903               	skipnz
  6725     0957  0274               	subwf	I2C_Write@timeout,w
  6726     0958  1C03               	skipc
  6727     0959  295B               	goto	u2981
  6728     095A  295C               	goto	u2980
  6729     095B                     u2981:
  6730     095B  2949               	goto	l149
  6731     095C                     u2980:
  6732     095C                     l154:
  6733     095C  0008               	return
  6734     095D                     __end_of_I2C_Write:
  6735                           
  6736                           	psect	text38
  6737     0836                     __ptext38:	
  6738 ;; *************** function _I2C_Stop *****************
  6739 ;; Defined at:
  6740 ;;		line 93 in file "main.c"
  6741 ;; Parameters:    Size  Location     Type
  6742 ;;		None
  6743 ;; Auto vars:     Size  Location     Type
  6744 ;;		None
  6745 ;; Return value:  Size  Location     Type
  6746 ;;                  1    wreg      void 
  6747 ;; Registers used:
  6748 ;;		wreg, status,2, status,0, pclath, cstack
  6749 ;; Tracked objects:
  6750 ;;		On entry : 0/0
  6751 ;;		On exit  : 0/0
  6752 ;;		Unchanged: 0/0
  6753 ;; Data sizes:     COMMON   BANK0   BANK1   BANK3   BANK2
  6754 ;;      Params:         0       0       0       0       0
  6755 ;;      Locals:         0       0       0       0       0
  6756 ;;      Temps:          0       0       0       0       0
  6757 ;;      Totals:         0       0       0       0       0
  6758 ;;Total ram usage:        0 bytes
  6759 ;; Hardware stack levels used: 1
  6760 ;; Hardware stack levels required when called: 1
  6761 ;; This function calls:
  6762 ;;		_I2C_Wait
  6763 ;; This function is called by:
  6764 ;;		_DS3231_ReadTime
  6765 ;;		_SRAM_Read
  6766 ;;		_SRAM_Write
  6767 ;;		_LCD_I2C_SendNibble
  6768 ;;		_LCD_I2C_SendByte
  6769 ;;		_DS3231_SetTime
  6770 ;; This function uses a non-reentrant model
  6771 ;;
  6772                           
  6773     0836                     _I2C_Stop:	
  6774                           ;psect for function _I2C_Stop
  6775                           
  6776     0836                     l2883:	
  6777                           ;incstack = 0
  6778                           ; Regs used in _I2C_Stop: [wreg+status,2+status,0+pclath+cstack]
  6779                           
  6780     0836  120A  158A  201C  120A  158A  	fcall	_I2C_Wait
  6781     083B                     l2885:
  6782     083B  1683               	bsf	3,5	;RP0=1, select bank1
  6783     083C  1303               	bcf	3,6	;RP1=0, select bank1
  6784     083D  1511               	bsf	17,2	;volatile
  6785     083E                     l143:
  6786     083E  1911               	btfsc	17,2	;volatile
  6787     083F  2841               	goto	u2961
  6788     0840  2842               	goto	u2960
  6789     0841                     u2961:
  6790     0841  283E               	goto	l143
  6791     0842                     u2960:
  6792     0842                     l146:
  6793     0842  0008               	return
  6794     0843                     __end_of_I2C_Stop:
  6795                           
  6796                           	psect	text39
  6797     0829                     __ptext39:	
  6798 ;; *************** function _I2C_Start *****************
  6799 ;; Defined at:
  6800 ;;		line 92 in file "main.c"
  6801 ;; Parameters:    Size  Location     Type
  6802 ;;		None
  6803 ;; Auto vars:     Size  Location     Type
  6804 ;;		None
  6805 ;; Return value:  Size  Location     Type
  6806 ;;                  1    wreg      void 
  6807 ;; Registers used:
  6808 ;;		wreg, status,2, status,0, pclath, cstack
  6809 ;; Tracked objects:
  6810 ;;		On entry : 0/0
  6811 ;;		On exit  : 0/0
  6812 ;;		Unchanged: 0/0
  6813 ;; Data sizes:     COMMON   BANK0   BANK1   BANK3   BANK2
  6814 ;;      Params:         0       0       0       0       0
  6815 ;;      Locals:         0       0       0       0       0
  6816 ;;      Temps:          0       0       0       0       0
  6817 ;;      Totals:         0       0       0       0       0
  6818 ;;Total ram usage:        0 bytes
  6819 ;; Hardware stack levels used: 1
  6820 ;; Hardware stack levels required when called: 1
  6821 ;; This function calls:
  6822 ;;		_I2C_Wait
  6823 ;; This function is called by:
  6824 ;;		_DS3231_ReadTime
  6825 ;;		_SRAM_Read
  6826 ;;		_SRAM_Write
  6827 ;;		_LCD_I2C_SendNibble
  6828 ;;		_LCD_I2C_SendByte
  6829 ;;		_DS3231_SetTime
  6830 ;; This function uses a non-reentrant model
  6831 ;;
  6832                           
  6833     0829                     _I2C_Start:	
  6834                           ;psect for function _I2C_Start
  6835                           
  6836     0829                     l2879:	
  6837                           ;incstack = 0
  6838                           ; Regs used in _I2C_Start: [wreg+status,2+status,0+pclath+cstack]
  6839                           
  6840     0829  120A  158A  201C  120A  158A  	fcall	_I2C_Wait
  6841     082E                     l2881:
  6842     082E  1683               	bsf	3,5	;RP0=1, select bank1
  6843     082F  1303               	bcf	3,6	;RP1=0, select bank1
  6844     0830  1411               	bsf	17,0	;volatile
  6845     0831                     l137:
  6846     0831  1811               	btfsc	17,0	;volatile
  6847     0832  2834               	goto	u2951
  6848     0833  2835               	goto	u2950
  6849     0834                     u2951:
  6850     0834  2831               	goto	l137
  6851     0835                     u2950:
  6852     0835                     l140:
  6853     0835  0008               	return
  6854     0836                     __end_of_I2C_Start:
  6855                           
  6856                           	psect	text40
  6857     0A11                     __ptext40:	
  6858 ;; *************** function _I2C_Read *****************
  6859 ;; Defined at:
  6860 ;;		line 101 in file "main.c"
  6861 ;; Parameters:    Size  Location     Type
  6862 ;;  ack             1    wreg     unsigned char 
  6863 ;; Auto vars:     Size  Location     Type
  6864 ;;  ack             1    2[COMMON] unsigned char 
  6865 ;;  d               1    3[COMMON] unsigned char 
  6866 ;; Return value:  Size  Location     Type
  6867 ;;                  1    wreg      unsigned char 
  6868 ;; Registers used:
  6869 ;;		wreg, status,2, status,0, pclath, cstack
  6870 ;; Tracked objects:
  6871 ;;		On entry : 0/0
  6872 ;;		On exit  : 0/0
  6873 ;;		Unchanged: 0/0
  6874 ;; Data sizes:     COMMON   BANK0   BANK1   BANK3   BANK2
  6875 ;;      Params:         0       0       0       0       0
  6876 ;;      Locals:         2       0       0       0       0
  6877 ;;      Temps:          0       0       0       0       0
  6878 ;;      Totals:         2       0       0       0       0
  6879 ;;Total ram usage:        2 bytes
  6880 ;; Hardware stack levels used: 1
  6881 ;; Hardware stack levels required when called: 1
  6882 ;; This function calls:
  6883 ;;		_I2C_Wait
  6884 ;; This function is called by:
  6885 ;;		_DS3231_ReadTime
  6886 ;;		_SRAM_Read
  6887 ;; This function uses a non-reentrant model
  6888 ;;
  6889                           
  6890     0A11                     _I2C_Read:	
  6891                           ;psect for function _I2C_Read
  6892                           
  6893                           
  6894                           ;incstack = 0
  6895                           ; Regs used in _I2C_Read: [wreg+status,2+status,0+pclath+cstack]
  6896                           ;I2C_Read@ack stored from wreg
  6897     0A11  00F3               	movwf	I2C_Read@ack
  6898     0A12                     l2943:
  6899                           
  6900                           ;main.c: 102:     unsigned char d;;main.c: 103:     I2C_Wait(); RCEN = 1; while (!BF) { 
      +                          }
  6901     0A12  120A  158A  201C  120A  158A  	fcall	_I2C_Wait
  6902     0A17                     l2945:
  6903     0A17  1683               	bsf	3,5	;RP0=1, select bank1
  6904     0A18  1303               	bcf	3,6	;RP1=0, select bank1
  6905     0A19  1591               	bsf	17,3	;volatile
  6906     0A1A                     l157:
  6907     0A1A  1C14               	btfss	20,0	;volatile
  6908     0A1B  2A1D               	goto	u3061
  6909     0A1C  2A1E               	goto	u3060
  6910     0A1D                     u3061:
  6911     0A1D  2A1A               	goto	l157
  6912     0A1E                     u3060:
  6913     0A1E                     l2947:
  6914                           
  6915                           ;main.c: 104:     d = SSPBUF;
  6916     0A1E  1283               	bcf	3,5	;RP0=0, select bank0
  6917     0A1F  1303               	bcf	3,6	;RP1=0, select bank0
  6918     0A20  0813               	movf	19,w	;volatile
  6919     0A21  00F4               	movwf	I2C_Read@d
  6920     0A22                     l2949:
  6921                           
  6922                           ;main.c: 105:     I2C_Wait(); ACKDT = ack ? 0 : 1; ACKEN = 1;
  6923     0A22  120A  158A  201C  120A  158A  	fcall	_I2C_Wait
  6924     0A27                     l2951:
  6925     0A27  0873               	movf	I2C_Read@ack,w
  6926     0A28  1903               	btfsc	3,2
  6927     0A29  2A2B               	goto	u3071
  6928     0A2A  2A2F               	goto	u3070
  6929     0A2B                     u3071:
  6930     0A2B  1683               	bsf	3,5	;RP0=1, select bank1
  6931     0A2C  1303               	bcf	3,6	;RP1=0, select bank1
  6932     0A2D  1691               	bsf	17,5	;volatile
  6933     0A2E  2A32               	goto	u3084
  6934     0A2F                     u3070:
  6935     0A2F  1683               	bsf	3,5	;RP0=1, select bank1
  6936     0A30  1303               	bcf	3,6	;RP1=0, select bank1
  6937     0A31  1291               	bcf	17,5	;volatile
  6938     0A32                     u3084:
  6939     0A32                     l2953:
  6940     0A32  1611               	bsf	17,4	;volatile
  6941     0A33                     l160:	
  6942                           ;main.c: 106:     while (ACKEN) { }
  6943                           
  6944     0A33  1A11               	btfsc	17,4	;volatile
  6945     0A34  2A36               	goto	u3091
  6946     0A35  2A37               	goto	u3090
  6947     0A36                     u3091:
  6948     0A36  2A33               	goto	l160
  6949     0A37                     u3090:
  6950     0A37                     l2955:
  6951                           
  6952                           ;main.c: 107:     return d;
  6953     0A37  0874               	movf	I2C_Read@d,w
  6954     0A38                     l163:
  6955     0A38  0008               	return
  6956     0A39                     __end_of_I2C_Read:
  6957                           
  6958                           	psect	text41
  6959     081C                     __ptext41:	
  6960 ;; *************** function _I2C_Wait *****************
  6961 ;; Defined at:
  6962 ;;		line 90 in file "main.c"
  6963 ;; Parameters:    Size  Location     Type
  6964 ;;		None
  6965 ;; Auto vars:     Size  Location     Type
  6966 ;;		None
  6967 ;; Return value:  Size  Location     Type
  6968 ;;                  1    wreg      void 
  6969 ;; Registers used:
  6970 ;;		wreg, status,2
  6971 ;; Tracked objects:
  6972 ;;		On entry : 0/0
  6973 ;;		On exit  : 0/0
  6974 ;;		Unchanged: 0/0
  6975 ;; Data sizes:     COMMON   BANK0   BANK1   BANK3   BANK2
  6976 ;;      Params:         0       0       0       0       0
  6977 ;;      Locals:         0       0       0       0       0
  6978 ;;      Temps:          0       0       0       0       0
  6979 ;;      Totals:         0       0       0       0       0
  6980 ;;Total ram usage:        0 bytes
  6981 ;; Hardware stack levels used: 1
  6982 ;; Hardware stack levels required when called: 1
  6983 ;; This function calls:
  6984 ;;		Nothing
  6985 ;; This function is called by:
  6986 ;;		_I2C_Start
  6987 ;;		_I2C_Stop
  6988 ;;		_I2C_Write
  6989 ;;		_I2C_Read
  6990 ;; This function uses a non-reentrant model
  6991 ;;
  6992                           
  6993     081C                     _I2C_Wait:	
  6994                           ;psect for function _I2C_Wait
  6995                           
  6996     081C                     l2809:	
  6997                           ;incstack = 0
  6998                           ; Regs used in _I2C_Wait: [wreg+status,2]
  6999                           
  7000     081C                     l2811:
  7001     081C  1683               	bsf	3,5	;RP0=1, select bank1
  7002     081D  1303               	bcf	3,6	;RP1=0, select bank1
  7003     081E  0811               	movf	17,w	;volatile
  7004     081F  391F               	andlw	31
  7005     0820  1D03               	btfss	3,2
  7006     0821  2823               	goto	u2761
  7007     0822  2824               	goto	u2760
  7008     0823                     u2761:
  7009     0823  281C               	goto	l2811
  7010     0824                     u2760:
  7011     0824                     l2813:
  7012     0824  1914               	btfsc	20,2	;volatile
  7013     0825  2827               	goto	u2771
  7014     0826  2828               	goto	u2770
  7015     0827                     u2771:
  7016     0827  281C               	goto	l2811
  7017     0828                     u2770:
  7018     0828                     l134:
  7019     0828  0008               	return
  7020     0829                     __end_of_I2C_Wait:
  7021                           
  7022                           	psect	text42
  7023     0894                     __ptext42:	
  7024 ;; *************** function _BCDtoDEC *****************
  7025 ;; Defined at:
  7026 ;;		line 76 in file "main.c"
  7027 ;; Parameters:    Size  Location     Type
  7028 ;;  b               1    wreg     unsigned char 
  7029 ;; Auto vars:     Size  Location     Type
  7030 ;;  b               1    7[COMMON] unsigned char 
  7031 ;; Return value:  Size  Location     Type
  7032 ;;                  1    wreg      unsigned char 
  7033 ;; Registers used:
  7034 ;;		wreg, status,2, status,0, pclath, cstack
  7035 ;; Tracked objects:
  7036 ;;		On entry : 0/0
  7037 ;;		On exit  : 0/0
  7038 ;;		Unchanged: 0/0
  7039 ;; Data sizes:     COMMON   BANK0   BANK1   BANK3   BANK2
  7040 ;;      Params:         0       0       0       0       0
  7041 ;;      Locals:         1       0       0       0       0
  7042 ;;      Temps:          2       0       0       0       0
  7043 ;;      Totals:         3       0       0       0       0
  7044 ;;Total ram usage:        3 bytes
  7045 ;; Hardware stack levels used: 1
  7046 ;; Hardware stack levels required when called: 2
  7047 ;; This function calls:
  7048 ;;		___bmul
  7049 ;; This function is called by:
  7050 ;;		_DS3231_ReadTime
  7051 ;; This function uses a non-reentrant model
  7052 ;;
  7053                           
  7054     0894                     _BCDtoDEC:	
  7055                           ;psect for function _BCDtoDEC
  7056                           
  7057                           
  7058                           ;incstack = 0
  7059                           ; Regs used in _BCDtoDEC: [wreg+status,2+status,0+pclath+cstack]
  7060                           ;BCDtoDEC@b stored from wreg
  7061     0894  00F8               	movwf	BCDtoDEC@b
  7062     0895                     l2171:
  7063     0895  300F               	movlw	15
  7064     0896  0578               	andwf	BCDtoDEC@b,w
  7065     0897  00F6               	movwf	??_BCDtoDEC
  7066     0898  300A               	movlw	10
  7067     0899  00F3               	movwf	___bmul@multiplicand
  7068     089A  0878               	movf	BCDtoDEC@b,w
  7069     089B  00F7               	movwf	??_BCDtoDEC+1
  7070     089C  3004               	movlw	4
  7071     089D                     u1935:
  7072     089D  1003               	clrc
  7073     089E  0CF7               	rrf	??_BCDtoDEC+1,f
  7074     089F  3EFF               	addlw	-1
  7075     08A0  1D03               	skipz
  7076     08A1  289D               	goto	u1935
  7077     08A2  0877               	movf	??_BCDtoDEC+1,w
  7078     08A3  120A  158A  2081  120A  158A  	fcall	___bmul
  7079     08A8  0776               	addwf	??_BCDtoDEC,w
  7080     08A9                     l122:
  7081     08A9  0008               	return
  7082     08AA                     __end_of_BCDtoDEC:
  7083                           
  7084                           	psect	text43
  7085     0881                     __ptext43:	
  7086 ;; *************** function ___bmul *****************
  7087 ;; Defined at:
  7088 ;;		line 4 in file "C:\Program Files\Microchip\xc8\v3.10\pic\sources\c99\common\Umul8.c"
  7089 ;; Parameters:    Size  Location     Type
  7090 ;;  multiplier      1    wreg     unsigned char 
  7091 ;;  multiplicand    1    2[COMMON] unsigned char 
  7092 ;; Auto vars:     Size  Location     Type
  7093 ;;  multiplier      1    4[COMMON] unsigned char 
  7094 ;;  product         1    3[COMMON] unsigned char 
  7095 ;; Return value:  Size  Location     Type
  7096 ;;                  1    wreg      unsigned char 
  7097 ;; Registers used:
  7098 ;;		wreg, status,2, status,0
  7099 ;; Tracked objects:
  7100 ;;		On entry : 0/0
  7101 ;;		On exit  : 0/0
  7102 ;;		Unchanged: 0/0
  7103 ;; Data sizes:     COMMON   BANK0   BANK1   BANK3   BANK2
  7104 ;;      Params:         1       0       0       0       0
  7105 ;;      Locals:         2       0       0       0       0
  7106 ;;      Temps:          0       0       0       0       0
  7107 ;;      Totals:         3       0       0       0       0
  7108 ;;Total ram usage:        3 bytes
  7109 ;; Hardware stack levels used: 1
  7110 ;; Hardware stack levels required when called: 1
  7111 ;; This function calls:
  7112 ;;		Nothing
  7113 ;; This function is called by:
  7114 ;;		_BCDtoDEC
  7115 ;;		_SRAM_SaveSample
  7116 ;;		_SRAM_ReadSample
  7117 ;; This function uses a non-reentrant model
  7118 ;;
  7119                           
  7120     0881                     ___bmul:	
  7121                           ;psect for function ___bmul
  7122                           
  7123                           
  7124                           ;incstack = 0
  7125                           ; Regs used in ___bmul: [wreg+status,2+status,0]
  7126                           ;___bmul@multiplier stored from wreg
  7127     0881  00F5               	movwf	___bmul@multiplier
  7128     0882                     l2099:
  7129     0882  01F4               	clrf	___bmul@product
  7130     0883                     l2101:
  7131     0883  1C75               	btfss	___bmul@multiplier,0
  7132     0884  2886               	goto	u1861
  7133     0885  2887               	goto	u1860
  7134     0886                     u1861:
  7135     0886  2889               	goto	l2105
  7136     0887                     u1860:
  7137     0887                     l2103:
  7138     0887  0873               	movf	___bmul@multiplicand,w
  7139     0888  07F4               	addwf	___bmul@product,f
  7140     0889                     l2105:
  7141     0889  1003               	clrc
  7142     088A  0DF3               	rlf	___bmul@multiplicand,f
  7143     088B                     l2107:
  7144     088B  1003               	clrc
  7145     088C  0CF5               	rrf	___bmul@multiplier,f
  7146     088D  0875               	movf	___bmul@multiplier,w
  7147     088E  1D03               	btfss	3,2
  7148     088F  2891               	goto	u1871
  7149     0890  2892               	goto	u1870
  7150     0891                     u1871:
  7151     0891  2883               	goto	l2101
  7152     0892                     u1870:
  7153     0892                     l2109:
  7154     0892  0874               	movf	___bmul@product,w
  7155     0893                     l433:
  7156     0893  0008               	return
  7157     0894                     __end_of___bmul:
  7158                           
  7159                           	psect	text44
  7160     0356                     __ptext44:	
  7161 ;; *************** function _DHT22_Read *****************
  7162 ;; Defined at:
  7163 ;;		line 268 in file "main.c"
  7164 ;; Parameters:    Size  Location     Type
  7165 ;;  temp_x10        1    2[COMMON] PTR int 
  7166 ;;		 -> main@dht_temp_x10(2), 
  7167 ;;  hum_x10         1    3[COMMON] PTR unsigned int 
  7168 ;;		 -> main@dht_hum_x10(2), 
  7169 ;; Auto vars:     Size  Location     Type
  7170 ;;  data            5   12[BANK0 ] unsigned char [5]
  7171 ;;  timeout         2   19[BANK0 ] unsigned int 
  7172 ;;  t               2   10[BANK0 ] int 
  7173 ;;  i               1   18[BANK0 ] unsigned char 
  7174 ;;  j               1   17[BANK0 ] unsigned char 
  7175 ;; Return value:  Size  Location     Type
  7176 ;;                  1    wreg      unsigned char 
  7177 ;; Registers used:
  7178 ;;		wreg, fsr0l, fsr0h, status,2, status,0, btemp1
  7179 ;; Tracked objects:
  7180 ;;		On entry : 0/0
  7181 ;;		On exit  : 0/0
  7182 ;;		Unchanged: 0/0
  7183 ;; Data sizes:     COMMON   BANK0   BANK1   BANK3   BANK2
  7184 ;;      Params:         2       0       0       0       0
  7185 ;;      Locals:         0      11       0       0       0
  7186 ;;      Temps:          0      10       0       0       0
  7187 ;;      Totals:         2      21       0       0       0
  7188 ;;Total ram usage:       23 bytes
  7189 ;; Hardware stack levels used: 1
  7190 ;; Hardware stack levels required when called: 1
  7191 ;; This function calls:
  7192 ;;		Nothing
  7193 ;; This function is called by:
  7194 ;;		_main
  7195 ;; This function uses a non-reentrant model
  7196 ;;
  7197                           
  7198     0356                     _DHT22_Read:	
  7199                           ;psect for function _DHT22_Read
  7200                           
  7201     0356                     l2415:	
  7202                           ;incstack = 0
  7203                           ; Regs used in _DHT22_Read: [wreg-fsr0h+status,2+status,0+btemp1]
  7204                           
  7205                           
  7206                           ;main.c: 269:     unsigned char data[5] = {0};
  7207     0356  302C               	movlw	DHT22_Read@data& (0+255)
  7208     0357  0084               	movwf	4
  7209     0358  3005               	movlw	5
  7210     0359  00FF               	movwf	btemp1
  7211     035A                     u2250:
  7212     035A  1383               	bcf	3,7	;select IRP bank0
  7213     035B  0180               	clrf	0
  7214     035C  0A84               	incf	4,f
  7215     035D  0BFF               	decfsz	btemp1,f
  7216     035E  2B5A               	goto	u2250
  7217     035F                     l2417:
  7218                           
  7219                           ;main.c: 270:     unsigned char i, j;;main.c: 271:     unsigned int timeout;;main.c: 273
      +                          :     TRISDbits.TRISD0 = 0;
  7220     035F  1683               	bsf	3,5	;RP0=1, select bank1
  7221     0360  1303               	bcf	3,6	;RP1=0, select bank1
  7222     0361  1008               	bcf	8,0	;volatile
  7223     0362                     l2419:
  7224                           
  7225                           ;main.c: 274:     PORTDbits.RD0 = 0;
  7226     0362  1283               	bcf	3,5	;RP0=0, select bank0
  7227     0363  1303               	bcf	3,6	;RP1=0, select bank0
  7228     0364  1008               	bcf	8,0	;volatile
  7229     0365                     l2421:
  7230                           
  7231                           ;main.c: 275:     _delay((unsigned long)((18)*(20000000UL/4000.0)));
  7232     0365  3075               	movlw	117
  7233     0366  1283               	bcf	3,5	;RP0=0, select bank0
  7234     0367  1303               	bcf	3,6	;RP1=0, select bank0
  7235     0368  00A1               	movwf	??_DHT22_Read+1
  7236     0369  30E0               	movlw	224
  7237     036A  00A0               	movwf	??_DHT22_Read
  7238     036B                     u3947:
  7239     036B  0BA0               	decfsz	??_DHT22_Read,f
  7240     036C  2B6B               	goto	u3947
  7241     036D  0BA1               	decfsz	??_DHT22_Read+1,f
  7242     036E  2B6B               	goto	u3947
  7243     036F  0000               	nop
  7244     0370                     l2423:
  7245                           
  7246                           ;main.c: 276:     PORTDbits.RD0 = 1;
  7247     0370  1283               	bcf	3,5	;RP0=0, select bank0
  7248     0371  1303               	bcf	3,6	;RP1=0, select bank0
  7249     0372  1408               	bsf	8,0	;volatile
  7250     0373                     l2425:
  7251                           
  7252                           ;main.c: 277:     _delay((unsigned long)((30)*(20000000UL/4000000.0)));
  7253     0373  3031               	movlw	49
  7254     0374  1283               	bcf	3,5	;RP0=0, select bank0
  7255     0375  1303               	bcf	3,6	;RP1=0, select bank0
  7256     0376  00A0               	movwf	??_DHT22_Read
  7257     0377                     u3957:
  7258     0377  0BA0               	decfsz	??_DHT22_Read,f
  7259     0378  2B77               	goto	u3957
  7260     0379                     l2427:
  7261                           
  7262                           ;main.c: 278:     TRISDbits.TRISD0 = 1;
  7263     0379  1683               	bsf	3,5	;RP0=1, select bank1
  7264     037A  1303               	bcf	3,6	;RP1=0, select bank1
  7265     037B  1408               	bsf	8,0	;volatile
  7266     037C                     l2429:
  7267                           
  7268                           ;main.c: 280:     timeout = 1000; while (PORTDbits.RD0 && --timeout); if (!timeout) retu
      +                          rn 1;
  7269     037C  30E8               	movlw	232
  7270     037D  1283               	bcf	3,5	;RP0=0, select bank0
  7271     037E  1303               	bcf	3,6	;RP1=0, select bank0
  7272     037F  00B3               	movwf	DHT22_Read@timeout
  7273     0380  3003               	movlw	3
  7274     0381  00B4               	movwf	DHT22_Read@timeout+1
  7275     0382                     l227:
  7276     0382  1C08               	btfss	8,0	;volatile
  7277     0383  2B85               	goto	u2261
  7278     0384  2B86               	goto	u2260
  7279     0385                     u2261:
  7280     0385  2B92               	goto	l2433
  7281     0386                     u2260:
  7282     0386                     l2431:
  7283     0386  3001               	movlw	1
  7284     0387  02B3               	subwf	DHT22_Read@timeout,f
  7285     0388  3000               	movlw	0
  7286     0389  1C03               	skipc
  7287     038A  03B4               	decf	DHT22_Read@timeout+1,f
  7288     038B  02B4               	subwf	DHT22_Read@timeout+1,f
  7289     038C  0833               	movf	DHT22_Read@timeout,w
  7290     038D  0434               	iorwf	DHT22_Read@timeout+1,w
  7291     038E  1D03               	btfss	3,2
  7292     038F  2B91               	goto	u2271
  7293     0390  2B92               	goto	u2270
  7294     0391                     u2271:
  7295     0391  2B82               	goto	l227
  7296     0392                     u2270:
  7297     0392                     l2433:
  7298     0392  0833               	movf	DHT22_Read@timeout,w
  7299     0393  0434               	iorwf	DHT22_Read@timeout+1,w
  7300     0394  1D03               	btfss	3,2
  7301     0395  2B97               	goto	u2281
  7302     0396  2B98               	goto	u2280
  7303     0397                     u2281:
  7304     0397  2B9A               	goto	l2439
  7305     0398                     u2280:
  7306     0398                     l2435:
  7307     0398  3001               	movlw	1
  7308     0399  2C8E               	goto	l233
  7309     039A                     l2439:
  7310                           
  7311                           ;main.c: 281:     timeout = 1000; while (!PORTDbits.RD0 && --timeout); if (!timeout) ret
      +                          urn 1;
  7312     039A  30E8               	movlw	232
  7313     039B  00B3               	movwf	DHT22_Read@timeout
  7314     039C  3003               	movlw	3
  7315     039D  00B4               	movwf	DHT22_Read@timeout+1
  7316     039E                     l234:
  7317     039E  1808               	btfsc	8,0	;volatile
  7318     039F  2BA1               	goto	u2291
  7319     03A0  2BA2               	goto	u2290
  7320     03A1                     u2291:
  7321     03A1  2BAE               	goto	l2443
  7322     03A2                     u2290:
  7323     03A2                     l2441:
  7324     03A2  3001               	movlw	1
  7325     03A3  02B3               	subwf	DHT22_Read@timeout,f
  7326     03A4  3000               	movlw	0
  7327     03A5  1C03               	skipc
  7328     03A6  03B4               	decf	DHT22_Read@timeout+1,f
  7329     03A7  02B4               	subwf	DHT22_Read@timeout+1,f
  7330     03A8  0833               	movf	DHT22_Read@timeout,w
  7331     03A9  0434               	iorwf	DHT22_Read@timeout+1,w
  7332     03AA  1D03               	btfss	3,2
  7333     03AB  2BAD               	goto	u2301
  7334     03AC  2BAE               	goto	u2300
  7335     03AD                     u2301:
  7336     03AD  2B9E               	goto	l234
  7337     03AE                     u2300:
  7338     03AE                     l2443:
  7339     03AE  0833               	movf	DHT22_Read@timeout,w
  7340     03AF  0434               	iorwf	DHT22_Read@timeout+1,w
  7341     03B0  1D03               	btfss	3,2
  7342     03B1  2BB3               	goto	u2311
  7343     03B2  2BB4               	goto	u2310
  7344     03B3                     u2311:
  7345     03B3  2BB5               	goto	l2449
  7346     03B4                     u2310:
  7347     03B4  2B98               	goto	l2435
  7348     03B5                     l2449:
  7349                           
  7350                           ;main.c: 282:     timeout = 1000; while (PORTDbits.RD0 && --timeout); if (!timeout) retu
      +                          rn 1;
  7351     03B5  30E8               	movlw	232
  7352     03B6  00B3               	movwf	DHT22_Read@timeout
  7353     03B7  3003               	movlw	3
  7354     03B8  00B4               	movwf	DHT22_Read@timeout+1
  7355     03B9                     l240:
  7356     03B9  1C08               	btfss	8,0	;volatile
  7357     03BA  2BBC               	goto	u2321
  7358     03BB  2BBD               	goto	u2320
  7359     03BC                     u2321:
  7360     03BC  2BC9               	goto	l2453
  7361     03BD                     u2320:
  7362     03BD                     l2451:
  7363     03BD  3001               	movlw	1
  7364     03BE  02B3               	subwf	DHT22_Read@timeout,f
  7365     03BF  3000               	movlw	0
  7366     03C0  1C03               	skipc
  7367     03C1  03B4               	decf	DHT22_Read@timeout+1,f
  7368     03C2  02B4               	subwf	DHT22_Read@timeout+1,f
  7369     03C3  0833               	movf	DHT22_Read@timeout,w
  7370     03C4  0434               	iorwf	DHT22_Read@timeout+1,w
  7371     03C5  1D03               	btfss	3,2
  7372     03C6  2BC8               	goto	u2331
  7373     03C7  2BC9               	goto	u2330
  7374     03C8                     u2331:
  7375     03C8  2BB9               	goto	l240
  7376     03C9                     u2330:
  7377     03C9                     l2453:
  7378     03C9  0833               	movf	DHT22_Read@timeout,w
  7379     03CA  0434               	iorwf	DHT22_Read@timeout+1,w
  7380     03CB  1D03               	btfss	3,2
  7381     03CC  2BCE               	goto	u2341
  7382     03CD  2BCF               	goto	u2340
  7383     03CE                     u2341:
  7384     03CE  2BD0               	goto	l2459
  7385     03CF                     u2340:
  7386     03CF  2B98               	goto	l2435
  7387     03D0                     l2459:
  7388                           
  7389                           ;main.c: 284:     for (i = 0; i < 5; i++) {
  7390     03D0  01B2               	clrf	DHT22_Read@i
  7391     03D1                     l2465:
  7392                           
  7393                           ;main.c: 285:         data[i] = 0;
  7394     03D1  0832               	movf	DHT22_Read@i,w
  7395     03D2  3E2C               	addlw	(low (DHT22_Read@data| 0))& (0+255)
  7396     03D3  0084               	movwf	4
  7397     03D4  1383               	bcf	3,7	;select IRP bank0
  7398     03D5  0180               	clrf	0
  7399     03D6                     l2467:
  7400                           
  7401                           ;main.c: 286:         for (j = 0; j < 8; j++) {
  7402     03D6  01B1               	clrf	DHT22_Read@j
  7403     03D7                     l2473:
  7404                           
  7405                           ;main.c: 287:             timeout = 1000; while (!PORTDbits.RD0 && --timeout); if (!time
      +                          out) return 1;
  7406     03D7  30E8               	movlw	232
  7407     03D8  00B3               	movwf	DHT22_Read@timeout
  7408     03D9  3003               	movlw	3
  7409     03DA  00B4               	movwf	DHT22_Read@timeout+1
  7410     03DB                     l250:
  7411     03DB  1808               	btfsc	8,0	;volatile
  7412     03DC  2BDE               	goto	u2351
  7413     03DD  2BDF               	goto	u2350
  7414     03DE                     u2351:
  7415     03DE  2BEB               	goto	l2477
  7416     03DF                     u2350:
  7417     03DF                     l2475:
  7418     03DF  3001               	movlw	1
  7419     03E0  02B3               	subwf	DHT22_Read@timeout,f
  7420     03E1  3000               	movlw	0
  7421     03E2  1C03               	skipc
  7422     03E3  03B4               	decf	DHT22_Read@timeout+1,f
  7423     03E4  02B4               	subwf	DHT22_Read@timeout+1,f
  7424     03E5  0833               	movf	DHT22_Read@timeout,w
  7425     03E6  0434               	iorwf	DHT22_Read@timeout+1,w
  7426     03E7  1D03               	btfss	3,2
  7427     03E8  2BEA               	goto	u2361
  7428     03E9  2BEB               	goto	u2360
  7429     03EA                     u2361:
  7430     03EA  2BDB               	goto	l250
  7431     03EB                     u2360:
  7432     03EB                     l2477:
  7433     03EB  0833               	movf	DHT22_Read@timeout,w
  7434     03EC  0434               	iorwf	DHT22_Read@timeout+1,w
  7435     03ED  1D03               	btfss	3,2
  7436     03EE  2BF0               	goto	u2371
  7437     03EF  2BF1               	goto	u2370
  7438     03F0                     u2371:
  7439     03F0  2BF2               	goto	l2483
  7440     03F1                     u2370:
  7441     03F1  2B98               	goto	l2435
  7442     03F2                     l2483:
  7443                           
  7444                           ;main.c: 288:             _delay((unsigned long)((35)*(20000000UL/4000000.0)));
  7445     03F2  3039               	movlw	57
  7446     03F3  1283               	bcf	3,5	;RP0=0, select bank0
  7447     03F4  1303               	bcf	3,6	;RP1=0, select bank0
  7448     03F5  00A0               	movwf	??_DHT22_Read
  7449     03F6                     u3967:
  7450     03F6  0BA0               	decfsz	??_DHT22_Read,f
  7451     03F7  2BF6               	goto	u3967
  7452     03F8  0000               	nop
  7453     03F9                     l2485:
  7454                           
  7455                           ;main.c: 289:             if (PORTDbits.RD0) {
  7456     03F9  1283               	bcf	3,5	;RP0=0, select bank0
  7457     03FA  1303               	bcf	3,6	;RP1=0, select bank0
  7458     03FB  1C08               	btfss	8,0	;volatile
  7459     03FC  2BFE               	goto	u2381
  7460     03FD  2BFF               	goto	u2380
  7461     03FE                     u2381:
  7462     03FE  2C2B               	goto	l2499
  7463     03FF                     u2380:
  7464     03FF                     l2487:
  7465                           
  7466                           ;main.c: 290:                 data[i] |= (1 << (7 - j));
  7467     03FF  0832               	movf	DHT22_Read@i,w
  7468     0400  3E2C               	addlw	(low (DHT22_Read@data| 0))& (0+255)
  7469     0401  0084               	movwf	4
  7470     0402  3001               	movlw	1
  7471     0403  00A0               	movwf	??_DHT22_Read
  7472     0404  0831               	movf	DHT22_Read@j,w
  7473     0405  3C07               	sublw	7
  7474     0406  3E01               	addlw	1
  7475     0407  2C0A               	goto	u2394
  7476     0408                     u2395:
  7477     0408  1003               	clrc
  7478     0409  0DA0               	rlf	??_DHT22_Read,f
  7479     040A                     u2394:
  7480     040A  3EFF               	addlw	-1
  7481     040B  1D03               	skipz
  7482     040C  2C08               	goto	u2395
  7483     040D  0820               	movf	??_DHT22_Read,w
  7484     040E  1383               	bcf	3,7	;select IRP bank0
  7485     040F  0480               	iorwf	0,f
  7486     0410                     l2489:
  7487                           
  7488                           ;main.c: 291:                 timeout = 1000; while (PORTDbits.RD0 && --timeout); if (!t
      +                          imeout) return 1;
  7489     0410  30E8               	movlw	232
  7490     0411  00B3               	movwf	DHT22_Read@timeout
  7491     0412  3003               	movlw	3
  7492     0413  00B4               	movwf	DHT22_Read@timeout+1
  7493     0414                     l257:
  7494     0414  1C08               	btfss	8,0	;volatile
  7495     0415  2C17               	goto	u2401
  7496     0416  2C18               	goto	u2400
  7497     0417                     u2401:
  7498     0417  2C24               	goto	l2493
  7499     0418                     u2400:
  7500     0418                     l2491:
  7501     0418  3001               	movlw	1
  7502     0419  02B3               	subwf	DHT22_Read@timeout,f
  7503     041A  3000               	movlw	0
  7504     041B  1C03               	skipc
  7505     041C  03B4               	decf	DHT22_Read@timeout+1,f
  7506     041D  02B4               	subwf	DHT22_Read@timeout+1,f
  7507     041E  0833               	movf	DHT22_Read@timeout,w
  7508     041F  0434               	iorwf	DHT22_Read@timeout+1,w
  7509     0420  1D03               	btfss	3,2
  7510     0421  2C23               	goto	u2411
  7511     0422  2C24               	goto	u2410
  7512     0423                     u2411:
  7513     0423  2C14               	goto	l257
  7514     0424                     u2410:
  7515     0424                     l2493:
  7516     0424  0833               	movf	DHT22_Read@timeout,w
  7517     0425  0434               	iorwf	DHT22_Read@timeout+1,w
  7518     0426  1D03               	btfss	3,2
  7519     0427  2C29               	goto	u2421
  7520     0428  2C2A               	goto	u2420
  7521     0429                     u2421:
  7522     0429  2C2B               	goto	l2499
  7523     042A                     u2420:
  7524     042A  2B98               	goto	l2435
  7525     042B                     l2499:
  7526                           
  7527                           ;main.c: 293:         }
  7528     042B  3001               	movlw	1
  7529     042C  07B1               	addwf	DHT22_Read@j,f
  7530     042D                     l2501:
  7531     042D  3008               	movlw	8
  7532     042E  0231               	subwf	DHT22_Read@j,w
  7533     042F  1C03               	skipc
  7534     0430  2C32               	goto	u2431
  7535     0431  2C33               	goto	u2430
  7536     0432                     u2431:
  7537     0432  2BD7               	goto	l2473
  7538     0433                     u2430:
  7539     0433                     l2503:
  7540                           
  7541                           ;main.c: 294:     }
  7542     0433  3001               	movlw	1
  7543     0434  07B2               	addwf	DHT22_Read@i,f
  7544     0435                     l2505:
  7545     0435  3005               	movlw	5
  7546     0436  0232               	subwf	DHT22_Read@i,w
  7547     0437  1C03               	skipc
  7548     0438  2C3A               	goto	u2441
  7549     0439  2C3B               	goto	u2440
  7550     043A                     u2441:
  7551     043A  2BD1               	goto	l2465
  7552     043B                     u2440:
  7553     043B                     l2507:
  7554                           
  7555                           ;main.c: 296:     if (data[4] != ((data[0] + data[1] + data[2] + data[3]) & 0xFF)) retur
      +                          n 2;
  7556     043B  082C               	movf	DHT22_Read@data,w
  7557     043C  072D               	addwf	DHT22_Read@data+1,w
  7558     043D  00A0               	movwf	??_DHT22_Read
  7559     043E  01A1               	clrf	??_DHT22_Read+1
  7560     043F  0DA1               	rlf	??_DHT22_Read+1,f
  7561     0440  082E               	movf	DHT22_Read@data+2,w
  7562     0441  0720               	addwf	??_DHT22_Read,w
  7563     0442  00A2               	movwf	??_DHT22_Read+2
  7564     0443  3000               	movlw	0
  7565     0444  1803               	skipnc
  7566     0445  3001               	movlw	1
  7567     0446  0721               	addwf	??_DHT22_Read+1,w
  7568     0447  00A3               	movwf	??_DHT22_Read+3
  7569     0448  082F               	movf	DHT22_Read@data+3,w
  7570     0449  0722               	addwf	??_DHT22_Read+2,w
  7571     044A  00A4               	movwf	??_DHT22_Read+4
  7572     044B  3000               	movlw	0
  7573     044C  1803               	skipnc
  7574     044D  3001               	movlw	1
  7575     044E  0723               	addwf	??_DHT22_Read+3,w
  7576     044F  00A5               	movwf	??_DHT22_Read+5
  7577     0450  30FF               	movlw	255
  7578     0451  0524               	andwf	??_DHT22_Read+4,w
  7579     0452  00A6               	movwf	??_DHT22_Read+6
  7580     0453  3000               	movlw	0
  7581     0454  0525               	andwf	??_DHT22_Read+5,w
  7582     0455  00A7               	movwf	??_DHT22_Read+7
  7583     0456  0830               	movf	DHT22_Read@data+4,w
  7584     0457  00A8               	movwf	??_DHT22_Read+8
  7585     0458  01A9               	clrf	??_DHT22_Read+9
  7586     0459  0827               	movf	??_DHT22_Read+7,w
  7587     045A  0629               	xorwf	??_DHT22_Read+9,w
  7588     045B  1D03               	skipz
  7589     045C  2C5F               	goto	u2455
  7590     045D  0826               	movf	??_DHT22_Read+6,w
  7591     045E  0628               	xorwf	??_DHT22_Read+8,w
  7592     045F                     u2455:
  7593     045F  1903               	skipnz
  7594     0460  2C62               	goto	u2451
  7595     0461  2C63               	goto	u2450
  7596     0462                     u2451:
  7597     0462  2C65               	goto	l2513
  7598     0463                     u2450:
  7599     0463                     l2509:
  7600     0463  3002               	movlw	2
  7601     0464  2C8E               	goto	l233
  7602     0465                     l2513:
  7603                           
  7604                           ;main.c: 298:     *hum_x10 = ((unsigned int)data[0] << 8) | data[1];
  7605     0465  0874               	movf	DHT22_Read@hum_x10,w
  7606     0466  0084               	movwf	4
  7607     0467  082D               	movf	DHT22_Read@data+1,w
  7608     0468  1383               	bcf	3,7	;select IRP bank0
  7609     0469  0080               	movwf	0
  7610     046A  0A84               	incf	4,f
  7611     046B  082C               	movf	DHT22_Read@data,w
  7612     046C  0080               	movwf	0
  7613     046D                     l2515:
  7614                           
  7615                           ;main.c: 299:     signed int t = ((unsigned int)(data[2] & 0x7F) << 8) | data[3];
  7616     046D  082F               	movf	DHT22_Read@data+3,w
  7617     046E  00A0               	movwf	??_DHT22_Read
  7618     046F  01A1               	clrf	??_DHT22_Read+1
  7619     0470  082E               	movf	DHT22_Read@data+2,w
  7620     0471  397F               	andlw	127
  7621     0472  00A2               	movwf	??_DHT22_Read+2
  7622     0473  01A3               	clrf	??_DHT22_Read+3
  7623     0474  0822               	movf	??_DHT22_Read+2,w
  7624     0475  00A3               	movwf	??_DHT22_Read+3
  7625     0476  01A2               	clrf	??_DHT22_Read+2
  7626     0477  0820               	movf	??_DHT22_Read,w
  7627     0478  0422               	iorwf	??_DHT22_Read+2,w
  7628     0479  00AA               	movwf	DHT22_Read@t
  7629     047A  0821               	movf	??_DHT22_Read+1,w
  7630     047B  0423               	iorwf	??_DHT22_Read+3,w
  7631     047C  00AB               	movwf	DHT22_Read@t+1
  7632     047D                     l2517:
  7633                           
  7634                           ;main.c: 300:     if (data[2] & 0x80) t = -t;
  7635     047D  1FAE               	btfss	DHT22_Read@data+2,7
  7636     047E  2C80               	goto	u2461
  7637     047F  2C81               	goto	u2460
  7638     0480                     u2461:
  7639     0480  2C86               	goto	l2521
  7640     0481                     u2460:
  7641     0481                     l2519:
  7642     0481  09AA               	comf	DHT22_Read@t,f
  7643     0482  09AB               	comf	DHT22_Read@t+1,f
  7644     0483  0AAA               	incf	DHT22_Read@t,f
  7645     0484  1903               	skipnz
  7646     0485  0AAB               	incf	DHT22_Read@t+1,f
  7647     0486                     l2521:
  7648                           
  7649                           ;main.c: 301:     *temp_x10 = t;
  7650     0486  0873               	movf	DHT22_Read@temp_x10,w
  7651     0487  0084               	movwf	4
  7652     0488  082A               	movf	DHT22_Read@t,w
  7653     0489  0080               	movwf	0
  7654     048A  0A84               	incf	4,f
  7655     048B  082B               	movf	DHT22_Read@t+1,w
  7656     048C  0080               	movwf	0
  7657     048D                     l2523:
  7658                           
  7659                           ;main.c: 303:     return 0;
  7660     048D  3000               	movlw	0
  7661     048E                     l233:
  7662     048E  0008               	return
  7663     048F                     __end_of_DHT22_Read:
  7664                           
  7665                           	psect	text45
  7666     095D                     __ptext45:	
  7667 ;; *************** function _ADC_Read *****************
  7668 ;; Defined at:
  7669 ;;		line 314 in file "main.c"
  7670 ;; Parameters:    Size  Location     Type
  7671 ;;  ch              1    wreg     unsigned char 
  7672 ;; Auto vars:     Size  Location     Type
  7673 ;;  ch              1    5[COMMON] unsigned char 
  7674 ;; Return value:  Size  Location     Type
  7675 ;;                  2    2[COMMON] unsigned int 
  7676 ;; Registers used:
  7677 ;;		wreg, status,2, status,0
  7678 ;; Tracked objects:
  7679 ;;		On entry : 0/0
  7680 ;;		On exit  : 0/0
  7681 ;;		Unchanged: 0/0
  7682 ;; Data sizes:     COMMON   BANK0   BANK1   BANK3   BANK2
  7683 ;;      Params:         2       0       0       0       0
  7684 ;;      Locals:         1       0       0       0       0
  7685 ;;      Temps:          1       0       0       0       0
  7686 ;;      Totals:         4       0       0       0       0
  7687 ;;Total ram usage:        4 bytes
  7688 ;; Hardware stack levels used: 1
  7689 ;; Hardware stack levels required when called: 1
  7690 ;; This function calls:
  7691 ;;		Nothing
  7692 ;; This function is called by:
  7693 ;;		_main
  7694 ;; This function uses a non-reentrant model
  7695 ;;
  7696                           
  7697     095D                     _ADC_Read:	
  7698                           ;psect for function _ADC_Read
  7699                           
  7700                           
  7701                           ;incstack = 0
  7702                           ; Regs used in _ADC_Read: [wreg+status,2+status,0]
  7703                           ;ADC_Read@ch stored from wreg
  7704     095D  00F6               	movwf	ADC_Read@ch
  7705     095E                     l2531:
  7706                           
  7707                           ;main.c: 315:     ADCON0 = (unsigned char)((ADCON0 & 0b11000111) | ((ch & 0x07) << 3));
  7708     095E  0876               	movf	ADC_Read@ch,w
  7709     095F  3907               	andlw	7
  7710     0960  00F5               	movwf	??_ADC_Read
  7711     0961  3003               	movlw	3
  7712     0962                     u2475:
  7713     0962  1003               	clrc
  7714     0963  0DF5               	rlf	??_ADC_Read,f
  7715     0964  3EFF               	addlw	-1
  7716     0965  1D03               	skipz
  7717     0966  2962               	goto	u2475
  7718     0967  1283               	bcf	3,5	;RP0=0, select bank0
  7719     0968  1303               	bcf	3,6	;RP1=0, select bank0
  7720     0969  081F               	movf	31,w	;volatile
  7721     096A  39C7               	andlw	199
  7722     096B  0475               	iorwf	??_ADC_Read,w
  7723     096C  009F               	movwf	31	;volatile
  7724     096D                     l2533:
  7725                           
  7726                           ;main.c: 316:     _delay((unsigned long)((50)*(20000000UL/4000000.0))); ADCON0bits.GO_DO
      +                          NE = 1; while (ADCON0bits.GO_DONE) { }
  7727     096D  3053               	movlw	83
  7728     096E  00F5               	movwf	??_ADC_Read
  7729     096F                     u3977:
  7730     096F  0BF5               	decfsz	??_ADC_Read,f
  7731     0970  296F               	goto	u3977
  7732     0971                     l2535:
  7733     0971  1283               	bcf	3,5	;RP0=0, select bank0
  7734     0972  1303               	bcf	3,6	;RP1=0, select bank0
  7735     0973  151F               	bsf	31,2	;volatile
  7736     0974                     l270:
  7737     0974  191F               	btfsc	31,2	;volatile
  7738     0975  2977               	goto	u2481
  7739     0976  2978               	goto	u2480
  7740     0977                     u2481:
  7741     0977  2974               	goto	l270
  7742     0978                     u2480:
  7743     0978                     l2537:
  7744                           
  7745                           ;main.c: 317:     return (unsigned int)(((unsigned int)ADRESH << 8) | ADRESL);
  7746     0978  081E               	movf	30,w	;volatile
  7747     0979  00F4               	movwf	?_ADC_Read+1
  7748     097A  1683               	bsf	3,5	;RP0=1, select bank1
  7749     097B  1303               	bcf	3,6	;RP1=0, select bank1
  7750     097C  081E               	movf	30,w	;volatile
  7751     097D  00F3               	movwf	?_ADC_Read
  7752     097E                     l273:
  7753     097E  0008               	return
  7754     097F                     __end_of_ADC_Read:
  7755                           
  7756                           	psect	text46
  7757     0850                     __ptext46:	
  7758 ;; *************** function _ADC_Init *****************
  7759 ;; Defined at:
  7760 ;;		line 309 in file "main.c"
  7761 ;; Parameters:    Size  Location     Type
  7762 ;;		None
  7763 ;; Auto vars:     Size  Location     Type
  7764 ;;		None
  7765 ;; Return value:  Size  Location     Type
  7766 ;;                  1    wreg      void 
  7767 ;; Registers used:
  7768 ;;		wreg
  7769 ;; Tracked objects:
  7770 ;;		On entry : 0/0
  7771 ;;		On exit  : 0/0
  7772 ;;		Unchanged: 0/0
  7773 ;; Data sizes:     COMMON   BANK0   BANK1   BANK3   BANK2
  7774 ;;      Params:         0       0       0       0       0
  7775 ;;      Locals:         0       0       0       0       0
  7776 ;;      Temps:          1       0       0       0       0
  7777 ;;      Totals:         1       0       0       0       0
  7778 ;;Total ram usage:        1 bytes
  7779 ;; Hardware stack levels used: 1
  7780 ;; Hardware stack levels required when called: 1
  7781 ;; This function calls:
  7782 ;;		Nothing
  7783 ;; This function is called by:
  7784 ;;		_main
  7785 ;; This function uses a non-reentrant model
  7786 ;;
  7787                           
  7788     0850                     _ADC_Init:	
  7789                           ;psect for function _ADC_Init
  7790                           
  7791     0850                     l2527:	
  7792                           ;incstack = 0
  7793                           ; Regs used in _ADC_Init: [wreg]
  7794                           
  7795                           
  7796                           ;main.c: 310:     TRISAbits.TRISA1 = 1; TRISAbits.TRISA2 = 1;
  7797     0850  1683               	bsf	3,5	;RP0=1, select bank1
  7798     0851  1303               	bcf	3,6	;RP1=0, select bank1
  7799     0852  1485               	bsf	5,1	;volatile
  7800     0853  1505               	bsf	5,2	;volatile
  7801                           
  7802                           ;main.c: 311:     ADCON1 = 0b10000000; ADCON0 = 0b01000001; _delay((unsigned long)((50)*
      +                          (20000000UL/4000000.0)));
  7803     0854  3080               	movlw	128
  7804     0855  009F               	movwf	31	;volatile
  7805     0856  3041               	movlw	65
  7806     0857  1283               	bcf	3,5	;RP0=0, select bank0
  7807     0858  1303               	bcf	3,6	;RP1=0, select bank0
  7808     0859  009F               	movwf	31	;volatile
  7809     085A                     l2529:
  7810     085A  3053               	movlw	83
  7811     085B  00F3               	movwf	??_ADC_Init
  7812     085C                     u3987:
  7813     085C  0BF3               	decfsz	??_ADC_Init,f
  7814     085D  285C               	goto	u3987
  7815     085E                     l267:
  7816     085E  0008               	return
  7817     085F                     __end_of_ADC_Init:
  7818                           
  7819                           	psect	text47
  7820     08DF                     __ptext47:	
  7821 ;; *************** function _ISR *****************
  7822 ;; Defined at:
  7823 ;;		line 60 in file "main.c"
  7824 ;; Parameters:    Size  Location     Type
  7825 ;;		None
  7826 ;; Auto vars:     Size  Location     Type
  7827 ;;		None
  7828 ;; Return value:  Size  Location     Type
  7829 ;;                  1    wreg      void 
  7830 ;; Registers used:
  7831 ;;		wreg, status,2, status,0
  7832 ;; Tracked objects:
  7833 ;;		On entry : 0/0
  7834 ;;		On exit  : 0/0
  7835 ;;		Unchanged: 0/0
  7836 ;; Data sizes:     COMMON   BANK0   BANK1   BANK3   BANK2
  7837 ;;      Params:         0       0       0       0       0
  7838 ;;      Locals:         0       0       0       0       0
  7839 ;;      Temps:          2       0       0       0       0
  7840 ;;      Totals:         2       0       0       0       0
  7841 ;;Total ram usage:        2 bytes
  7842 ;; Hardware stack levels used: 1
  7843 ;; This function calls:
  7844 ;;		Nothing
  7845 ;; This function is called by:
  7846 ;;		Interrupt level 1
  7847 ;; This function uses a non-reentrant model
  7848 ;;
  7849                           
  7850     08DF                     _ISR:	
  7851                           ;psect for function _ISR
  7852                           
  7853     08DF                     i1l2615:
  7854                           
  7855                           ;main.c: 61:     if (PIR1bits.TMR1IF) {
  7856     08DF  1283               	bcf	3,5	;RP0=0, select bank0
  7857     08E0  1303               	bcf	3,6	;RP1=0, select bank0
  7858     08E1  1C0C               	btfss	12,0	;volatile
  7859     08E2  28E4               	goto	u262_21
  7860     08E3  28E5               	goto	u262_20
  7861     08E4                     u262_21:
  7862     08E4  28F7               	goto	i1l119
  7863     08E5                     u262_20:
  7864     08E5                     i1l2617:
  7865                           
  7866                           ;main.c: 62:         TMR1H = 0x0B;
  7867     08E5  300B               	movlw	11
  7868     08E6  008F               	movwf	15	;volatile
  7869                           
  7870                           ;main.c: 63:         TMR1L = 0xDC;
  7871     08E7  30DC               	movlw	220
  7872     08E8  008E               	movwf	14	;volatile
  7873                           
  7874                           ;main.c: 64:         PIR1bits.TMR1IF = 0;
  7875     08E9  100C               	bcf	12,0	;volatile
  7876     08EA                     i1l2619:
  7877                           
  7878                           ;main.c: 65:         timer1_ticks++;
  7879     08EA  3001               	movlw	1
  7880     08EB  07FB               	addwf	_timer1_ticks,f	;volatile
  7881     08EC                     i1l2621:
  7882                           
  7883                           ;main.c: 66:         if (timer1_ticks >= 20) {
  7884     08EC  3014               	movlw	20
  7885     08ED  027B               	subwf	_timer1_ticks,w	;volatile
  7886     08EE  1C03               	skipc
  7887     08EF  28F1               	goto	u263_21
  7888     08F0  28F2               	goto	u263_20
  7889     08F1                     u263_21:
  7890     08F1  28F7               	goto	i1l119
  7891     08F2                     u263_20:
  7892     08F2                     i1l2623:
  7893                           
  7894                           ;main.c: 67:             timer1_ticks = 0;
  7895     08F2  01FB               	clrf	_timer1_ticks	;volatile
  7896     08F3                     i1l2625:
  7897                           
  7898                           ;main.c: 68:             take_sample_flag = 1;
  7899     08F3  3001               	movlw	1
  7900     08F4  1683               	bsf	3,5	;RP0=1, select bank1
  7901     08F5  1303               	bcf	3,6	;RP1=0, select bank1
  7902     08F6  00D0               	movwf	_take_sample_flag^(0+128)	;volatile
  7903     08F7                     i1l119:
  7904     08F7  0872               	movf	??_ISR+1,w
  7905     08F8  008A               	movwf	10
  7906     08F9  0E71               	swapf	??_ISR,w
  7907     08FA  0083               	movwf	3
  7908     08FB  0EFE               	swapf	btemp,f
  7909     08FC  0E7E               	swapf	btemp,w
  7910     08FD  0009               	retfie
  7911     08FE                     __end_of_ISR:
  7912     0002                     ___latbits      equ	2
  7913     007E                     btemp           set	126	;btemp
  7914     007E                     btemp0          set	126
  7915     007F                     btemp1          set	127
  7916     007E                     wtemp0          set	126
  7917     007F                     wtemp0a         set	127
  7918     007F                     ttemp0a         set	127
  7919     0080                     ltemp0a         set	128
  7920                           
  7921                           	psect	intentry
  7922     0004                     __pintentry:	
  7923                           ;incstack = 0
  7924 ;; hardware stack exceeded
  7925                           ; Regs used in _ISR: [wreg+status,2+status,0]
  7926                           
  7927     0004                     interrupt_function:
  7928     007E                     saved_w         set	btemp
  7929     0004  00FE               	movwf	btemp
  7930     0005  0E03               	swapf	3,w
  7931     0006  00F1               	movwf	??_ISR
  7932     0007  080A               	movf	10,w
  7933     0008  00F2               	movwf	??_ISR+1
  7934     0009  120A  158A  28DF   	ljmp	_ISR
  7935                           
  7936                           	psect	config
  7937                           
  7938                           ;Config register CONFIG @ 0x2007
  7939                           ;	Oscillator Selection bits
  7940                           ;	FOSC = HS, HS oscillator
  7941                           ;	Watchdog Timer Enable bit
  7942                           ;	WDTE = OFF, WDT disabled
  7943                           ;	Power-up Timer Enable bit
  7944                           ;	PWRTE = ON, PWRT enabled
  7945                           ;	Brown-out Reset Enable bit
  7946                           ;	BOREN = ON, BOR enabled
  7947                           ;	Low-Voltage (Single-Supply) In-Circuit Serial Programming Enable bit
  7948                           ;	LVP = OFF, RB3 is digital I/O, HV on MCLR must be used for programming
  7949                           ;	Data EEPROM Memory Code Protection bit
  7950                           ;	CPD = OFF, Data EEPROM code protection off
  7951                           ;	Flash Program Memory Write Enable bits
  7952                           ;	WRT = OFF, Write protection off; all program memory may be written to by EECON control
  7953                           ;	In-Circuit Debugger Mode bit
  7954                           ;	DEBUG = 0x1, unprogrammed default
  7955                           ;	Flash Program Memory Code Protection bit
  7956                           ;	CP = OFF, Code protection off
  7957     2007                     	org	8199
  7958     2007  3F72               	dw	16242

Data Sizes:
    Strings     136
    Constant    0
    Data        5
    BSS         47
    Persistent  0
    Stack       0

Auto Spaces:
    Space          Size  Autos    Used
    COMMON           13     10      11
    BANK0            80     78      80
    BANK1            80     38      55
    BANK3            85      0      32
    BANK2            96      0       0

Pointer List with Targets:

    DHT22_Read@hum_x10	PTR unsigned int  size(1) Largest target is 2
		 -> main@dht_hum_x10(BANK1[2]), 

    DHT22_Read@temp_x10	PTR int  size(1) Largest target is 2
		 -> main@dht_temp_x10(BANK1[2]), 

    f$.$buffer	PTR unsigned char  size(2) Largest target is 17
		 -> main@lcd_buffer(BANK1[17]), 

    f$.$source	PTR const unsigned char  size(1) Largest target is 0

    fputc@fp	PTR struct _IO_FILE size(2) Largest target is 11
		 -> sprintf@f(BANK0[11]), 

    fputc@fp$.$buffer	PTR unsigned char  size(2) Largest target is 17
		 -> main@lcd_buffer(BANK1[17]), 

    fputc@fp$.$source	PTR const unsigned char  size(1) Largest target is 0

    fputs@fp	PTR struct _IO_FILE size(2) Largest target is 11
		 -> sprintf@f(BANK0[11]), 

    fputs@s	PTR const unsigned char  size(1) Largest target is 32
		 -> dbuf(BANK3[32]), 

    LCD_Print@s	PTR const unsigned char  size(2) Largest target is 17
		 -> main@lcd_buffer(BANK1[17]), STR_1(CODE[17]), STR_2(CODE[17]), 

    pad@buf	PTR unsigned char  size(1) Largest target is 32
		 -> dbuf(BANK3[32]), 

    pad@fp	PTR struct _IO_FILE size(2) Largest target is 11
		 -> sprintf@f(BANK0[11]), 

    read_prec_or_width@ap	PTR PTR void [1] size(1) Largest target is 1
		 -> sprintf@ap(BANK0[1]), 

    read_prec_or_width@fmt	PTR PTR const unsigned char  size(1) Largest target is 1
		 -> vfprintf@cfmt(BANK0[1]), 

    S982$buffer	PTR unsigned char  size(2) Largest target is 17
		 -> main@lcd_buffer(BANK1[17]), 

    S982$source	PTR const unsigned char  size(1) Largest target is 0

    sprintf@ap	PTR void [1] size(1) Largest target is 2
		 -> ?_sprintf(BANK0[2]), 

    sprintf@fmt	PTR const unsigned char  size(1) Largest target is 24
		 -> STR_4(CODE[24]), STR_5(CODE[22]), 

    sprintf@s	PTR unsigned char  size(1) Largest target is 17
		 -> main@lcd_buffer(BANK1[17]), 

    UART_Print@s	PTR const unsigned char  size(1) Largest target is 56
		 -> STR_3(CODE[56]), STR_6(CODE[3]), 

    utoa@fp	PTR struct _IO_FILE size(2) Largest target is 11
		 -> sprintf@f(BANK0[11]), 

    vfpfcnvrt@ap	PTR PTR void  size(1) Largest target is 1
		 -> sprintf@ap(BANK0[1]), 

    vfpfcnvrt@cp	PTR unsigned char  size(1) Largest target is 24
		 -> STR_4(CODE[24]), STR_5(CODE[22]), 

    vfpfcnvrt@fmt	PTR PTR unsigned char  size(1) Largest target is 1
		 -> vfprintf@cfmt(BANK0[1]), 

    vfpfcnvrt@fp	PTR struct _IO_FILE size(2) Largest target is 11
		 -> sprintf@f(BANK0[11]), 

    vfprintf@ap	PTR PTR void  size(1) Largest target is 1
		 -> sprintf@ap(BANK0[1]), 

    vfprintf@cfmt	PTR unsigned char  size(1) Largest target is 24
		 -> STR_4(CODE[24]), STR_5(CODE[22]), 

    vfprintf@fmt	PTR const unsigned char  size(1) Largest target is 24
		 -> STR_4(CODE[24]), STR_5(CODE[22]), 

    vfprintf@fp	PTR struct _IO_FILE size(2) Largest target is 11
		 -> sprintf@f(BANK0[11]), 


Critical Paths under _main in COMMON

    _main->_LCD_Cmd
    _main->___lmul
    _vfpfcnvrt->_read_prec_or_width
    _utoa->_pad
    _pad->_fputs
    _fputs->_fputc
    _read_prec_or_width->___wmul
    ___lldiv->___lmul
    _UART_Print->_UART_Write
    _UART_Num2->___awdiv
    _UART_Num->___awdiv
    _SRAM_SaveSample->_SRAM_SaveHeader
    _SRAM_SaveHeader->_SRAM_Write
    _SRAM_Write->_I2C_Write
    _SRAM_LoadHeader->_SRAM_Read
    _SRAM_Read->_I2C_Write
    _LCD_Print->_LCD_Data
    _LCD_Data->_LCD_I2C_SendByte
    _LCD_Init->_LCD_Cmd
    _LCD_I2C_SendNibble->_I2C_Write
    _LCD_Goto->_LCD_Cmd
    _LCD_Cmd->_LCD_I2C_SendByte
    _LCD_I2C_SendByte->_I2C_Write
    _DS3231_ReadTime->_BCDtoDEC
    _BCDtoDEC->___bmul

Critical Paths under _ISR in COMMON

    None.

Critical Paths under _main in BANK0

    _main->_sprintf
    _sprintf->_vfprintf
    _vfprintf->_vfpfcnvrt
    _vfpfcnvrt->_utoa
    _utoa->_pad
    _pad->_fputs
    _fputs->_fputc
    ___lldiv->___lmul
    _UART_NumFrac->_UART_Num
    _UART_Num2->_UART_Num
    _LCD_Data->_LCD_I2C_SendByte
    _LCD_Cmd->_LCD_I2C_SendByte

Critical Paths under _ISR in BANK0

    None.

Critical Paths under _main in BANK1

    None.

Critical Paths under _ISR in BANK1

    None.

Critical Paths under _main in BANK3

    None.

Critical Paths under _ISR in BANK3

    None.

Critical Paths under _main in BANK2

    None.

Critical Paths under _ISR in BANK2

    None.

Call Graph Tables:

 ---------------------------------------------------------------------------------
 (Depth) Function   	        Calls       Base Space   Used Autos Params    Refs
 ---------------------------------------------------------------------------------
 (0) _main                                                55    55      0   15111
                                             72 BANK0      6     6      0
                                              0 BANK1     38    38      0
                           _ADC_Init
                           _ADC_Read
                         _DHT22_Read
                    _DS3231_ReadTime
                           _I2C_Init
                            _LCD_Cmd
                           _LCD_Goto
                           _LCD_Init
                          _LCD_Print
                    _SRAM_LoadHeader
                    _SRAM_SaveSample
                          _UART_Init
                           _UART_Num
                          _UART_Num2
                       _UART_NumFrac
                         _UART_Print
                         _UART_Write
                            ___lldiv
                             ___lmul
                            ___lwdiv
                            ___lwmod
                            _sprintf
 ---------------------------------------------------------------------------------
 (1) _sprintf                                             27    15     12    3638
                                             47 BANK0     25    13     12
                           _vfprintf
 ---------------------------------------------------------------------------------
 (2) _vfprintf                                             5     1      4    3314
                                             42 BANK0      5     1      4
                          _vfpfcnvrt
 ---------------------------------------------------------------------------------
 (3) _vfpfcnvrt                                           13     9      4    3078
                                             30 BANK0     12     8      4
                              _fputc
                 _read_prec_or_width
                               _utoa
 ---------------------------------------------------------------------------------
 (4) _utoa                                                 9     5      4    1781
                                             21 BANK0      9     5      4
                            ___lwdiv
                            ___lwmod
                                _pad
 ---------------------------------------------------------------------------------
 (5) _pad                                                  8     3      5     886
                                              9 COMMON     1     1      0
                                             14 BANK0      7     2      5
                              _fputc
                              _fputs
 ---------------------------------------------------------------------------------
 (6) _fputs                                                8     5      3     386
                                              6 COMMON     3     0      3
                                              9 BANK0      5     5      0
                              _fputc
 ---------------------------------------------------------------------------------
 (7) _fputc                                               13     9      4     234
                                              2 COMMON     4     0      4
                                              0 BANK0      9     9      0
                              _putch
 ---------------------------------------------------------------------------------
 (8) _putch                                                1     1      0       0
 ---------------------------------------------------------------------------------
 (4) _read_prec_or_width                                   6     4      2     360
                                              8 COMMON     2     0      2
                                              0 BANK0      4     4      0
                             ___wmul
 ---------------------------------------------------------------------------------
 (5) ___wmul                                               6     2      4      94
                                              2 COMMON     6     2      4
 ---------------------------------------------------------------------------------
 (1) ___lmul                                              13     5      8     148
                                              2 COMMON     8     0      8
                                              0 BANK0      5     5      0
 ---------------------------------------------------------------------------------
 (1) ___lldiv                                             14     6      8     164
                                              5 BANK0     14     6      8
                             ___lmul (ARG)
 ---------------------------------------------------------------------------------
 (1) _UART_Print                                           1     0      1     118
                                              3 COMMON     1     0      1
                         _UART_Write
 ---------------------------------------------------------------------------------
 (1) _UART_NumFrac                                         9     6      3    1664
                                              8 BANK0      9     6      3
                           _UART_Num
                         _UART_Write
                            ___lwdiv
                            ___lwmod
 ---------------------------------------------------------------------------------
 (1) _UART_Num2                                            3     3      0    1888
                                              8 BANK0      3     3      0
                           _UART_Num
                            ___awdiv
                            ___awmod
 ---------------------------------------------------------------------------------
 (2) ___awmod                                              6     2      4     445
                                              2 COMMON     6     2      4
 ---------------------------------------------------------------------------------
 (2) ___awdiv                                              8     4      4     457
                                              2 COMMON     8     4      4
 ---------------------------------------------------------------------------------
 (2) _UART_Num                                             8     6      2     892
                                              0 BANK0      8     6      2
                         _UART_Write
                            ___awdiv (ARG)
                            ___awmod (ARG)
                            ___lwdiv
                            ___lwmod
 ---------------------------------------------------------------------------------
 (5) ___lwmod                                              5     1      4     256
                                              2 COMMON     5     1      4
 ---------------------------------------------------------------------------------
 (5) ___lwdiv                                              7     3      4     271
                                              2 COMMON     7     3      4
 ---------------------------------------------------------------------------------
 (3) _UART_Write                                           1     1      0      47
                                              2 COMMON     1     1      0
 ---------------------------------------------------------------------------------
 (1) _UART_Init                                            0     0      0       0
 ---------------------------------------------------------------------------------
 (1) _SRAM_SaveSample                                     16     6     10    1234
                                              0 BANK0     16     6     10
                    _SRAM_SaveHeader
                         _SRAM_Write
                             ___bmul
 ---------------------------------------------------------------------------------
 (2) _SRAM_SaveHeader                                      2     2      0     195
                                              7 COMMON     2     2      0
                         _SRAM_Write
 ---------------------------------------------------------------------------------
 (3) _SRAM_Write                                           2     1      1     195
                                              5 COMMON     2     1      1
                          _I2C_Start
                           _I2C_Stop
                          _I2C_Write
 ---------------------------------------------------------------------------------
 (1) _SRAM_LoadHeader                                      0     0      0     243
                          _SRAM_Read
 ---------------------------------------------------------------------------------
 (2) _SRAM_Read                                            2     2      0     243
                                              5 COMMON     2     2      0
                           _I2C_Read
                          _I2C_Start
                           _I2C_Stop
                          _I2C_Write
 ---------------------------------------------------------------------------------
 (1) _LCD_Print                                            2     0      2     599
                                              4 BANK0      2     0      2
                           _LCD_Data
 ---------------------------------------------------------------------------------
 (2) _LCD_Data                                             1     1      0     522
                                              7 COMMON     1     1      0
                   _LCD_I2C_SendByte
 ---------------------------------------------------------------------------------
 (1) _LCD_Init                                             3     3      0     758
                                              4 BANK0      3     3      0
                            _LCD_Cmd
                 _LCD_I2C_SendNibble
 ---------------------------------------------------------------------------------
 (2) _LCD_I2C_SendNibble                                   4     3      1     236
                                              5 COMMON     4     3      1
                          _I2C_Start
                           _I2C_Stop
                          _I2C_Write
 ---------------------------------------------------------------------------------
 (1) _LCD_Goto                                             4     3      1     649
                                              4 BANK0      4     3      1
                            _LCD_Cmd
 ---------------------------------------------------------------------------------
 (2) _LCD_Cmd                                              3     3      0     522
                                              7 COMMON     3     3      0
                   _LCD_I2C_SendByte
 ---------------------------------------------------------------------------------
 (3) _LCD_I2C_SendByte                                     6     5      1     475
                                              5 COMMON     2     1      1
                                              0 BANK0      4     4      0
                          _I2C_Start
                           _I2C_Stop
                          _I2C_Write
 ---------------------------------------------------------------------------------
 (1) _I2C_Init                                             0     0      0       0
 ---------------------------------------------------------------------------------
 (1) _DS3231_ReadTime                                      0     0      0     330
                           _BCDtoDEC
                           _I2C_Read
                          _I2C_Start
                           _I2C_Stop
                          _I2C_Write
 ---------------------------------------------------------------------------------
 (4) _I2C_Write                                            3     3      0      81
                                              2 COMMON     3     3      0
                           _I2C_Wait
 ---------------------------------------------------------------------------------
 (4) _I2C_Stop                                             0     0      0       0
                           _I2C_Wait
 ---------------------------------------------------------------------------------
 (4) _I2C_Start                                            0     0      0       0
                           _I2C_Wait
 ---------------------------------------------------------------------------------
 (3) _I2C_Read                                             2     2      0      81
                                              2 COMMON     2     2      0
                           _I2C_Wait
 ---------------------------------------------------------------------------------
 (5) _I2C_Wait                                             0     0      0       0
 ---------------------------------------------------------------------------------
 (2) _BCDtoDEC                                             3     3      0     168
                                              5 COMMON     3     3      0
                           _I2C_Read (ARG)
                             ___bmul
 ---------------------------------------------------------------------------------
 (3) ___bmul                                               3     2      1     110
                                              2 COMMON     3     2      1
 ---------------------------------------------------------------------------------
 (1) _DHT22_Read                                          23    21      2     752
                                              2 COMMON     2     0      2
                                              0 BANK0     21    21      0
 ---------------------------------------------------------------------------------
 (1) _ADC_Read                                             4     2      2      29
                                              2 COMMON     4     2      2
 ---------------------------------------------------------------------------------
 (1) _ADC_Init                                             1     1      0       0
                                              2 COMMON     1     1      0
 ---------------------------------------------------------------------------------
 Estimated maximum stack depth 8
 ---------------------------------------------------------------------------------
 (Depth) Function   	        Calls       Base Space   Used Autos Params    Refs
 ---------------------------------------------------------------------------------
 (9) _ISR                                                  2     2      0       0
                                              0 COMMON     2     2      0
 ---------------------------------------------------------------------------------
 Estimated maximum stack depth 9
 ---------------------------------------------------------------------------------

 Call Graph Graphs:

 _main (ROOT)
   _ADC_Init
   _ADC_Read
   _DHT22_Read
   _DS3231_ReadTime
     _BCDtoDEC
       _I2C_Read (ARG)
         _I2C_Wait
       ___bmul (ARG)
     _I2C_Read
     _I2C_Start
       _I2C_Wait
     _I2C_Stop
       _I2C_Wait
     _I2C_Write
       _I2C_Wait
   _I2C_Init
   _LCD_Cmd
     _LCD_I2C_SendByte
       _I2C_Start
       _I2C_Stop
       _I2C_Write
   _LCD_Goto
     _LCD_Cmd
   _LCD_Init
     _LCD_Cmd
     _LCD_I2C_SendNibble
       _I2C_Start
       _I2C_Stop
       _I2C_Write
   _LCD_Print
     _LCD_Data
       _LCD_I2C_SendByte
   _SRAM_LoadHeader
     _SRAM_Read
       _I2C_Read
       _I2C_Start
       _I2C_Stop
       _I2C_Write
   _SRAM_SaveSample
     _SRAM_SaveHeader
       _SRAM_Write
         _I2C_Start
         _I2C_Stop
         _I2C_Write
     _SRAM_Write
     ___bmul
   _UART_Init
   _UART_Num
     _UART_Write
     ___awdiv (ARG)
     ___awmod (ARG)
     ___lwdiv (ARG)
     ___lwmod (ARG)
   _UART_Num2
     _UART_Num
     ___awdiv
     ___awmod
   _UART_NumFrac
     _UART_Num
     _UART_Write
     ___lwdiv
     ___lwmod
   _UART_Print
     _UART_Write
   _UART_Write
   ___lldiv
     ___lmul (ARG)
   ___lmul
   ___lwdiv
   ___lwmod
   _sprintf
     _vfprintf
       _vfpfcnvrt
         _fputc
           _putch
         _read_prec_or_width
           ___wmul
         _utoa
           ___lwdiv
           ___lwmod
           _pad
             _fputc
             _fputs
               _fputc

 _ISR (ROOT)

Address spaces:
Name               Size   Autos  Total    Usage
BANK3               85      0      32     37.6%
BITBANK3            85      0       0      0.0%
BANK2               96      0       0      0.0%
BITBANK2            96      0       0      0.0%
BANK1               80     38      55     68.8%
BITBANK1            80      0       0      0.0%
BANK0               80     78      80    100.0%
BITBANK0            80      0       0      0.0%
COMMON              13     10      11     84.6%
BITCOMMON           13      0       0      0.0%
DATA                 0      0     178      0.0%
STACK                0      0       0      0.0%


Microchip Technology PIC Macro Assembler V3.10 build 20250813170317 
Symbol Table                                                                                   Wed Jun 17 14:21:41 2026

                         pc 0002              ___bmul@product 0074                          _BF 04A0  
              ___awdiv@sign 0078                          fsr 0004         ___wmul@multiplicand 0075  
                       l200 0E2C                         l122 08A9                         l203 0880  
                       l140 0835                         l301 0B39                         l134 0828  
                       l206 0811                         l222 00CF                         l143 083E  
                       l240 03B9                         l160 0A33                         l128 086E  
                       l216 08C2                         l304 0C0C                         l312 04E7  
                       l233 048E                         l137 0831                         l209 0EFC  
                       l250 03DB                         l234 039E                         l146 0842  
                       l154 095C                         l227 0382                         l163 0A38  
                       l172 0A8F                         l157 0A1A                         l149 0949  
                       l421 0BC3                         l270 0974                         l166 0F78  
                       l182 0A10                         l175 093B                         l191 0355  
                       l407 09D1                         l273 097E                         l257 0414  
                       l433 0893                         l409 09E9                         l282 081B  
                       l267 085E                         l179 091C                         l443 0E92  
                       l276 084F                         l292 0CB5                         l197 0AC5  
                       l279 0813                         l560 0DC6                         l288 08DE  
                       l573 0D0C                         l911 0D63                         l903 0FFF  
                       l920 019D                         l918 0197                         l870 09C4  
                       l687 0B7B                         l928 024F                         l936 09A1  
                       l697 0AFD                         l891 0C4E                         l948 016F  
                       l956 0A63                         l893 0C5F                         l959 00A7  
                       l888 0C26                         _GIE 005F                         _PEN 048A  
                       _ISR 08DF                         _SEN 0488                         _pad 0C0D  
                       fsr0 0004                         indf 0000                ___awmod@sign 0078  
           __end_of_LCD_Cmd 0881                        ?_ISR 0071                 main@dht_err 00BC  
                      l2101 0883                        l2103 0887                        l2105 0889  
                      l3001 0198                        l2107 088B                        l3011 01C1  
                      l2109 0892                        l3101 0CAC                        l3021 01E2  
                      l3013 01C5                        l3005 01A0                        l3111 0D70  
                      l3103 0D64                        l3023 01F5                        l3031 020E  
                      l3015 01C8                        l3007 01AD                        l2321 085F  
                      l3201 0918                        l3121 0D83                        l3113 0D74  
                      l3105 0D65                        l3033 021C                        l3017 01CF  
                      l3009 01B2                        l2171 0895                        l2323 0869  
                      l3051 0A8E                        l3211 0291                        l3203 0253  
                      l3131 0DA4                        l3123 0D86                        l3115 0D79  
                      l3107 0D69                        l3035 0220                        l3019 01D6  
                      l3043 0236                        l2501 042D                        l2421 0365  
                      l2325 086C                        l3061 0A91                        l3221 02E5  
                      l3213 02A6                        l3205 0267                        l3141 0DBD  
                      l3133 0DAA                        l3125 0D8D                        l3117 0D7B  
                      l3109 0D6E                        l3301 0C03                        l3029 0203  
                      l2503 0433                        l2431 0386                        l2423 0370  
                      l2415 0356                        l3071 0AB5                        l3063 0A9E  
                      l3055 09EA                        l3231 0320                        l3223 02EF  
                      l3215 02B0                        l3207 0271                        l3143 0DC2  
                      l3135 0DAB                        l3127 0D8F                        l3119 0D7D  
                      l3151 0CBB                        l3039 022E                        l3311 09AE  
                      l3303 09A2                        l2521 0486                        l2513 0465  
                      l2505 0435                        l2441 03A2                        l2433 0392  
                      l2425 0373                        l2417 035F                        l3073 0ABC  
                      l3065 0AA3                        l3081 0809                        l3049 0A65  
                      l3057 09F4                        l3241 033F                        l3233 0323  
                      l3225 0304                        l3217 02C5                        l3209 0286  
                      l3137 0DB2                        l3129 0D93                        l3161 0CD1  
                      l3153 0CC0                        l2601 0E5A                        l3321 0B8A  
                      l3313 09BB                        l3305 09A6                        l3401 04FB  
                      l2531 095E                        l2523 048D                        l2515 046D  
                      l2507 043B                        l2451 03BD                        l2443 03AE  
                      l2435 0398                        l2427 0379                        l2419 0362  
                      l2099 0882                        l3075 0AC0                        l3067 0AA9  
                      l3251 0E93                        l3059 09FD                        l3243 0345  
                      l3235 0327                        l3227 030F                        l3219 02D0  
                      l3091 0C70                        l3083 0C60                        l3139 0DB8  
                      l3171 0CEB                        l3163 0CD4                        l3155 0CC2  
                      l3147 0CB6                        l2603 0E6C                        l2611 0E8A  
                      l3323 0BA1                        l3307 09AA                        l3411 0534  
                      l3403 0504                        l2533 096D                        l2517 047D  
                      l2509 0463                        l2453 03C9                        l2429 037C  
                      l3077 0870                        l3069 0AB0                        l3261 0ECD  
                      l3253 0EA1                        l3245 0346                        l3237 0331  
                      l3229 0319                        l2541 0843                        l3093 0C84  
                      l3085 0C63                        l3181 0D08                        l3173 0CF1  
                      l3165 0CDB                        l3157 0CC6                        l3149 0CB7  
                      l2605 0E7A                        l3325 0BAA                        l3317 0B7C  
                      l3309 09AC                        l3501 0778                        l3421 0559  
                      l3413 053B                        l3405 051D                        l2527 0850  
                      l2535 0971                        l2519 0481                        l2439 039A  
                      l3079 0877                        l3271 08B7                        l3263 0ED4  
                      l3255 0EA8                        l3247 034E                        l3239 033B  
                      l3095 0C88                        l3087 0C69                        l3175 0CF8  
                      l3167 0CDD                        l3159 0CCB                        l2607 0E7B  
                      l3327 0BBB                        l3319 0B86                        l1911 09C7  
                      l3191 099F                        l3503 077F                        l3431 05D1  
                      l3423 0589                        l3415 053C                        l3407 0523  
                      l2529 085A                        l2537 0978                        l2473 03D7  
                      l2465 03D1                        l2449 03B5                        l3273 08BB  
                      l3265 0EF2                        l3257 0EBA                        l3281 00BF  
                      l3249 0350                        l3097 0C9B                        l3169 0CE1  
                      l3177 0CFE                        l2609 0E84                        l1913 09CB  
                      l2801 0A39                        l3185 097F                        l3441 05F6  
                      l3433 05DD                        l3425 05C3                        l3417 0541  
                      l3409 052D                        l3361 048F                        l2491 0418  
                      l2483 03F2                        l2475 03DF                        l2467 03D6  
                      l2459 03D0                        l2811 081C                        l3195 0EFD  
                      l3267 08AD                        l3259 0EC0                        l3275 00A8  
                      l3099 0CA2                        l3179 0D03                        l3291 0B01  
                      l3283 08C3                        l1915 09D8                        l2803 0A3E  
                      l3187 0984                        l3451 0629                        l3443 05FC  
                      l3435 05DE                        l3427 05CC                        l3419 054D  
                      l3371 04AA                        l3363 0493                        l2493 0424  
                      l2485 03F9                        l2477 03EB                        l2813 0824  
                      l3269 08B2                        l3277 00A9                        l3197 08FE  
                      l2821 0B45                        l3293 0BC4                        l3285 08C4  
                      l1917 09DF                        l1909 09C5                        l2805 0A4E  
                      l2901 0F8D                        l3189 0991                        l3461 06C1  
                      l3453 063C                        l3445 05FE                        l3437 05E3  
                      l3429 05D0                        l3381 04BF                        l3373 04AF  
                      l3365 049F                        l2487 03FF                        l3279 00B7  
                      l3199 0910                        l2831 0B69                        l2823 0B4C  
                      l2815 0B3A                        l3295 0BDC                        l3287 08D0  
                      l2591 0E2D                        l1919 09E5                        l2807 0A56  
                      l2911 0FB4                        l2903 0F91                        l3471 06E8  
                      l3463 06CC                        l3455 0680                        l3447 060D  
                      l3439 05E5                        l3391 04CB                        l3383 04C1  
                      l3375 04B4                        l3367 04A2                        l2489 0410  
                      l2809 081C                        l2833 0B6A                        l2825 0B4E  
                      l2817 0B3C                        l2841 0AC6                        l3297 0BE5  
                      l3289 08D2                        l2593 0E3F                        l1881 00D0  
                      l2921 0FE7                        l2905 0F97                        l2913 0FC7  
                      l3481 070C                        l3473 06F0                        l3465 06D4  
                      l3457 068B                        l3449 0614                        l3393 04D3  
                      l3385 04C4                        l3377 04B9                        l3369 04A5  
                      l2499 042B                        l2835 0B71                        l2827 0B52  
                      l2819 0B42                        l2851 0ADC                        l2843 0ACC  
                      l3299 0BEB                        l2595 0E42                        l2931 0D20  
                      l1891 012F                        l1883 00D6                        l2915 0FCF  
                      l2923 0FED                        l2907 0FAB                        l3491 0739  
                      l3483 0712                        l3475 06F6                        l3467 06DA  
                      l3459 0694                        l3395 04E3                        l3387 04C5  
                      l3379 04BD                        l2829 0B63                        l2837 0B77  
                      l2853 0AE6                        l2845 0ACF                        l2597 0E4D  
                      l2933 0D32                        l1885 00DC                        l2917 0FD5  
                      l2909 0FAE                        l3493 0749                        l3485 071A  
                      l3477 06FE                        l3469 06E2                        l3397 04E7  
                      l3389 04C6                        ?_pad 002E                        l2951 0A27  
                      l2943 0A12                        l2855 0AEC                        l2847 0AD6  
                      l2599 0E51                        l2935 0D49                        l2927 0D0D  
                      l1887 00E3                        l2871 0C29                        l2863 0C0D  
                      l2919 0FDA                        l3495 074F                        l3487 0720  
                      l3479 0704                        l3399 04F0                        l2953 0A32  
                      l2945 0A17                        l2881 082E                        l2961 0DCA  
                      l2857 0AF3                        l2849 0AD8                        l2937 0D4E  
                      l2929 0D11                        l1889 00FD                        l2873 0C38  
                      l2865 0C13                        l3497 0760                        l3489 0733  
                      l2955 0A37                        l2947 0A1E                        l2883 0836  
                      l2891 0944                        l2971 0DE4                        l2963 0DCC  
                      l2859 0AF9                        l2939 0D5F                        l2875 0C40  
                      l2867 0C1E                        l3499 0766                        l2949 0A22  
                      l2885 083B                        l2893 0947                        l2981 0E0B  
                      l2973 0DE9                        l2965 0DCE                        l2877 0C54  
                      l2869 0C24                        l2879 0829                        l2895 094D  
                      l2887 093D                        l2983 0E1A                        l2975 0DEF  
                      l2967 0DD9                        l2959 091E                        l2991 0170  
                      l2889 093F                        l2985 0E23                        l2977 0DF9  
                      l2969 0DDB                        l2897 0F79                        l2993 0181  
                      l2979 0E07                        l2987 0813                        l2899 0F7D  
                      l2995 0185                        l2989 0819                        l2997 018D  
                      l2999 0193                        STR_1 0085                        STR_2 0096  
                      STR_3 001F                        STR_4 0057                        STR_5 006F  
                      STR_6 0054                        u1400 00FD                        u3000 0FD5  
                      u1401 00FC                        u3001 0FD4                        u1410 012F  
                      u3010 0FDA                        u1411 012E                        u3011 0FD9  
                      u2300 03AE                        u1420 0152                        u3020 0FE7  
                      u2301 03AD                        u3021 0FE6                        u2310 03B4  
                      u3110 0DE1                        u3030 0FED                        u2311 03B3  
                      u3111 0DDF                        u1415 012B                        u3031 0FEC  
                      u2400 0418                        u2320 03BD                        u3120 0DE2  
                      u3200 0A98                        u3040 0D20                        u2401 0417  
                      u2321 03BC                        u3105 0DD1                        u3041 0D1F  
                      u3025 0FE3                        u2410 0424                        u2330 03C9  
                      u2250 035A                        u3130 0819                        u3210 0C69  
                      u3050 0D5F                        u2411 0423                        u2331 03C8  
                      u3131 0818                        u3211 0C68                        u3051 0D5E  
                      u2420 042A                        u2340 03CF                        u2260 0386  
                      u3060 0A1E                        u3220 0CA1                        u3300 0DA4  
                      u1460 09CB                        u1380 00D6                        u3140 0181  
                      u2421 0429                        u2341 03CE                        u2261 0385  
                      u3061 0A1D                        u3221 0CA0                        u3301 0DA3  
                      u1461 09CA                        u1381 00D5                        u3141 0180  
                      u2430 0433                        u2350 03DF                        u2270 0392  
                      u3070 0A2F                        u3230 0CB5                        u1390 00DC  
                      u3150 01B2                        u2431 0432                        u2351 03DE  
                      u2271 0391                        u3071 0A2B                        u3231 0CB4  
                      u1391 00DB                        u3151 01B1                        u2440 043B  
                      u2360 03EB                        u2280 0398                        u3320 0DB8  
                      u3240 0D69                        u3160 01C5                        u2441 043A  
                      u2361 03EA                        u2281 0397                        u3321 0DB7  
                      u3305 0DA0                        u3241 0D68                        u3161 01C4  
                      u2450 0463                        u2370 03F1                        u2290 03A2  
                      u3090 0A37                        u3330 0DBD                        u3250 0D74  
                      u3410 0CFE                        u2610 0E8A                        u1490 09E5  
                      u3170 01E2                        u2451 0462                        u2371 03F0  
                      u2291 03A1                        u3091 0A36                        u3331 0DBC  
                      u3315 0DAC                        u3251 0D73                        u3411 0CFD  
                      u2611 0E89                        u1491 09E4                        u1475 09D2  
                      u3171 01E1                        u2460 0481                        u2380 03FF  
                      u3084 0A32                        u3260 0D83                        u3420 0D03  
                      u3340 0CBB                        u3500 08DE                        u3180 021C  
                      u2461 0480                        u2381 03FE                        u3261 0D82  
                      u3421 0D02                        u3405 0CF2                        u3341 0CBA  
                      u3501 08DD                        u2605 0E7C                        u1485 09D9  
                      u3181 021B                        u3190 0A97                        u3350 0CC6  
                      u2550 0E3F                        u3510 0B8A                        u3430 099F  
                      u2455 045F                        u3191 0A95                        u3351 0CC5  
                      u2551 0E3E                        u3511 0B89                        u3431 099E  
                      _PIE1 008C                        u2480 0978                        u3440 0918  
                      u2800 0B52                        u3280 0D93                        u3360 0CD1  
                      u3600 053B                        u2481 0977                        u3441 0917  
                      u2801 0B51                        u3281 0D92                        u3361 0CD0  
                      u3521 0B93                        u3601 053A                        u2394 040A  
                      u3450 0320                        u2570 0E51                        u3522 0B9A  
                      u3610 057C                        u2475 0962                        u2395 0408  
                      u3451 031F                        u3275 0D87                        u2571 0E50  
                      u3523 0BA1                        u1860 0887                        u3460 0345  
                      u2820 0B63                        u2900 0AF9                        u3380 0CE1  
                      u3620 05CC                        u1861 0886                        u3461 0344  
                      u2821 0B62                        u2901 0AF8                        u3381 0CE0  
                      u2565 0E44                        u3621 05CB                        u1870 0892  
                      u3470 034E                        u3390 0CEB                        u2590 0E6C  
                      u3550 0BBB                        u2750 0A63                        u2910 0C13  
                      u3630 05E3                        u1871 0891                        u1935 089D  
                      u3471 034D                        u2815 0B53                        u3295 0D94  
                      u3391 0CEA                        u3375 0CD5                        u2591 0E6B  
                      u3551 0BBA                        u3535 0BA3                        u2751 0A62  
                      u2911 0C12                        u3631 05E2                        u3615 0577  
                      u2760 0824                        u3480 08B2                        u2840 0B77  
                      u2920 0C24                        u3640 05FC                        u2761 0823  
                      u3481 08B1                        u2841 0B76                        u2825 0B5F  
                      u2585 0E53                        u3545 0BAB                        u2921 0C23  
                      u3641 05FB                        u2770 0828                        u3490 00CF  
                      u2850 0ACC                        u2930 0C4E                        u3650 060A  
                      u2771 0827                        u3491 00CE                        u3707 0282  
                      u2835 0B6B                        u2851 0ACB                        u3395 0CE7  
                      u2595 0E68                        u2931 0C4D                        u3651 0606  
                      u2780 0B42                        u2940 0C54                        u3717 0297  
                      u2781 0B41                        u2941 0C53                        u2950 0835  
                      u2870 0ADC                        u3590 04D3                        u2951 0834  
                      u3807 0A0B                        u3727 02AC                        u2871 0ADB  
                      u2935 0C4A                        u3591 04D2                        u2960 0842  
                      u2880 0AE6                        u3664 060D                        u2961 0841  
                      u3817 0E9B                        u3737 02C1                        u2881 0AE5  
                      u2865 0AD0                        u2970 094D                        u2971 094C  
                      u3907 0DFB                        u3827 0EAE                        u3747 02D6  
                      u2795 0B46                        u2980 095C                        _RCEN 048B  
                      u2981 095B                        u3917 0E09                        u3837 0EBE  
                      u3757 02EB                        u2885 0AE2                        u3677 0517  
                      u2990 0FCF                        u3927 0E17                        u3847 0ECB  
                      u3767 0300                        u2895 0AED                        u2991 0FCE  
                      u3687 0529                        u3937 0E25                        u3857 0ED8  
                      u3777 0315                        u3697 026D                        _PIR1 000C  
                      u3947 036B                        u3867 0EF8                        u3787 0337  
                      u3957 0377                        u3877 0AB2                        u3797 09F8  
                      u3967 03F6                        u3887 0ABE                        u3977 096F  
                      u3897 087B                        u3987 085C                 main@ldr_pct 00C1  
               main@ldr_raw 00B4                        _TXIF 0064                 main@hum_pct 00C3  
                      _dbuf 0190                        _main 048F                main@lm35_x10 00C4  
                      _prec 00CD            __end_of_I2C_Init 086F            __end_of_I2C_Read 0A39  
                      pad@i 0033                        pad@p 0031                        btemp 007E  
                      _utoa 0F79            __end_of_I2C_Wait 0829                main@lm35_raw 00B2  
          __end_of_I2C_Stop 0843            __end_of_ADC_Init 085F            __end_of_ADC_Read 097F  
         ?_LCD_I2C_SendByte 0076                        start 000C            __end_of_BCDtoDEC 08AA  
        LCD_I2C_SendByte@rs 0076          ??_LCD_I2C_SendByte 0077                 LCD_Goto@col 0024  
         ___bmul@multiplier 0075                 LCD_Goto@row 0025                       ??_ISR 0071  
                     ??_pad 007A            __end_of_LCD_Data 0812            __end_of_LCD_Init 0EFD  
          __end_of_LCD_Goto 08C3           ??_DS3231_ReadTime 0079                       ?_main 0071  
                     _ACKEN 048C                       _ACKDT 048D             __end_of___awdiv 0DC7  
           __end_of___awmod 0D0D             __end_of___lldiv 0E93                       ?_utoa 0035  
           ___awdiv@divisor 0073                       _T1CON 0010             __end_of___lwdiv 0B7C  
                     i1l119 08F7             __end_of___lwmod 0AFE             ___awdiv@counter 0077  
                     _RCSTA 0018                vfpfcnvrt@fmt 0040                       _TMR1H 000F  
                     _TMR1L 000E                       _SPBRG 0099                       _PORTD 0008  
                     _TRISD 0088                       _TRISE 0089                       _SSPIF 0063  
                     _TXREG 0019                       _TXSTA 0098         ___lmul@multiplicand 0077  
               ?_UART_Print 0074                 ?_UART_Write 0071            __end_of_UART_Num 0CB6  
                     _flags 006E         read_prec_or_width@c 0021         read_prec_or_width@n 0022  
                     _fputc 00D0                       _fputs 0A39                       btemp0 007E  
                     pad@fp 002E                       btemp1 007F                       _width 00CB  
                     _putch 00A7           __end_of_I2C_Start 0836                 ?_SRAM_Write 0076  
         __end_of_I2C_Write 095D                       pclath 000A                       utoa@d 0037  
                     utoa@i 003C                       utoa@p 0039                       utoa@w 003A  
                     status 0003                       wtemp0 007E             __end_of_sprintf 09C5  
       LCD_I2C_SendByte@low 0022             __initialization 07C5                __end_of_main 07C5  
              __end_of_utoa 1000           SRAM_SaveSample@hr 002C           SRAM_SaveSample@yr 0024  
      SRAM_SaveSample@alert 0029        SRAM_SaveSample@light 0028                      ??_main 0068  
                    ??_utoa 007B                   ??_LCD_Cmd 0078    LCD_I2C_SendNibble@nibble 0078  
         __end_of_LCD_Print 00D0  __end_of_read_prec_or_width 0D64                   I2C_Read@d 0074  
                    _ADCON0 001F                      _ADCON1 009F                      ?_fputc 0073  
                    ?_fputs 0077                      _ADRESH 001E                      _ADRESL 009E  
          ___awdiv@dividend 0075             _SRAM_LoadHeader 08FE                      ?_putch 0071  
                    i1l2621 08EC                      i1l2623 08F2                      i1l2615 08DF  
                    i1l2625 08F3                      i1l2617 08E5                      i1l2619 08EA  
                    _INTCON 000B                      u262_20 08E5                      u262_21 08E4  
                    u263_20 08F2                      u263_21 08F1               vfpfcnvrt@done 0048  
                    _SSPADD 0093                      _TRISC3 043B                      _TRISC4 043C  
                    _SSPCON 0014                      _SSPBUF 0013                ??_DHT22_Read 0020  
              vfprintf@cfmt 004E           __end_of_UART_Init 0850           __end_of_UART_Num2 0B3A  
                    ___bmul 0881                   BCDtoDEC@b 0078                      ___lmul 0B7C  
                    ___wmul 09C5                   ??___awdiv 0077                   ??___awmod 0077  
         __end_of_SRAM_Read 0A90                   ??___lldiv 002D                   ??___lwdiv 0077  
                 ??___lwmod 0077          _LCD_I2C_SendNibble 0A90        read_prec_or_width@ap 007A  
          ___awdiv@quotient 0079             ___awmod@divisor 0073                      _rtc_hr 00D5  
           ___awmod@counter 0077                      pad@buf 0030                      _rtc_yr 00D2  
                    main@yr 00B1             _SRAM_SaveHeader 09EA                      fputc@c 0073  
                    fputs@c 002B                      fputs@i 002C                      fputs@s 0077  
                 ?_I2C_Init 0071                   ?_I2C_Read 0071         ?_LCD_I2C_SendNibble 0076  
           _SRAM_SaveSample 0250                   ?_I2C_Wait 0071                      ltemp0a 0080  
                 ?_I2C_Stop 0071                   ?_ADC_Init 0071                   ?_ADC_Read 0073  
                    saved_w 007E     SRAM_SaveSample@temp_x10 0025          __end_of_DHT22_Read 048F  
                    putch@c 0071                   ?_BCDtoDEC 0071                      ttemp0a 007F  
          __end_of_vfprintf 09A2                      utoa@fp 0035                   ??_sprintf 005B  
                    wtemp0a 007F                   ?_LCD_Data 0071     __end_of__initialization 07FC  
                 ?_LCD_Init 0071                   ?_LCD_Goto 0024        LCD_I2C_SendByte@base 0023  
      LCD_I2C_SendByte@high 0021            _take_sample_flag 00D0        ??_LCD_I2C_SendNibble 0077  
                 LCD_Data@d 0078        LCD_I2C_SendNibble@rs 0076         ___bmul@multiplicand 0073  
            __pcstackCOMMON 0071                __pidataBANK1 17FB                   ?_UART_Num 0020  
             __end_of_fputc 0170               __end_of_fputs 0A64               __end_of_putch 00A8  
        SRAM_SaveSample@min 0020          SRAM_SaveSample@hum 0027          SRAM_SaveSample@sec 0021  
        SRAM_SaveSample@mon 0023            main@dht_temp_x10 00BA     __end_of_SRAM_LoadHeader 091D  
                ??_I2C_Init 0073                  ??_I2C_Read 0073                  ??_I2C_Wait 0073  
                ??_I2C_Stop 0073                  ??_ADC_Init 0073                  ??_ADC_Read 0075  
                ??_BCDtoDEC 0076                     ??_fputc 0020                     ??_fputs 0029  
                   ??_putch 0073                  __pbssBANK0 006E                  __pbssBANK1 00C6  
                __pbssBANK3 0190                  ??_LCD_Data 0078                  ??_LCD_Init 0024  
                ??_LCD_Goto 007B             _DS3231_ReadTime 0EFD              main@lcd_buffer 00A0  
                __pmaintext 048F                     ?___bmul 0073                     ?___lmul 0073  
   __end_of_SRAM_SaveHeader 0A11                     ?___wmul 0073                  ??_UART_Num 007B  
                __pintentry 0004     __end_of_SRAM_SaveSample 0356              ___lmul@product 0021  
                ADC_Read@ch 0076                  I2C_Write@b 0073                   UART_Num@i 0027  
                 UART_Num@n 0020                     _LCD_Cmd 086F                ??_UART_Print 0075  
              ??_UART_Write 0073          DHT22_Read@temp_x10 0073                     _SSPCON2 0091  
                   _SSPSTAT 0094                  __stringtab 000F                ??_SRAM_Write 0077  
             ?_UART_NumFrac 0028                   _I2C_Start 0829                   _I2C_Write 093C  
        __end_of_UART_Print 08DF                     ___awdiv 0D64                     ___awmod 0CB6  
                   ___lldiv 0E2D          __end_of_UART_Write 081C                     ___lwdiv 0B3A  
                   ___lwmod 0AC6                   ?_vfprintf 004A           _UART_NumFrac$1360 002D  
         _UART_NumFrac$1361 002F                     __ptext1 09A2                     __ptext2 097F  
                   __ptext3 0170                     __ptext4 0F79                     __ptext5 0C0D  
                   __ptext6 0A39                     __ptext7 00D0                     __ptext8 00A7  
                   __ptext9 0D0D          __end_of_SRAM_Write 093C                 UART_Num@buf 0022  
     read_prec_or_width@fmt 0079            ?_SRAM_LoadHeader 0071            ___awmod@dividend 0075  
               UART_Print@s 0074                     _rtc_min 00D6                     _rtc_sec 00D1  
               UART_Write@c 0073                     _rtc_mon 00D3                   _LCD_Print 00A8  
                   _sprintf 09A2                     clrloop0 0801     __end_of_DS3231_ReadTime 0F79  
      end_of_initialization 07FC                     fputc@fp 0075              ??_UART_NumFrac 002B  
                   fputs@fp 0078          _read_prec_or_width 0D0D                  ?_I2C_Start 0071  
                ?_I2C_Write 0071             ___lldiv@divisor 0025             ___lldiv@counter 0032  
         __end_of_vfpfcnvrt 0250         ?_read_prec_or_width 0079            ?_SRAM_SaveHeader 0071  
          vfpfcnvrt@convarg 0044                  ??_vfprintf 007B            ?_SRAM_SaveSample 0020  
                 _UART_Init 0843                   _UART_Num2 0AFE                   _PORTBbits 0006  
                 _PORTDbits 0008                   _SRAM_Read 0A64                _LCD_Goto$421 0026  
          I2C_Write@timeout 0074                  _sram_count 00CF                  _sram_index 006F  
                 _TRISAbits 0085                   _TRISBbits 0086                   _TRISCbits 0087  
                 _TRISDbits 0088        ??_read_prec_or_width 0020                  ?_LCD_Print 0024  
     LCD_I2C_SendNibble@val 0079           LCD_I2C_SendByte@b 0020                  LCD_Print@s 0024  
            __end_of___bmul 0894              __end_of___lmul 0BC4                 vfpfcnvrt@ap 0041  
               vfpfcnvrt@cp 0049                 vfpfcnvrt@fp 003E              __end_of___wmul 09EA  
                ?_UART_Init 0071                  ?_UART_Num2 0071            _LCD_I2C_SendByte 0DC7  
                ?_SRAM_Read 0071         start_initialization 07C5                 __end_of_ISR 08FE  
               __end_of_pad 0C60         SRAM_SaveSample@base 002F         SRAM_SaveSample@date 0022  
          ?_DS3231_ReadTime 0071                 ??_I2C_Start 0073                 ??_I2C_Write 0073  
               vfprintf@fmt 004C                    ??___bmul 0074                    ??___lmul 0020  
                  ??___wmul 0077                 __pdataBANK1 00D2        __end_of_UART_NumFrac 0C0D  
                  ?_LCD_Cmd 0071                 __pbssCOMMON 007B                    LCD_Cmd@c 007A  
                 ___latbits 0002               __pcstackBANK0 0020               __pcstackBANK1 00A0  
       _SRAM_SaveSample$384 002D             main@dht_hum_x10 00BF                 ??_LCD_Print 0079  
                 _main$1362 00B6                   _main$1363 00B8            ___lwdiv@dividend 0075  
               I2C_Read@ack 0073                    ?___awdiv 0073                    ?___awmod 0073  
                  ?___lldiv 0025                    ?___lwdiv 0073                    ?___lwmod 0073  
         DHT22_Read@hum_x10 0074                 ??_UART_Init 0073                 ??_UART_Num2 0028  
                 __pstrings 000F                 ??_SRAM_Read 0076           DHT22_Read@timeout 0033  
                  _I2C_Init 085F                    _I2C_Read 0A11                    _I2C_Wait 081C  
                  _I2C_Stop 0836                    _ADC_Init 0850                    _ADC_Read 095D  
             UART_NumFrac@n 0028                    _BCDtoDEC 0894            ___lwdiv@quotient 0078  
                  ?_sprintf 004F                  UART_Num2@n 002A                    _LCD_Data 0808  
         interrupt_function 0004                    _LCD_Init 0E93                    _LCD_Goto 08AA  
            ___wmul@product 0077                   clear_ram0 0800                    _PIE1bits 008C  
                  _PIR1bits 000C                  SRAM_Read@d 0077                    _UART_Num 0C60  
               DHT22_Read@i 0032                 DHT22_Read@j 0031                 DHT22_Read@t 002A  
                 _vfpfcnvrt 0170                  _ADCON0bits 001F                 __stringbase 001E  
         ___wmul@multiplier 0073           ___lmul@multiplier 0073    __end_of_LCD_I2C_SendByte 0E2D  
                _DHT22_Read 0356             UART_NumFrac@den 002A                  vfprintf@ap 004D  
                vfprintf@fp 004A                  ?_vfpfcnvrt 003E          __end_of__stringtab 001F  
                sprintf@fmt 0050                    _main$545 00BD             ___lwdiv@divisor 0073  
           ___lwdiv@counter 0077                    __ptext10 09C5                    __ptext11 0B7C  
                  __ptext20 0B3A                    __ptext12 0E2D                    __ptext21 0812  
                  __ptext13 08C3                    __ptext30 0E93                    __ptext22 0843  
                  __ptext14 0BC4                    __ptext31 0A90                    __ptext23 0250  
                  __ptext15 0AFE                    __ptext40 0A11                    __ptext32 08AA  
                  __ptext24 09EA                    __ptext16 0CB6                    __ptext41 081C  
                  __ptext33 086F                    __ptext25 091D                    __ptext17 0D64  
                  __ptext42 0894                    __ptext34 0DC7                    __ptext26 08FE  
                  __ptext18 0C60                    __ptext43 0881                    __ptext35 085F  
                  __ptext27 0A64                    __ptext19 0AC6                    __ptext44 0356  
                  __ptext36 0EFD                    __ptext28 00A8                    __ptext45 095D  
                  __ptext37 093C                    __ptext29 0808                    __ptext46 0850  
                  __ptext38 0836                    __ptext47 08DF                    __ptext39 0829  
              _UART_NumFrac 0BC4               SRAM_Read@addr 0076              SRAM_Write@addr 0077  
            SRAM_Write@data 0076                    _rtc_date 00D4                    _vfprintf 097F  
              _timer1_ticks 007B                  _INTCONbits 000B             DHT22_Read@F1417 00C6  
                  intlevel1 0000                   sprintf@ap 005C            ___lwmod@dividend 0075  
__end_of_LCD_I2C_SendNibble 0AC6            ___lldiv@dividend 0029                 ?_DHT22_Read 0073  
                 stringcode 0019           ??_SRAM_LoadHeader 0078                 ??_vfpfcnvrt 0042  
                _OPTION_REG 0081                    sprintf@f 005D                    sprintf@s 004F  
            DHT22_Read@data 002C            ___lldiv@quotient 002E             ___lwmod@divisor 0073  
           ___lwmod@counter 0077                    stringdir 0019                    stringtab 000F  
                _UART_Print 08C3                  _UART_Write 0812           ??_SRAM_SaveHeader 0078  
                _SRAM_Write 091D           ??_SRAM_SaveSample 002A  
