

Microchip MPLAB XC8 Assembler V3.10 build 20250813170317 
                                                                                               Wed Jun 17 14:33:11 2026

Microchip MPLAB XC8 C Compiler v3.10 (Free license) build 20250813170317 Og1 
     1                           	processor	16F877A
     2                           	pagewidth 120
     3                           	opt	flic
     4                           	psect	idataBANK0,global,class=CODE,space=0,delta=2,noexec
     5                           	psect	strings,global,class=STRING,space=0,delta=2,noexec
     6                           	psect	cinit,global,class=CODE,space=0,merge=1,delta=2
     7                           	psect	bssCOMMON,global,class=COMMON,space=1,delta=1,noexec
     8                           	psect	bssBANK0,global,class=BANK0,space=1,delta=1,noexec
     9                           	psect	dataBANK0,global,class=BANK0,space=1,delta=1,noexec
    10                           	psect	cstackCOMMON,global,class=COMMON,space=1,delta=1,noexec
    11                           	psect	cstackBANK0,global,class=BANK0,space=1,delta=1,noexec
    12                           	psect	maintext,global,class=CODE,space=0,split=1,delta=2
    13                           	psect	text1,local,class=CODE,space=0,merge=1,delta=2,group=1
    14                           	psect	text2,local,class=CODE,space=0,merge=1,delta=2,group=1
    15                           	psect	text3,local,class=CODE,space=0,merge=1,delta=2
    16                           	psect	text4,local,class=CODE,space=0,merge=1,delta=2
    17                           	psect	text5,local,class=CODE,space=0,merge=1,delta=2
    18                           	psect	text6,local,class=CODE,space=0,merge=1,delta=2
    19                           	psect	text7,local,class=CODE,space=0,merge=1,delta=2
    20                           	psect	text8,local,class=CODE,space=0,merge=1,delta=2
    21                           	psect	text9,local,class=CODE,space=0,merge=1,delta=2
    22                           	psect	text10,local,class=CODE,space=0,merge=1,delta=2
    23                           	psect	text11,local,class=CODE,space=0,merge=1,delta=2
    24                           	psect	text12,local,class=CODE,space=0,merge=1,delta=2
    25                           	psect	text13,local,class=CODE,space=0,merge=1,delta=2
    26                           	psect	text14,local,class=CODE,space=0,merge=1,delta=2
    27                           	psect	text15,local,class=CODE,space=0,merge=1,delta=2
    28                           	psect	text16,local,class=CODE,space=0,merge=1,delta=2
    29                           	psect	text17,local,class=CODE,space=0,merge=1,delta=2,group=1
    30                           	psect	text18,local,class=CODE,space=0,merge=1,delta=2,group=1
    31                           	psect	text19,local,class=CODE,space=0,merge=1,delta=2
    32                           	psect	text20,local,class=CODE,space=0,merge=1,delta=2,group=1
    33                           	psect	text21,local,class=CODE,space=0,merge=1,delta=2,group=1
    34                           	psect	text22,local,class=CODE,space=0,merge=1,delta=2
    35                           	psect	text23,local,class=CODE,space=0,merge=1,delta=2
    36                           	psect	text24,local,class=CODE,space=0,merge=1,delta=2
    37                           	psect	text25,local,class=CODE,space=0,merge=1,delta=2
    38                           	psect	text26,local,class=CODE,space=0,merge=1,delta=2
    39                           	psect	text27,local,class=CODE,space=0,merge=1,delta=2
    40                           	psect	text28,local,class=CODE,space=0,merge=1,delta=2
    41                           	psect	text29,local,class=CODE,space=0,merge=1,delta=2
    42                           	psect	text30,local,class=CODE,space=0,merge=1,delta=2
    43                           	psect	text31,local,class=CODE,space=0,merge=1,delta=2
    44                           	psect	text32,local,class=CODE,space=0,merge=1,delta=2
    45                           	psect	text33,local,class=CODE,space=0,merge=1,delta=2
    46                           	psect	text34,local,class=CODE,space=0,merge=1,delta=2
    47                           	psect	text35,local,class=CODE,space=0,merge=1,delta=2
    48                           	psect	text36,local,class=CODE,space=0,merge=1,delta=2,group=1
    49                           	psect	text37,local,class=CODE,space=0,merge=1,delta=2
    50                           	psect	text38,local,class=CODE,space=0,merge=1,delta=2
    51                           	psect	text39,local,class=CODE,space=0,merge=1,delta=2
    52                           	psect	text40,local,class=CODE,space=0,merge=1,delta=2
    53                           	psect	intentry,global,class=CODE,space=0,delta=2
    54                           	psect	config,global,abs,ovrld,class=CONFIG,space=4,delta=2,noexec
    55                           	dabs	1,0x7E,2
    56     0000                     
    57                           ; Generated 12/10/2023 GMT
    58                           ; 
    59                           ; Copyright © 2023, Microchip Technology Inc. and its subsidiaries ("Microchip")
    60                           ; All rights reserved.
    61                           ; 
    62                           ; This software is developed by Microchip Technology Inc. and its subsidiaries ("Microch
      +                          ip").
    63                           ; 
    64                           ; Redistribution and use in source and binary forms, with or without modification, are
    65                           ; permitted provided that the following conditions are met:
    66                           ; 
    67                           ;     1. Redistributions of source code must retain the above copyright notice, this lis
      +                          t of
    68                           ;        conditions and the following disclaimer.
    69                           ; 
    70                           ;     2. Redistributions in binary form must reproduce the above copyright notice, this 
      +                          list
    71                           ;        of conditions and the following disclaimer in the documentation and/or other
    72                           ;        materials provided with the distribution. Publication is not required when
    73                           ;        this file is used in an embedded application.
    74                           ; 
    75                           ;     3. Microchip's name may not be used to endorse or promote products derived from th
      +                          is
    76                           ;        software without specific prior written permission.
    77                           ; 
    78                           ; THIS SOFTWARE IS PROVIDED BY MICROCHIP "AS IS" AND ANY EXPRESS OR IMPLIED WARRANTIES,
    79                           ; INCLUDING, BUT NOT LIMITED TO, THE IMPLIED WARRANTIES OF MERCHANTABILITY AND FITNESS F
      +                          OR
    80                           ; PURPOSE ARE DISCLAIMED.  IN NO EVENT SHALL MICROCHIP BE LIABLE FOR ANY DIRECT, INDIREC
      +                          T,
    81                           ; INCIDENTAL, SPECIAL, EXEMPLARY, OR CONSEQUENTIAL DAMAGES (INCLUDING BUT NOT LIMITED TO
    82                           ; PROCUREMENT OF SUBSTITUTE GOODS OR SERVICES; LOSS OF USE, DATA OR PROFITS; OR BUSINESS
    83                           ; INTERRUPTION) HOWSOEVER CAUSED AND ON ANY THEORY OF LIABILITY, WHETHER IN CONTRACT, ST
      +                          RICT
    84                           ; LIABILITY, OR TORT (INCLUDING NEGLIGENCE OR OTHERWISE) ARISING IN ANY WAY OUT OF THE U
      +                          SE OF
    85                           ; THIS SOFTWARE, EVEN IF ADVISED OF THE POSSIBILITY OF SUCH DAMAGE.
    86                           ; 
    87                           ; 
    88                           ; Code-generator required, PIC16F877A Definitions
    89                           ; 
    90                           ; SFR Addresses
    91     0004                     fsr             equ	4
    92     0004                     fsr0            equ	4
    93     0000                     indf            equ	0
    94     0000                     indf0           equ	0
    95     0002                     pc              equ	2
    96     0002                     pcl             equ	2
    97     000A                     pclath          equ	10
    98     0003                     status          equ	3
    99     0000                     INDF            equ	0	;# 
   100     0001                     TMR0            equ	1	;# 
   101     0002                     PCL             equ	2	;# 
   102     0003                     STATUS          equ	3	;# 
   103     0004                     FSR             equ	4	;# 
   104     0005                     PORTA           equ	5	;# 
   105     0006                     PORTB           equ	6	;# 
   106     0007                     PORTC           equ	7	;# 
   107     0008                     PORTD           equ	8	;# 
   108     0009                     PORTE           equ	9	;# 
   109     000A                     PCLATH          equ	10	;# 
   110     000B                     INTCON          equ	11	;# 
   111     000C                     PIR1            equ	12	;# 
   112     000D                     PIR2            equ	13	;# 
   113     000E                     TMR1            equ	14	;# 
   114     000E                     TMR1L           equ	14	;# 
   115     000F                     TMR1H           equ	15	;# 
   116     0010                     T1CON           equ	16	;# 
   117     0011                     TMR2            equ	17	;# 
   118     0012                     T2CON           equ	18	;# 
   119     0013                     SSPBUF          equ	19	;# 
   120     0014                     SSPCON          equ	20	;# 
   121     0015                     CCPR1           equ	21	;# 
   122     0015                     CCPR1L          equ	21	;# 
   123     0016                     CCPR1H          equ	22	;# 
   124     0017                     CCP1CON         equ	23	;# 
   125     0018                     RCSTA           equ	24	;# 
   126     0019                     TXREG           equ	25	;# 
   127     001A                     RCREG           equ	26	;# 
   128     001B                     CCPR2           equ	27	;# 
   129     001B                     CCPR2L          equ	27	;# 
   130     001C                     CCPR2H          equ	28	;# 
   131     001D                     CCP2CON         equ	29	;# 
   132     001E                     ADRESH          equ	30	;# 
   133     001F                     ADCON0          equ	31	;# 
   134     0081                     OPTION_REG      equ	129	;# 
   135     0085                     TRISA           equ	133	;# 
   136     0086                     TRISB           equ	134	;# 
   137     0087                     TRISC           equ	135	;# 
   138     0088                     TRISD           equ	136	;# 
   139     0089                     TRISE           equ	137	;# 
   140     008C                     PIE1            equ	140	;# 
   141     008D                     PIE2            equ	141	;# 
   142     008E                     PCON            equ	142	;# 
   143     0091                     SSPCON2         equ	145	;# 
   144     0092                     PR2             equ	146	;# 
   145     0093                     SSPADD          equ	147	;# 
   146     0094                     SSPSTAT         equ	148	;# 
   147     0098                     TXSTA           equ	152	;# 
   148     0099                     SPBRG           equ	153	;# 
   149     009C                     CMCON           equ	156	;# 
   150     009D                     CVRCON          equ	157	;# 
   151     009E                     ADRESL          equ	158	;# 
   152     009F                     ADCON1          equ	159	;# 
   153     010C                     EEDATA          equ	268	;# 
   154     010D                     EEADR           equ	269	;# 
   155     010E                     EEDATH          equ	270	;# 
   156     010F                     EEADRH          equ	271	;# 
   157     018C                     EECON1          equ	396	;# 
   158     018D                     EECON2          equ	397	;# 
   159     0000                     INDF            equ	0	;# 
   160     0001                     TMR0            equ	1	;# 
   161     0002                     PCL             equ	2	;# 
   162     0003                     STATUS          equ	3	;# 
   163     0004                     FSR             equ	4	;# 
   164     0005                     PORTA           equ	5	;# 
   165     0006                     PORTB           equ	6	;# 
   166     0007                     PORTC           equ	7	;# 
   167     0008                     PORTD           equ	8	;# 
   168     0009                     PORTE           equ	9	;# 
   169     000A                     PCLATH          equ	10	;# 
   170     000B                     INTCON          equ	11	;# 
   171     000C                     PIR1            equ	12	;# 
   172     000D                     PIR2            equ	13	;# 
   173     000E                     TMR1            equ	14	;# 
   174     000E                     TMR1L           equ	14	;# 
   175     000F                     TMR1H           equ	15	;# 
   176     0010                     T1CON           equ	16	;# 
   177     0011                     TMR2            equ	17	;# 
   178     0012                     T2CON           equ	18	;# 
   179     0013                     SSPBUF          equ	19	;# 
   180     0014                     SSPCON          equ	20	;# 
   181     0015                     CCPR1           equ	21	;# 
   182     0015                     CCPR1L          equ	21	;# 
   183     0016                     CCPR1H          equ	22	;# 
   184     0017                     CCP1CON         equ	23	;# 
   185     0018                     RCSTA           equ	24	;# 
   186     0019                     TXREG           equ	25	;# 
   187     001A                     RCREG           equ	26	;# 
   188     001B                     CCPR2           equ	27	;# 
   189     001B                     CCPR2L          equ	27	;# 
   190     001C                     CCPR2H          equ	28	;# 
   191     001D                     CCP2CON         equ	29	;# 
   192     001E                     ADRESH          equ	30	;# 
   193     001F                     ADCON0          equ	31	;# 
   194     0081                     OPTION_REG      equ	129	;# 
   195     0085                     TRISA           equ	133	;# 
   196     0086                     TRISB           equ	134	;# 
   197     0087                     TRISC           equ	135	;# 
   198     0088                     TRISD           equ	136	;# 
   199     0089                     TRISE           equ	137	;# 
   200     008C                     PIE1            equ	140	;# 
   201     008D                     PIE2            equ	141	;# 
   202     008E                     PCON            equ	142	;# 
   203     0091                     SSPCON2         equ	145	;# 
   204     0092                     PR2             equ	146	;# 
   205     0093                     SSPADD          equ	147	;# 
   206     0094                     SSPSTAT         equ	148	;# 
   207     0098                     TXSTA           equ	152	;# 
   208     0099                     SPBRG           equ	153	;# 
   209     009C                     CMCON           equ	156	;# 
   210     009D                     CVRCON          equ	157	;# 
   211     009E                     ADRESL          equ	158	;# 
   212     009F                     ADCON1          equ	159	;# 
   213     010C                     EEDATA          equ	268	;# 
   214     010D                     EEADR           equ	269	;# 
   215     010E                     EEDATH          equ	270	;# 
   216     010F                     EEADRH          equ	271	;# 
   217     018C                     EECON1          equ	396	;# 
   218     018D                     EECON2          equ	397	;# 
   219                           
   220                           	psect	idataBANK0
   221     0B3B                     __pidataBANK0:
   222                           
   223                           ;initializer for _rtc_yr
   224     0B3B  341A               	retlw	26
   225                           
   226                           ;initializer for _rtc_mon
   227     0B3C  3405               	retlw	5
   228                           
   229                           ;initializer for _rtc_date
   230     0B3D  341C               	retlw	28
   231                           
   232                           ;initializer for _rtc_hr
   233     0B3E  340E               	retlw	14
   234                           
   235                           ;initializer for _rtc_min
   236     0B3F  341E               	retlw	30
   237     000B                     _INTCONbits     set	11
   238     0010                     _T1CON          set	16
   239     0006                     _PORTBbits      set	6
   240     0008                     _PORTD          set	8
   241     000C                     _PIR1           set	12
   242     000B                     _INTCON         set	11
   243     0019                     _TXREG          set	25
   244     0018                     _RCSTA          set	24
   245     001E                     _ADRESH         set	30
   246     001F                     _ADCON0bits     set	31
   247     001F                     _ADCON0         set	31
   248     0008                     _PORTDbits      set	8
   249     0013                     _SSPBUF         set	19
   250     0014                     _SSPCON         set	20
   251     000E                     _TMR1L          set	14
   252     000F                     _TMR1H          set	15
   253     000C                     _PIR1bits       set	12
   254     005F                     _GIE            set	95
   255     0064                     _TXIF           set	100
   256     0063                     _SSPIF          set	99
   257     008C                     _PIE1bits       set	140
   258     0086                     _TRISBbits      set	134
   259     0088                     _TRISD          set	136
   260     0089                     _TRISE          set	137
   261     008C                     _PIE1           set	140
   262     0081                     _OPTION_REG     set	129
   263     0098                     _TXSTA          set	152
   264     0099                     _SPBRG          set	153
   265     0087                     _TRISCbits      set	135
   266     009E                     _ADRESL         set	158
   267     009F                     _ADCON1         set	159
   268     0085                     _TRISAbits      set	133
   269     0088                     _TRISDbits      set	136
   270     0093                     _SSPADD         set	147
   271     0091                     _SSPCON2        set	145
   272     0094                     _SSPSTAT        set	148
   273     048C                     _ACKEN          set	1164
   274     048D                     _ACKDT          set	1165
   275     04A0                     _BF             set	1184
   276     048B                     _RCEN           set	1163
   277     048A                     _PEN            set	1162
   278     0488                     _SEN            set	1160
   279     043C                     _TRISC4         set	1084
   280     043B                     _TRISC3         set	1083
   281                           
   282                           	psect	strings
   283     0800                     __pstrings:
   284     0800                     stringtab:
   285     0800                     __stringtab:
   286     0800                     stringcode:	
   287                           ;	String table - string pointers are 1 byte each
   288                           
   289     0800                     stringdir:
   290     0800  3008               	movlw	high stringdir
   291     0801  008A               	movwf	10
   292     0802  0804               	movf	4,w
   293     0803  0A84               	incf	4,f
   294     0804  0782               	addwf	2,f
   295     0805                     __stringbase:
   296     0805  3400               	retlw	0
   297     0806                     __end_of__stringtab:
   298     0806                     STR_1:
   299     0806  3453               	retlw	83	;'S'
   300     0807  346D               	retlw	109	;'m'
   301     0808  3461               	retlw	97	;'a'
   302     0809  3472               	retlw	114	;'r'
   303     080A  3474               	retlw	116	;'t'
   304     080B  3420               	retlw	32	;' '
   305     080C  3457               	retlw	87	;'W'
   306     080D  3465               	retlw	101	;'e'
   307     080E  3461               	retlw	97	;'a'
   308     080F  3474               	retlw	116	;'t'
   309     0810  3468               	retlw	104	;'h'
   310     0811  3465               	retlw	101	;'e'
   311     0812  3472               	retlw	114	;'r'
   312     0813  3420               	retlw	32	;' '
   313     0814  3420               	retlw	32	;' '
   314     0815  3420               	retlw	32	;' '
   315     0816  3400               	retlw	0
   316     0817                     STR_2:
   317     0817  3453               	retlw	83	;'S'
   318     0818  3474               	retlw	116	;'t'
   319     0819  3461               	retlw	97	;'a'
   320     081A  3474               	retlw	116	;'t'
   321     081B  3469               	retlw	105	;'i'
   322     081C  346F               	retlw	111	;'o'
   323     081D  346E               	retlw	110	;'n'
   324     081E  3420               	retlw	32	;' '
   325     081F  3449               	retlw	73	;'I'
   326     0820  3432               	retlw	50	;'2'
   327     0821  3443               	retlw	67	;'C'
   328     0822  3420               	retlw	32	;' '
   329     0823  3476               	retlw	118	;'v'
   330     0824  3434               	retlw	52	;'4'
   331     0825  3420               	retlw	32	;' '
   332     0826  3420               	retlw	32	;' '
   333     0827  3400               	retlw	0
   334     0828                     STR_7:
   335     0828  340D               	retlw	13
   336     0829  340A               	retlw	10
   337     082A  3400               	retlw	0
   338     0814                     STR_3           equ	STR_1+14
   339     0814                     STR_6           equ	STR_1+14
   340     0815                     STR_4           equ	STR_1+15
   341     0815                     STR_5           equ	STR_1+15
   342                           
   343                           	psect	cinit
   344     000F                     start_initialization:	
   345                           ; #config settings
   346                           
   347     000F                     __initialization:
   348                           
   349                           ; Initialize objects allocated to BANK0
   350     000F  120A  158A  233B  120A  118A  	fcall	__pidataBANK0	;fetch initializer
   351     0014  00D2               	movwf	__pdataBANK0& (0+127)
   352     0015  120A  158A  233C  120A  118A  	fcall	__pidataBANK0+1	;fetch initializer
   353     001A  00D3               	movwf	(__pdataBANK0+1)& (0+127)
   354     001B  120A  158A  233D  120A  118A  	fcall	__pidataBANK0+2	;fetch initializer
   355     0020  00D4               	movwf	(__pdataBANK0+2)& (0+127)
   356     0021  120A  158A  233E  120A  118A  	fcall	__pidataBANK0+3	;fetch initializer
   357     0026  00D5               	movwf	(__pdataBANK0+3)& (0+127)
   358     0027  120A  158A  233F  120A  118A  	fcall	__pidataBANK0+4	;fetch initializer
   359     002C  00D6               	movwf	(__pdataBANK0+4)& (0+127)
   360                           
   361                           ; Clear objects allocated to BANK0
   362     002D  01C9               	clrf	__pbssBANK0& (0+127)
   363     002E  01CA               	clrf	(__pbssBANK0+1)& (0+127)
   364     002F  01CB               	clrf	(__pbssBANK0+2)& (0+127)
   365     0030  01CC               	clrf	(__pbssBANK0+3)& (0+127)
   366     0031  01CD               	clrf	(__pbssBANK0+4)& (0+127)
   367     0032  01CE               	clrf	(__pbssBANK0+5)& (0+127)
   368     0033  01CF               	clrf	(__pbssBANK0+6)& (0+127)
   369     0034  01D0               	clrf	(__pbssBANK0+7)& (0+127)
   370     0035  01D1               	clrf	(__pbssBANK0+8)& (0+127)
   371                           
   372                           ; Clear objects allocated to COMMON
   373     0036  01FB               	clrf	__pbssCOMMON& (0+127)
   374     0037                     end_of_initialization:	
   375                           ;End of C runtime variable initialization code
   376                           
   377     0037                     __end_of__initialization:
   378     0037  0183               	clrf	3
   379     0038  120A  118A  283B   	ljmp	_main	;jump to C main() function
   380                           
   381                           	psect	bssCOMMON
   382     007B                     __pbssCOMMON:
   383     007B                     _timer1_ticks:
   384     007B                     	ds	1
   385                           
   386                           	psect	bssBANK0
   387     0049                     __pbssBANK0:
   388     0049                     DHT22_Read@F1109:
   389     0049                     	ds	5
   390     004E                     _sram_count:
   391     004E                     	ds	1
   392     004F                     _sram_index:
   393     004F                     	ds	1
   394     0050                     _take_sample_flag:
   395     0050                     	ds	1
   396     0051                     _rtc_sec:
   397     0051                     	ds	1
   398                           
   399                           	psect	dataBANK0
   400     0052                     __pdataBANK0:
   401     0052                     _rtc_yr:
   402     0052                     	ds	1
   403     0053                     _rtc_mon:
   404     0053                     	ds	1
   405     0054                     _rtc_date:
   406     0054                     	ds	1
   407     0055                     _rtc_hr:
   408     0055                     	ds	1
   409     0056                     _rtc_min:
   410     0056                     	ds	1
   411                           
   412                           	psect	cstackCOMMON
   413     0070                     __pcstackCOMMON:
   414     0070                     ?_ISR:
   415     0070                     ?_BCDtoDEC:	
   416                           ; 1 bytes @ 0x0
   417                           
   418     0070                     ?_I2C_Init:	
   419                           ; 1 bytes @ 0x0
   420                           
   421     0070                     ?_I2C_Wait:	
   422                           ; 1 bytes @ 0x0
   423                           
   424     0070                     ?_I2C_Start:	
   425                           ; 1 bytes @ 0x0
   426                           
   427     0070                     ?_I2C_Stop:	
   428                           ; 1 bytes @ 0x0
   429                           
   430     0070                     ?_I2C_Write:	
   431                           ; 1 bytes @ 0x0
   432                           
   433     0070                     ?_I2C_Read:	
   434                           ; 1 bytes @ 0x0
   435                           
   436     0070                     ?_DS3231_ReadTime:	
   437                           ; 1 bytes @ 0x0
   438                           
   439     0070                     ?_SRAM_Read:	
   440                           ; 1 bytes @ 0x0
   441                           
   442     0070                     ?_SRAM_LoadHeader:	
   443                           ; 1 bytes @ 0x0
   444                           
   445     0070                     ?_SRAM_SaveHeader:	
   446                           ; 1 bytes @ 0x0
   447                           
   448     0070                     ?_LCD_Cmd:	
   449                           ; 1 bytes @ 0x0
   450                           
   451     0070                     ?_LCD_Data:	
   452                           ; 1 bytes @ 0x0
   453                           
   454     0070                     ?_LCD_Init:	
   455                           ; 1 bytes @ 0x0
   456                           
   457     0070                     ?_LCD_Num2:	
   458                           ; 1 bytes @ 0x0
   459                           
   460     0070                     ?_ADC_Init:	
   461                           ; 1 bytes @ 0x0
   462                           
   463     0070                     ?_UART_Init:	
   464                           ; 1 bytes @ 0x0
   465                           
   466     0070                     ?_UART_Write:	
   467                           ; 1 bytes @ 0x0
   468                           
   469     0070                     ?_UART_Num2:	
   470                           ; 1 bytes @ 0x0
   471                           
   472     0070                     ?_main:	
   473                           ; 1 bytes @ 0x0
   474                           
   475     0070                     ??_ISR:	
   476                           ; 1 bytes @ 0x0
   477                           
   478                           
   479                           ; 1 bytes @ 0x0
   480     0070                     	ds	2
   481     0072                     ?_DHT22_Read:
   482     0072                     ?___bmul:	
   483                           ; 1 bytes @ 0x2
   484                           
   485     0072                     ?_ADC_Read:	
   486                           ; 1 bytes @ 0x2
   487                           
   488     0072                     ?___awdiv:	
   489                           ; 2 bytes @ 0x2
   490                           
   491     0072                     ?___awmod:	
   492                           ; 2 bytes @ 0x2
   493                           
   494     0072                     ?___lwdiv:	
   495                           ; 2 bytes @ 0x2
   496                           
   497     0072                     ?___lwmod:	
   498                           ; 2 bytes @ 0x2
   499                           
   500     0072                     ?___lmul:	
   501                           ; 2 bytes @ 0x2
   502                           
   503     0072                     DHT22_Read@temp_x10:	
   504                           ; 4 bytes @ 0x2
   505                           
   506     0072                     UART_Write@c:	
   507                           ; 1 bytes @ 0x2
   508                           
   509     0072                     ___bmul@multiplicand:	
   510                           ; 1 bytes @ 0x2
   511                           
   512     0072                     I2C_Wait@timeout:	
   513                           ; 1 bytes @ 0x2
   514                           
   515     0072                     ___awdiv@divisor:	
   516                           ; 2 bytes @ 0x2
   517                           
   518     0072                     ___awmod@divisor:	
   519                           ; 2 bytes @ 0x2
   520                           
   521     0072                     ___lwdiv@divisor:	
   522                           ; 2 bytes @ 0x2
   523                           
   524     0072                     ___lwmod@divisor:	
   525                           ; 2 bytes @ 0x2
   526                           
   527     0072                     ___lmul@multiplier:	
   528                           ; 2 bytes @ 0x2
   529                           
   530     0072                     ??_I2C_Init:	
   531                           ; 4 bytes @ 0x2
   532                           
   533     0072                     ??_I2C_Wait:	
   534                           ; 1 bytes @ 0x2
   535                           
   536     0072                     ??_ADC_Init:	
   537                           ; 1 bytes @ 0x2
   538                           
   539     0072                     ??_UART_Init:	
   540                           ; 1 bytes @ 0x2
   541                           
   542     0072                     ??_UART_Write:	
   543                           ; 1 bytes @ 0x2
   544                           
   545                           
   546                           ; 1 bytes @ 0x2
   547     0072                     	ds	1
   548     0073                     ?_UART_Print:
   549     0073                     DHT22_Read@hum_x10:	
   550                           ; 1 bytes @ 0x3
   551                           
   552     0073                     UART_Print@s:	
   553                           ; 1 bytes @ 0x3
   554                           
   555     0073                     ___bmul@product:	
   556                           ; 1 bytes @ 0x3
   557                           
   558     0073                     ??___bmul:	
   559                           ; 1 bytes @ 0x3
   560                           
   561                           
   562                           ; 1 bytes @ 0x3
   563     0073                     	ds	1
   564     0074                     I2C_Write@b:
   565     0074                     I2C_Read@ack:	
   566                           ; 1 bytes @ 0x4
   567                           
   568     0074                     ___bmul@multiplier:	
   569                           ; 1 bytes @ 0x4
   570                           
   571     0074                     I2C_Start@timeout:	
   572                           ; 1 bytes @ 0x4
   573                           
   574     0074                     I2C_Stop@timeout:	
   575                           ; 2 bytes @ 0x4
   576                           
   577     0074                     ___awdiv@dividend:	
   578                           ; 2 bytes @ 0x4
   579                           
   580     0074                     ___awmod@dividend:	
   581                           ; 2 bytes @ 0x4
   582                           
   583     0074                     ___lwdiv@dividend:	
   584                           ; 2 bytes @ 0x4
   585                           
   586     0074                     ___lwmod@dividend:	
   587                           ; 2 bytes @ 0x4
   588                           
   589     0074                     ??_I2C_Start:	
   590                           ; 2 bytes @ 0x4
   591                           
   592     0074                     ??_I2C_Stop:	
   593                           ; 1 bytes @ 0x4
   594                           
   595     0074                     ??_I2C_Write:	
   596                           ; 1 bytes @ 0x4
   597                           
   598     0074                     ??_I2C_Read:	
   599                           ; 1 bytes @ 0x4
   600                           
   601     0074                     ??_ADC_Read:	
   602                           ; 1 bytes @ 0x4
   603                           
   604     0074                     ??_UART_Print:	
   605                           ; 1 bytes @ 0x4
   606                           
   607                           
   608                           ; 1 bytes @ 0x4
   609     0074                     	ds	1
   610     0075                     I2C_Read@d:
   611     0075                     ADC_Read@ch:	
   612                           ; 1 bytes @ 0x5
   613                           
   614     0075                     I2C_Write@timeout:	
   615                           ; 1 bytes @ 0x5
   616                           
   617                           
   618                           ; 2 bytes @ 0x5
   619     0075                     	ds	1
   620     0076                     ___awdiv@counter:
   621     0076                     ___awmod@counter:	
   622                           ; 1 bytes @ 0x6
   623                           
   624     0076                     ___lwdiv@counter:	
   625                           ; 1 bytes @ 0x6
   626                           
   627     0076                     ___lwmod@counter:	
   628                           ; 1 bytes @ 0x6
   629                           
   630     0076                     I2C_Read@timeout:	
   631                           ; 1 bytes @ 0x6
   632                           
   633     0076                     ___lmul@multiplicand:	
   634                           ; 2 bytes @ 0x6
   635                           
   636     0076                     ??___awdiv:	
   637                           ; 4 bytes @ 0x6
   638                           
   639     0076                     ??___awmod:	
   640                           ; 1 bytes @ 0x6
   641                           
   642     0076                     ??___lwdiv:	
   643                           ; 1 bytes @ 0x6
   644                           
   645     0076                     ??___lwmod:	
   646                           ; 1 bytes @ 0x6
   647                           
   648                           
   649                           ; 1 bytes @ 0x6
   650     0076                     	ds	1
   651     0077                     ?_SRAM_Write:
   652     0077                     ?_LCD_I2C_SendNibble:	
   653                           ; 1 bytes @ 0x7
   654                           
   655     0077                     ?_LCD_I2C_SendByte:	
   656                           ; 1 bytes @ 0x7
   657                           
   658     0077                     SRAM_Write@data:	
   659                           ; 1 bytes @ 0x7
   660                           
   661     0077                     LCD_I2C_SendNibble@rs:	
   662                           ; 1 bytes @ 0x7
   663                           
   664     0077                     LCD_I2C_SendByte@rs:	
   665                           ; 1 bytes @ 0x7
   666                           
   667     0077                     ___awdiv@sign:	
   668                           ; 1 bytes @ 0x7
   669                           
   670     0077                     ___awmod@sign:	
   671                           ; 1 bytes @ 0x7
   672                           
   673     0077                     ___lwdiv@quotient:	
   674                           ; 1 bytes @ 0x7
   675                           
   676                           
   677                           ; 2 bytes @ 0x7
   678     0077                     	ds	1
   679     0078                     SRAM_Read@addr:
   680     0078                     SRAM_Write@addr:	
   681                           ; 1 bytes @ 0x8
   682                           
   683     0078                     ___awdiv@quotient:	
   684                           ; 1 bytes @ 0x8
   685                           
   686     0078                     ??_BCDtoDEC:	
   687                           ; 2 bytes @ 0x8
   688                           
   689     0078                     ??_SRAM_Read:	
   690                           ; 1 bytes @ 0x8
   691                           
   692     0078                     ??_SRAM_Write:	
   693                           ; 1 bytes @ 0x8
   694                           
   695     0078                     ??_LCD_I2C_SendNibble:	
   696                           ; 1 bytes @ 0x8
   697                           
   698     0078                     ??_LCD_I2C_SendByte:	
   699                           ; 1 bytes @ 0x8
   700                           
   701                           
   702                           ; 1 bytes @ 0x8
   703     0078                     	ds	1
   704     0079                     SRAM_Read@d:
   705     0079                     LCD_I2C_SendNibble@nibble:	
   706                           ; 1 bytes @ 0x9
   707                           
   708     0079                     LCD_Data@d:	
   709                           ; 1 bytes @ 0x9
   710                           
   711     0079                     ??_SRAM_SaveHeader:	
   712                           ; 1 bytes @ 0x9
   713                           
   714     0079                     ??_LCD_Cmd:	
   715                           ; 1 bytes @ 0x9
   716                           
   717     0079                     ??_LCD_Data:	
   718                           ; 1 bytes @ 0x9
   719                           
   720                           
   721                           ; 1 bytes @ 0x9
   722     0079                     	ds	1
   723     007A                     ?_LCD_Print:
   724     007A                     BCDtoDEC@b:	
   725                           ; 1 bytes @ 0xA
   726                           
   727     007A                     LCD_I2C_SendNibble@val:	
   728                           ; 1 bytes @ 0xA
   729                           
   730     007A                     LCD_Print@s:	
   731                           ; 1 bytes @ 0xA
   732                           
   733     007A                     LCD_Num2@n:	
   734                           ; 1 bytes @ 0xA
   735                           
   736     007A                     UART_Num2@n:	
   737                           ; 1 bytes @ 0xA
   738                           
   739     007A                     ??_SRAM_LoadHeader:	
   740                           ; 1 bytes @ 0xA
   741                           
   742     007A                     ??_LCD_Num:	
   743                           ; 1 bytes @ 0xA
   744                           
   745     007A                     ??_UART_Num:	
   746                           ; 1 bytes @ 0xA
   747                           
   748     007A                     ??___lmul:	
   749                           ; 1 bytes @ 0xA
   750                           
   751                           
   752                           ; 1 bytes @ 0xA
   753     007A                     	ds	1
   754     007B                     ??_DS3231_ReadTime:
   755     007B                     ??_LCD_Goto:	
   756                           ; 1 bytes @ 0xB
   757                           
   758     007B                     ??_LCD_Print:	
   759                           ; 1 bytes @ 0xB
   760                           
   761                           
   762                           	psect	cstackBANK0
   763     0020                     __pcstackBANK0:	
   764                           ; 1 bytes @ 0xB
   765                           
   766     0020                     ?_SRAM_SaveSample:
   767     0020                     ?_UART_Num:	
   768                           ; 1 bytes @ 0x0
   769                           
   770     0020                     SRAM_SaveSample@min:	
   771                           ; 1 bytes @ 0x0
   772                           
   773     0020                     LCD_I2C_SendByte@b:	
   774                           ; 1 bytes @ 0x0
   775                           
   776     0020                     UART_Num@n:	
   777                           ; 1 bytes @ 0x0
   778                           
   779     0020                     ___lmul@product:	
   780                           ; 2 bytes @ 0x0
   781                           
   782     0020                     ??_DHT22_Read:	
   783                           ; 4 bytes @ 0x0
   784                           
   785                           
   786                           ; 1 bytes @ 0x0
   787     0020                     	ds	1
   788     0021                     SRAM_SaveSample@sec:
   789     0021                     LCD_I2C_SendByte@high:	
   790                           ; 1 bytes @ 0x1
   791                           
   792                           
   793                           ; 1 bytes @ 0x1
   794     0021                     	ds	1
   795     0022                     SRAM_SaveSample@date:
   796     0022                     LCD_I2C_SendByte@low:	
   797                           ; 1 bytes @ 0x2
   798                           
   799     0022                     UART_Num@buf:	
   800                           ; 1 bytes @ 0x2
   801                           
   802                           
   803                           ; 5 bytes @ 0x2
   804     0022                     	ds	1
   805     0023                     SRAM_SaveSample@mon:
   806     0023                     LCD_I2C_SendByte@base:	
   807                           ; 1 bytes @ 0x3
   808                           
   809                           
   810                           ; 1 bytes @ 0x3
   811     0023                     	ds	1
   812     0024                     ?_LCD_Num:
   813     0024                     ?___lldiv:	
   814                           ; 1 bytes @ 0x4
   815                           
   816     0024                     SRAM_SaveSample@yr:	
   817                           ; 4 bytes @ 0x4
   818                           
   819     0024                     LCD_Cmd@c:	
   820                           ; 1 bytes @ 0x4
   821                           
   822     0024                     LCD_Num@n:	
   823                           ; 1 bytes @ 0x4
   824                           
   825     0024                     ___lldiv@divisor:	
   826                           ; 2 bytes @ 0x4
   827                           
   828                           
   829                           ; 4 bytes @ 0x4
   830     0024                     	ds	1
   831     0025                     ?_LCD_Goto:
   832     0025                     LCD_Goto@col:	
   833                           ; 1 bytes @ 0x5
   834                           
   835     0025                     SRAM_SaveSample@temp_x10:	
   836                           ; 1 bytes @ 0x5
   837                           
   838     0025                     ??_LCD_Init:	
   839                           ; 2 bytes @ 0x5
   840                           
   841                           
   842                           ; 1 bytes @ 0x5
   843     0025                     	ds	1
   844     0026                     LCD_Goto@row:
   845     0026                     LCD_Num@buf:	
   846                           ; 1 bytes @ 0x6
   847                           
   848                           
   849                           ; 5 bytes @ 0x6
   850     0026                     	ds	1
   851     0027                     SRAM_SaveSample@hum:
   852     0027                     UART_Num@i:	
   853                           ; 1 bytes @ 0x7
   854                           
   855     0027                     _LCD_Goto$419:	
   856                           ; 1 bytes @ 0x7
   857                           
   858                           
   859                           ; 2 bytes @ 0x7
   860     0027                     	ds	1
   861     0028                     ?_UART_NumFrac:
   862     0028                     SRAM_SaveSample@light:	
   863                           ; 1 bytes @ 0x8
   864                           
   865     0028                     UART_NumFrac@n:	
   866                           ; 1 bytes @ 0x8
   867                           
   868     0028                     ___lldiv@dividend:	
   869                           ; 2 bytes @ 0x8
   870                           
   871     0028                     ??_UART_Num2:	
   872                           ; 4 bytes @ 0x8
   873                           
   874                           
   875                           ; 1 bytes @ 0x8
   876     0028                     	ds	1
   877     0029                     SRAM_SaveSample@alert:
   878                           
   879                           ; 1 bytes @ 0x9
   880     0029                     	ds	1
   881     002A                     UART_NumFrac@den:
   882     002A                     DHT22_Read@t:	
   883                           ; 1 bytes @ 0xA
   884                           
   885     002A                     ??_SRAM_SaveSample:	
   886                           ; 2 bytes @ 0xA
   887                           
   888                           
   889                           ; 1 bytes @ 0xA
   890     002A                     	ds	1
   891     002B                     LCD_Num@i:
   892     002B                     ??_UART_NumFrac:	
   893                           ; 1 bytes @ 0xB
   894                           
   895                           
   896                           ; 1 bytes @ 0xB
   897     002B                     	ds	1
   898     002C                     ?_LCD_NumFrac:
   899     002C                     SRAM_SaveSample@hr:	
   900                           ; 1 bytes @ 0xC
   901                           
   902     002C                     LCD_NumFrac@n:	
   903                           ; 1 bytes @ 0xC
   904                           
   905     002C                     DHT22_Read@data:	
   906                           ; 2 bytes @ 0xC
   907                           
   908     002C                     ??_LCD_Num2:	
   909                           ; 5 bytes @ 0xC
   910                           
   911     002C                     ??___lldiv:	
   912                           ; 1 bytes @ 0xC
   913                           
   914                           
   915                           ; 1 bytes @ 0xC
   916     002C                     	ds	1
   917     002D                     _SRAM_SaveSample$382:
   918     002D                     _UART_NumFrac$1228:	
   919                           ; 2 bytes @ 0xD
   920                           
   921     002D                     ___lldiv@quotient:	
   922                           ; 2 bytes @ 0xD
   923                           
   924                           
   925                           ; 4 bytes @ 0xD
   926     002D                     	ds	1
   927     002E                     LCD_NumFrac@den:
   928                           
   929                           ; 1 bytes @ 0xE
   930     002E                     	ds	1
   931     002F                     SRAM_SaveSample@base:
   932     002F                     _UART_NumFrac$1229:	
   933                           ; 1 bytes @ 0xF
   934                           
   935     002F                     ??_LCD_NumFrac:	
   936                           ; 2 bytes @ 0xF
   937                           
   938                           
   939                           ; 1 bytes @ 0xF
   940     002F                     	ds	2
   941     0031                     DHT22_Read@j:
   942     0031                     ___lldiv@counter:	
   943                           ; 1 bytes @ 0x11
   944                           
   945     0031                     _LCD_NumFrac$1226:	
   946                           ; 1 bytes @ 0x11
   947                           
   948                           
   949                           ; 2 bytes @ 0x11
   950     0031                     	ds	1
   951     0032                     DHT22_Read@i:
   952                           
   953                           ; 1 bytes @ 0x12
   954     0032                     	ds	1
   955     0033                     DHT22_Read@timeout:
   956     0033                     _LCD_NumFrac$1227:	
   957                           ; 2 bytes @ 0x13
   958                           
   959                           
   960                           ; 2 bytes @ 0x13
   961     0033                     	ds	2
   962     0035                     ??_main:
   963                           
   964                           ; 1 bytes @ 0x15
   965     0035                     	ds	4
   966     0039                     main@lm35_raw:
   967                           
   968                           ; 2 bytes @ 0x19
   969     0039                     	ds	2
   970     003B                     main@ldr_raw:
   971                           
   972                           ; 2 bytes @ 0x1B
   973     003B                     	ds	2
   974     003D                     main@dht_temp_x10:
   975                           
   976                           ; 2 bytes @ 0x1D
   977     003D                     	ds	2
   978     003F                     main@dht_err:
   979                           
   980                           ; 1 bytes @ 0x1F
   981     003F                     	ds	1
   982     0040                     _main$553:
   983                           
   984                           ; 2 bytes @ 0x20
   985     0040                     	ds	2
   986     0042                     main@dht_hum_x10:
   987                           
   988                           ; 2 bytes @ 0x22
   989     0042                     	ds	2
   990     0044                     main@lm35_x10:
   991                           
   992                           ; 2 bytes @ 0x24
   993     0044                     	ds	2
   994     0046                     main@ldr_pct:
   995                           
   996                           ; 2 bytes @ 0x26
   997     0046                     	ds	2
   998     0048                     main@hum_pct:
   999                           
  1000                           ; 1 bytes @ 0x28
  1001     0048                     	ds	1
  1002                           
  1003                           	psect	maintext
  1004     003B                     __pmaintext:	
  1005 ;;
  1006 ;;Main: autosize = 0, tempsize = 4, incstack = 0, save=0
  1007 ;;
  1008 ;; *************** function _main *****************
  1009 ;; Defined at:
  1010 ;;		line 379 in file "main.c"
  1011 ;; Parameters:    Size  Location     Type
  1012 ;;		None
  1013 ;; Auto vars:     Size  Location     Type
  1014 ;;  dht_err         1   31[BANK0 ] unsigned char 
  1015 ;;  ldr_pct         2   38[BANK0 ] unsigned int 
  1016 ;;  lm35_x10        2   36[BANK0 ] unsigned int 
  1017 ;;  dht_hum_x10     2   34[BANK0 ] unsigned int 
  1018 ;;  dht_temp_x10    2   29[BANK0 ] int 
  1019 ;;  ldr_raw         2   27[BANK0 ] unsigned int 
  1020 ;;  lm35_raw        2   25[BANK0 ] unsigned int 
  1021 ;;  temp_x10        2    0        int 
  1022 ;;  hum_pct         1   40[BANK0 ] unsigned char 
  1023 ;;  samples_to_s    1    0        unsigned char 
  1024 ;;  alert           1    0        unsigned char 
  1025 ;;  light           1    0        unsigned char 
  1026 ;;  yr              1    0        unsigned char 
  1027 ;;  mon             1    0        unsigned char 
  1028 ;;  date            1    0        unsigned char 
  1029 ;;  sec             1    0        unsigned char 
  1030 ;;  min             1    0        unsigned char 
  1031 ;;  hr              1    0        unsigned char 
  1032 ;;  i               1    0        unsigned char 
  1033 ;; Return value:  Size  Location     Type
  1034 ;;                  1    wreg      void 
  1035 ;; Registers used:
  1036 ;;		wreg, fsr0l, fsr0h, status,2, status,0, pclath, btemp1, cstack
  1037 ;; Tracked objects:
  1038 ;;		On entry : B00/0
  1039 ;;		On exit  : 0/0
  1040 ;;		Unchanged: 0/0
  1041 ;; Data sizes:     COMMON   BANK0   BANK1   BANK3   BANK2
  1042 ;;      Params:         0       0       0       0       0
  1043 ;;      Locals:         0      16       0       0       0
  1044 ;;      Temps:          0       4       0       0       0
  1045 ;;      Totals:         0      20       0       0       0
  1046 ;;Total ram usage:       20 bytes
  1047 ;; Hardware stack levels required when called: 5
  1048 ;; This function calls:
  1049 ;;		_ADC_Init
  1050 ;;		_ADC_Read
  1051 ;;		_DHT22_Read
  1052 ;;		_DS3231_ReadTime
  1053 ;;		_I2C_Init
  1054 ;;		_LCD_Cmd
  1055 ;;		_LCD_Data
  1056 ;;		_LCD_Goto
  1057 ;;		_LCD_Init
  1058 ;;		_LCD_Num
  1059 ;;		_LCD_Num2
  1060 ;;		_LCD_NumFrac
  1061 ;;		_LCD_Print
  1062 ;;		_SRAM_LoadHeader
  1063 ;;		_SRAM_SaveSample
  1064 ;;		_UART_Init
  1065 ;;		_UART_Num
  1066 ;;		_UART_Num2
  1067 ;;		_UART_NumFrac
  1068 ;;		_UART_Print
  1069 ;;		_UART_Write
  1070 ;;		___lldiv
  1071 ;;		___lmul
  1072 ;;		___lwdiv
  1073 ;; This function is called by:
  1074 ;;		Startup code after reset
  1075 ;; This function uses a non-reentrant model
  1076 ;;
  1077                           
  1078     003B                     _main:	
  1079                           ;psect for function _main
  1080                           
  1081     003B                     l2993:	
  1082                           ;incstack = 0
  1083                           ; Regs used in _main: [wreg-fsr0h+status,2+status,0+pclath+btemp1+cstack]
  1084                           
  1085                           
  1086                           ;main.c: 380:     unsigned int lm35_raw, ldr_raw;;main.c: 381:     unsigned int lm35_x10
      +                          , ldr_pct;;main.c: 382:     unsigned char hum_pct;;main.c: 383:     unsigned char i, sam
      +                          ples_to_show;;main.c: 384:     signed int dht_temp_x10;;main.c: 385:     unsigned int dh
      +                          t_hum_x10;;main.c: 386:     unsigned char hr, min, sec, date, mon, yr, light, alert;;mai
      +                          n.c: 387:     signed int temp_x10;;main.c: 389:     OPTION_REG = 0xFF;
  1087     003B  30FF               	movlw	255
  1088     003C  1683               	bsf	3,5	;RP0=1, select bank1
  1089     003D  1303               	bcf	3,6	;RP1=0, select bank1
  1090     003E  0081               	movwf	1	;volatile
  1091     003F                     l2995:
  1092                           
  1093                           ;main.c: 390:     INTCON = 0x00;
  1094     003F  018B               	clrf	11	;volatile
  1095                           
  1096                           ;main.c: 391:     PIE1 = 0x00; PIR1 = 0x00;
  1097     0040  018C               	clrf	12	;volatile
  1098     0041  1283               	bcf	3,5	;RP0=0, select bank0
  1099     0042  1303               	bcf	3,6	;RP1=0, select bank0
  1100     0043  018C               	clrf	12	;volatile
  1101                           
  1102                           ;main.c: 392:     TRISE = 0x00;
  1103     0044  1683               	bsf	3,5	;RP0=1, select bank1
  1104     0045  1303               	bcf	3,6	;RP1=0, select bank1
  1105     0046  0189               	clrf	9	;volatile
  1106                           
  1107                           ;main.c: 393:     TRISD = 0x00;
  1108     0047  0188               	clrf	8	;volatile
  1109                           
  1110                           ;main.c: 394:     PORTD = 0x00;
  1111     0048  1283               	bcf	3,5	;RP0=0, select bank0
  1112     0049  1303               	bcf	3,6	;RP1=0, select bank0
  1113     004A  0188               	clrf	8	;volatile
  1114     004B                     l2997:
  1115                           
  1116                           ;main.c: 395:     TRISBbits.TRISB6 = 0;
  1117     004B  1683               	bsf	3,5	;RP0=1, select bank1
  1118     004C  1303               	bcf	3,6	;RP1=0, select bank1
  1119     004D  1306               	bcf	6,6	;volatile
  1120     004E                     l2999:
  1121                           
  1122                           ;main.c: 396:     PORTBbits.RB6 = 0;
  1123     004E  1283               	bcf	3,5	;RP0=0, select bank0
  1124     004F  1303               	bcf	3,6	;RP1=0, select bank0
  1125     0050  1306               	bcf	6,6	;volatile
  1126     0051                     l3001:
  1127                           
  1128                           ;main.c: 398:     I2C_Init();
  1129     0051  120A  158A  2370  120A  118A  	fcall	_I2C_Init
  1130     0056                     l3003:
  1131                           
  1132                           ;main.c: 399:     LCD_Init();
  1133     0056  120A  118A  25B6  120A  118A  	fcall	_LCD_Init
  1134     005B                     l3005:
  1135                           
  1136                           ;main.c: 400:     ADC_Init();
  1137     005B  120A  158A  2361  120A  118A  	fcall	_ADC_Init
  1138     0060                     l3007:
  1139                           
  1140                           ;main.c: 401:     UART_Init();
  1141     0060  120A  158A  2354  120A  118A  	fcall	_UART_Init
  1142     0065                     l3009:
  1143                           
  1144                           ;main.c: 403:     T1CON = 0x31;
  1145     0065  3031               	movlw	49
  1146     0066  1283               	bcf	3,5	;RP0=0, select bank0
  1147     0067  1303               	bcf	3,6	;RP1=0, select bank0
  1148     0068  0090               	movwf	16	;volatile
  1149     0069                     l3011:
  1150                           
  1151                           ;main.c: 404:     TMR1H = 0x0B; TMR1L = 0xDC;
  1152     0069  300B               	movlw	11
  1153     006A  008F               	movwf	15	;volatile
  1154     006B                     l3013:
  1155     006B  30DC               	movlw	220
  1156     006C  008E               	movwf	14	;volatile
  1157     006D                     l3015:
  1158                           
  1159                           ;main.c: 405:     PIE1bits.TMR1IE = 1;
  1160     006D  1683               	bsf	3,5	;RP0=1, select bank1
  1161     006E  1303               	bcf	3,6	;RP1=0, select bank1
  1162     006F  140C               	bsf	12,0	;volatile
  1163     0070                     l3017:
  1164                           
  1165                           ;main.c: 406:     INTCONbits.PEIE = 1;
  1166     0070  170B               	bsf	11,6	;volatile
  1167     0071                     l3019:
  1168                           
  1169                           ;main.c: 407:     INTCONbits.GIE = 1;
  1170     0071  178B               	bsf	11,7	;volatile
  1171     0072                     l3021:
  1172                           
  1173                           ;main.c: 409:     SRAM_LoadHeader();
  1174     0072  120A  158A  23D6  120A  118A  	fcall	_SRAM_LoadHeader
  1175     0077                     l3023:
  1176                           
  1177                           ;main.c: 410:     samples_to_show = (sram_count > 8) ? 8 : sram_count;
  1178     0077  3009               	movlw	9
  1179     0078  1283               	bcf	3,5	;RP0=0, select bank0
  1180     0079  1303               	bcf	3,6	;RP1=0, select bank0
  1181     007A  024E               	subwf	_sram_count,w
  1182     007B  1803               	skipnc
  1183     007C  287E               	goto	u3131
  1184     007D  287F               	goto	u3130
  1185     007E                     u3131:
  1186     007E  2887               	goto	l3027
  1187     007F                     u3130:
  1188     007F                     l3025:
  1189     007F  084E               	movf	_sram_count,w
  1190     0080  00B5               	movwf	??_main
  1191     0081  01B6               	clrf	??_main+1
  1192     0082  0835               	movf	??_main,w
  1193     0083  00C0               	movwf	_main$553
  1194     0084  0836               	movf	??_main+1,w
  1195     0085  00C1               	movwf	_main$553+1
  1196     0086  288B               	goto	l338
  1197     0087                     l3027:
  1198     0087  3008               	movlw	8
  1199     0088  00C0               	movwf	_main$553
  1200     0089  3000               	movlw	0
  1201     008A  00C1               	movwf	_main$553+1
  1202     008B                     l338:
  1203     008B                     l3029:
  1204                           
  1205                           ;main.c: 412:     LCD_Goto(0,0); LCD_Print("Smart Weather   ");
  1206     008B  01A5               	clrf	LCD_Goto@col
  1207     008C  3000               	movlw	0
  1208     008D  120A  158A  23BD  120A  118A  	fcall	_LCD_Goto
  1209     0092                     l3031:
  1210     0092  3001               	movlw	(low ((STR_1-__stringbase)| (0+32768)))& (0+255)
  1211     0093  00FA               	movwf	LCD_Print@s
  1212     0094  120A  158A  23F1  120A  118A  	fcall	_LCD_Print
  1213     0099                     l3033:
  1214                           
  1215                           ;main.c: 413:     LCD_Goto(1,0); LCD_Print("Station I2C v4  ");
  1216     0099  1283               	bcf	3,5	;RP0=0, select bank0
  1217     009A  1303               	bcf	3,6	;RP1=0, select bank0
  1218     009B  01A5               	clrf	LCD_Goto@col
  1219     009C  3001               	movlw	1
  1220     009D  120A  158A  23BD  120A  118A  	fcall	_LCD_Goto
  1221     00A2                     l3035:
  1222     00A2  3012               	movlw	(low ((STR_2-__stringbase)| (0+32768)))& (0+255)
  1223     00A3  00FA               	movwf	LCD_Print@s
  1224     00A4  120A  158A  23F1  120A  118A  	fcall	_LCD_Print
  1225                           
  1226                           ;main.c: 414:     _delay((unsigned long)((2000)*(20000000UL/4000.0))); LCD_Cmd(0x01); _d
      +                          elay((unsigned long)((2)*(20000000UL/4000.0)));
  1227     00A9  3033               	movlw	51
  1228     00AA  1283               	bcf	3,5	;RP0=0, select bank0
  1229     00AB  1303               	bcf	3,6	;RP1=0, select bank0
  1230     00AC  00B7               	movwf	??_main+2
  1231     00AD  30BB               	movlw	187
  1232     00AE  00B6               	movwf	??_main+1
  1233     00AF  30DF               	movlw	223
  1234     00B0  00B5               	movwf	??_main
  1235     00B1                     u3217:
  1236     00B1  0BB5               	decfsz	??_main,f
  1237     00B2  28B1               	goto	u3217
  1238     00B3  0BB6               	decfsz	??_main+1,f
  1239     00B4  28B1               	goto	u3217
  1240     00B5  0BB7               	decfsz	??_main+2,f
  1241     00B6  28B1               	goto	u3217
  1242     00B7                     l3037:
  1243     00B7  3001               	movlw	1
  1244     00B8  120A  158A  2393  120A  118A  	fcall	_LCD_Cmd
  1245     00BD                     l3039:
  1246     00BD  300D               	movlw	13
  1247     00BE  1283               	bcf	3,5	;RP0=0, select bank0
  1248     00BF  1303               	bcf	3,6	;RP1=0, select bank0
  1249     00C0  00B6               	movwf	??_main+1
  1250     00C1  30FB               	movlw	251
  1251     00C2  00B5               	movwf	??_main
  1252     00C3                     u3227:
  1253     00C3  0BB5               	decfsz	??_main,f
  1254     00C4  28C3               	goto	u3227
  1255     00C5  0BB6               	decfsz	??_main+1,f
  1256     00C6  28C3               	goto	u3227
  1257     00C7                     l3041:
  1258                           
  1259                           ;main.c: 417:         if (take_sample_flag) {
  1260     00C7  1283               	bcf	3,5	;RP0=0, select bank0
  1261     00C8  1303               	bcf	3,6	;RP1=0, select bank0
  1262     00C9  0850               	movf	_take_sample_flag,w	;volatile
  1263     00CA  1903               	btfsc	3,2
  1264     00CB  28CD               	goto	u3141
  1265     00CC  28CE               	goto	u3140
  1266     00CD                     u3141:
  1267     00CD  28C7               	goto	l3041
  1268     00CE                     u3140:
  1269     00CE                     l3043:
  1270                           
  1271                           ;main.c: 418:             take_sample_flag = 0;
  1272     00CE  01D0               	clrf	_take_sample_flag	;volatile
  1273     00CF                     l3045:
  1274                           
  1275                           ;main.c: 421:             DS3231_ReadTime();
  1276     00CF  120A  118A  253A  120A  118A  	fcall	_DS3231_ReadTime
  1277     00D4                     l3047:
  1278                           
  1279                           ;main.c: 424:             lm35_raw = ADC_Read(1);
  1280     00D4  3001               	movlw	1
  1281     00D5  120A  158A  24E3  120A  118A  	fcall	_ADC_Read
  1282     00DA  0873               	movf	?_ADC_Read+1,w
  1283     00DB  1283               	bcf	3,5	;RP0=0, select bank0
  1284     00DC  1303               	bcf	3,6	;RP1=0, select bank0
  1285     00DD  00BA               	movwf	main@lm35_raw+1
  1286     00DE  0872               	movf	?_ADC_Read,w
  1287     00DF  00B9               	movwf	main@lm35_raw
  1288     00E0                     l3049:
  1289                           
  1290                           ;main.c: 425:             ldr_raw = ADC_Read(2);
  1291     00E0  3002               	movlw	2
  1292     00E1  120A  158A  24E3  120A  118A  	fcall	_ADC_Read
  1293     00E6  0873               	movf	?_ADC_Read+1,w
  1294     00E7  1283               	bcf	3,5	;RP0=0, select bank0
  1295     00E8  1303               	bcf	3,6	;RP1=0, select bank0
  1296     00E9  00BC               	movwf	main@ldr_raw+1
  1297     00EA  0872               	movf	?_ADC_Read,w
  1298     00EB  00BB               	movwf	main@ldr_raw
  1299     00EC                     l3051:
  1300                           
  1301                           ;main.c: 426:             lm35_x10 = (unsigned int)(((unsigned long)lm35_raw * 5000UL) /
      +                           1024UL);
  1302     00EC  0839               	movf	main@lm35_raw,w
  1303     00ED  00F2               	movwf	___lmul@multiplier
  1304     00EE  083A               	movf	main@lm35_raw+1,w
  1305     00EF  00F3               	movwf	___lmul@multiplier+1
  1306     00F0  01F4               	clrf	___lmul@multiplier+2
  1307     00F1  01F5               	clrf	___lmul@multiplier+3
  1308     00F2  3000               	movlw	0
  1309     00F3  00F9               	movwf	___lmul@multiplicand+3
  1310     00F4  3000               	movlw	0
  1311     00F5  00F8               	movwf	___lmul@multiplicand+2
  1312     00F6  3013               	movlw	19
  1313     00F7  00F7               	movwf	___lmul@multiplicand+1
  1314     00F8  3088               	movlw	136
  1315     00F9  00F6               	movwf	___lmul@multiplicand
  1316     00FA  120A  158A  275E  120A  118A  	fcall	___lmul
  1317     00FF  0872               	movf	?___lmul,w
  1318     0100  1283               	bcf	3,5	;RP0=0, select bank0
  1319     0101  1303               	bcf	3,6	;RP1=0, select bank0
  1320     0102  00B5               	movwf	??_main
  1321     0103  0873               	movf	?___lmul+1,w
  1322     0104  00B6               	movwf	??_main+1
  1323     0105  0874               	movf	?___lmul+2,w
  1324     0106  00B7               	movwf	??_main+2
  1325     0107  0875               	movf	?___lmul+3,w
  1326     0108  00B8               	movwf	??_main+3
  1327     0109  300A               	movlw	10
  1328     010A                     u3155:
  1329     010A  1003               	clrc
  1330     010B  0CB8               	rrf	??_main+3,f
  1331     010C  0CB7               	rrf	??_main+2,f
  1332     010D  0CB6               	rrf	??_main+1,f
  1333     010E  0CB5               	rrf	??_main,f
  1334     010F                     u3150:
  1335     010F  3EFF               	addlw	-1
  1336     0110  1D03               	skipz
  1337     0111  290A               	goto	u3155
  1338     0112  0836               	movf	??_main+1,w
  1339     0113  00C5               	movwf	main@lm35_x10+1
  1340     0114  0835               	movf	??_main,w
  1341     0115  00C4               	movwf	main@lm35_x10
  1342     0116                     l3053:
  1343                           
  1344                           ;main.c: 427:             ldr_pct = (unsigned int)(((unsigned long)ldr_raw * 100UL) / 10
      +                          23UL);
  1345     0116  3000               	movlw	0
  1346     0117  00A7               	movwf	___lldiv@divisor+3
  1347     0118  3000               	movlw	0
  1348     0119  00A6               	movwf	___lldiv@divisor+2
  1349     011A  3003               	movlw	3
  1350     011B  00A5               	movwf	___lldiv@divisor+1
  1351     011C  30FF               	movlw	255
  1352     011D  00A4               	movwf	___lldiv@divisor
  1353     011E  083B               	movf	main@ldr_raw,w
  1354     011F  00F2               	movwf	___lmul@multiplier
  1355     0120  083C               	movf	main@ldr_raw+1,w
  1356     0121  00F3               	movwf	___lmul@multiplier+1
  1357     0122  01F4               	clrf	___lmul@multiplier+2
  1358     0123  01F5               	clrf	___lmul@multiplier+3
  1359     0124  3000               	movlw	0
  1360     0125  00F9               	movwf	___lmul@multiplicand+3
  1361     0126  3000               	movlw	0
  1362     0127  00F8               	movwf	___lmul@multiplicand+2
  1363     0128  3000               	movlw	0
  1364     0129  00F7               	movwf	___lmul@multiplicand+1
  1365     012A  3064               	movlw	100
  1366     012B  00F6               	movwf	___lmul@multiplicand
  1367     012C  120A  158A  275E  120A  118A  	fcall	___lmul
  1368     0131  0875               	movf	?___lmul+3,w
  1369     0132  1283               	bcf	3,5	;RP0=0, select bank0
  1370     0133  1303               	bcf	3,6	;RP1=0, select bank0
  1371     0134  00AB               	movwf	___lldiv@dividend+3
  1372     0135  0874               	movf	?___lmul+2,w
  1373     0136  00AA               	movwf	___lldiv@dividend+2
  1374     0137  0873               	movf	?___lmul+1,w
  1375     0138  00A9               	movwf	___lldiv@dividend+1
  1376     0139  0872               	movf	?___lmul,w
  1377     013A  00A8               	movwf	___lldiv@dividend
  1378     013B  120A  118A  2620  120A  118A  	fcall	___lldiv
  1379     0140  1283               	bcf	3,5	;RP0=0, select bank0
  1380     0141  1303               	bcf	3,6	;RP1=0, select bank0
  1381     0142  0825               	movf	?___lldiv+1,w
  1382     0143  00C7               	movwf	main@ldr_pct+1
  1383     0144  0824               	movf	?___lldiv,w
  1384     0145  00C6               	movwf	main@ldr_pct
  1385     0146                     l3055:
  1386                           
  1387                           ;main.c: 428:             if (ldr_pct > 100) ldr_pct = 100;
  1388     0146  3000               	movlw	0
  1389     0147  0247               	subwf	main@ldr_pct+1,w
  1390     0148  3065               	movlw	101
  1391     0149  1903               	skipnz
  1392     014A  0246               	subwf	main@ldr_pct,w
  1393     014B  1C03               	skipc
  1394     014C  294E               	goto	u3161
  1395     014D  294F               	goto	u3160
  1396     014E                     u3161:
  1397     014E  2953               	goto	l3059
  1398     014F                     u3160:
  1399     014F                     l3057:
  1400     014F  3064               	movlw	100
  1401     0150  00C6               	movwf	main@ldr_pct
  1402     0151  3000               	movlw	0
  1403     0152  00C7               	movwf	main@ldr_pct+1
  1404     0153                     l3059:
  1405                           
  1406                           ;main.c: 431:             GIE = 0;
  1407     0153  138B               	bcf	11,7	;volatile
  1408     0154                     l3061:
  1409                           
  1410                           ;main.c: 432:             unsigned char dht_err = DHT22_Read(&dht_temp_x10, &dht_hum_x10
      +                          );
  1411     0154  303D               	movlw	(low (main@dht_temp_x10| 0))& (0+255)
  1412     0155  00F2               	movwf	DHT22_Read@temp_x10
  1413     0156  3042               	movlw	(low (main@dht_hum_x10| 0))& (0+255)
  1414     0157  00F3               	movwf	DHT22_Read@hum_x10
  1415     0158  120A  118A  22FD  120A  118A  	fcall	_DHT22_Read
  1416     015D  1283               	bcf	3,5	;RP0=0, select bank0
  1417     015E  1303               	bcf	3,6	;RP1=0, select bank0
  1418     015F  00BF               	movwf	main@dht_err
  1419     0160                     l3063:
  1420                           
  1421                           ;main.c: 433:             GIE = 1;
  1422     0160  178B               	bsf	11,7	;volatile
  1423     0161                     l3065:
  1424                           
  1425                           ;main.c: 435:             if (dht_err) {
  1426     0161  083F               	movf	main@dht_err,w
  1427     0162  1903               	btfsc	3,2
  1428     0163  2965               	goto	u3171
  1429     0164  2966               	goto	u3170
  1430     0165                     u3171:
  1431     0165  2968               	goto	l3069
  1432     0166                     u3170:
  1433     0166                     l3067:
  1434                           
  1435                           ;main.c: 436:                 hum_pct = 0;
  1436     0166  01C8               	clrf	main@hum_pct
  1437                           
  1438                           ;main.c: 437:             } else {
  1439     0167  2981               	goto	l3075
  1440     0168                     l3069:
  1441                           
  1442                           ;main.c: 438:                 hum_pct = (unsigned char)(dht_hum_x10 / 10);
  1443     0168  300A               	movlw	10
  1444     0169  00F2               	movwf	___lwdiv@divisor
  1445     016A  3000               	movlw	0
  1446     016B  00F3               	movwf	___lwdiv@divisor+1
  1447     016C  0843               	movf	main@dht_hum_x10+1,w
  1448     016D  00F5               	movwf	___lwdiv@dividend+1
  1449     016E  0842               	movf	main@dht_hum_x10,w
  1450     016F  00F4               	movwf	___lwdiv@dividend
  1451     0170  120A  158A  263E  120A  118A  	fcall	___lwdiv
  1452     0175  0872               	movf	?___lwdiv,w
  1453     0176  1283               	bcf	3,5	;RP0=0, select bank0
  1454     0177  1303               	bcf	3,6	;RP1=0, select bank0
  1455     0178  00C8               	movwf	main@hum_pct
  1456     0179                     l3071:
  1457                           
  1458                           ;main.c: 439:                 if (hum_pct > 100) hum_pct = 100;
  1459     0179  3065               	movlw	101
  1460     017A  0248               	subwf	main@hum_pct,w
  1461     017B  1C03               	skipc
  1462     017C  297E               	goto	u3181
  1463     017D  297F               	goto	u3180
  1464     017E                     u3181:
  1465     017E  2981               	goto	l3075
  1466     017F                     u3180:
  1467     017F                     l3073:
  1468     017F  3064               	movlw	100
  1469     0180  00C8               	movwf	main@hum_pct
  1470     0181                     l3075:
  1471                           
  1472                           ;main.c: 443:             PORTBbits.RB6 = (unsigned char)((lm35_x10 > 300) ? 1 : 0);
  1473     0181  3001               	movlw	1
  1474     0182  0245               	subwf	main@lm35_x10+1,w
  1475     0183  302D               	movlw	45
  1476     0184  1903               	skipnz
  1477     0185  0244               	subwf	main@lm35_x10,w
  1478     0186  1803               	skipnc
  1479     0187  2989               	goto	u3191
  1480     0188  298D               	goto	u3190
  1481     0189                     u3191:
  1482     0189  1283               	bcf	3,5	;RP0=0, select bank0
  1483     018A  1303               	bcf	3,6	;RP1=0, select bank0
  1484     018B  1706               	bsf	6,6	;volatile
  1485     018C  2990               	goto	u3204
  1486     018D                     u3190:
  1487     018D  1283               	bcf	3,5	;RP0=0, select bank0
  1488     018E  1303               	bcf	3,6	;RP1=0, select bank0
  1489     018F  1306               	bcf	6,6	;volatile
  1490     0190                     u3204:
  1491     0190                     l3077:
  1492                           
  1493                           ;main.c: 446:             LCD_Goto(0, 0);
  1494     0190  01A5               	clrf	LCD_Goto@col
  1495     0191  3000               	movlw	0
  1496     0192  120A  158A  23BD  120A  118A  	fcall	_LCD_Goto
  1497     0197                     l3079:
  1498                           
  1499                           ;main.c: 447:             LCD_Num2(rtc_hr); LCD_Data(':'); LCD_Num2(rtc_min); LCD_Data('
      +                          :'); LCD_Num2(rtc_sec); LCD_Data(' ');
  1500     0197  1283               	bcf	3,5	;RP0=0, select bank0
  1501     0198  1303               	bcf	3,6	;RP1=0, select bank0
  1502     0199  0855               	movf	_rtc_hr,w
  1503     019A  120A  158A  25C6  120A  118A  	fcall	_LCD_Num2
  1504     019F                     l3081:
  1505     019F  303A               	movlw	58
  1506     01A0  120A  158A  2340  120A  118A  	fcall	_LCD_Data
  1507     01A5                     l3083:
  1508     01A5  1283               	bcf	3,5	;RP0=0, select bank0
  1509     01A6  1303               	bcf	3,6	;RP1=0, select bank0
  1510     01A7  0856               	movf	_rtc_min,w
  1511     01A8  120A  158A  25C6  120A  118A  	fcall	_LCD_Num2
  1512     01AD                     l3085:
  1513     01AD  303A               	movlw	58
  1514     01AE  120A  158A  2340  120A  118A  	fcall	_LCD_Data
  1515     01B3                     l3087:
  1516     01B3  1283               	bcf	3,5	;RP0=0, select bank0
  1517     01B4  1303               	bcf	3,6	;RP1=0, select bank0
  1518     01B5  0851               	movf	_rtc_sec,w
  1519     01B6  120A  158A  25C6  120A  118A  	fcall	_LCD_Num2
  1520     01BB                     l3089:
  1521     01BB  3020               	movlw	32
  1522     01BC  120A  158A  2340  120A  118A  	fcall	_LCD_Data
  1523     01C1                     l3091:
  1524                           
  1525                           ;main.c: 448:             LCD_Data('T'); LCD_Data(':'); LCD_NumFrac(lm35_x10, 10); LCD_D
      +                          ata('C'); LCD_Print("  ");
  1526     01C1  3054               	movlw	84
  1527     01C2  120A  158A  2340  120A  118A  	fcall	_LCD_Data
  1528     01C7                     l3093:
  1529     01C7  303A               	movlw	58
  1530     01C8  120A  158A  2340  120A  118A  	fcall	_LCD_Data
  1531     01CD                     l3095:
  1532     01CD  1283               	bcf	3,5	;RP0=0, select bank0
  1533     01CE  1303               	bcf	3,6	;RP1=0, select bank0
  1534     01CF  0845               	movf	main@lm35_x10+1,w
  1535     01D0  00AD               	movwf	LCD_NumFrac@n+1
  1536     01D1  0844               	movf	main@lm35_x10,w
  1537     01D2  00AC               	movwf	LCD_NumFrac@n
  1538     01D3  300A               	movlw	10
  1539     01D4  00AE               	movwf	LCD_NumFrac@den
  1540     01D5  120A  158A  2680  120A  118A  	fcall	_LCD_NumFrac
  1541     01DA                     l3097:
  1542     01DA  3043               	movlw	67
  1543     01DB  120A  158A  2340  120A  118A  	fcall	_LCD_Data
  1544     01E0                     l3099:
  1545     01E0  300F               	movlw	(low (((STR_1+14)-__stringbase)| (0+32768)))& (0+255)
  1546     01E1  00FA               	movwf	LCD_Print@s
  1547     01E2  120A  158A  23F1  120A  118A  	fcall	_LCD_Print
  1548     01E7                     l3101:
  1549                           
  1550                           ;main.c: 450:             LCD_Goto(1, 0);
  1551     01E7  1283               	bcf	3,5	;RP0=0, select bank0
  1552     01E8  1303               	bcf	3,6	;RP1=0, select bank0
  1553     01E9  01A5               	clrf	LCD_Goto@col
  1554     01EA  3001               	movlw	1
  1555     01EB  120A  158A  23BD  120A  118A  	fcall	_LCD_Goto
  1556     01F0                     l3103:
  1557                           
  1558                           ;main.c: 451:             LCD_Data('H'); LCD_Data(':'); LCD_Num(hum_pct); LCD_Data('%');
      +                           LCD_Print(" ");
  1559     01F0  3048               	movlw	72
  1560     01F1  120A  158A  2340  120A  118A  	fcall	_LCD_Data
  1561     01F6                     l3105:
  1562     01F6  303A               	movlw	58
  1563     01F7  120A  158A  2340  120A  118A  	fcall	_LCD_Data
  1564     01FC                     l3107:
  1565     01FC  1283               	bcf	3,5	;RP0=0, select bank0
  1566     01FD  1303               	bcf	3,6	;RP1=0, select bank0
  1567     01FE  0848               	movf	main@hum_pct,w
  1568     01FF  00B5               	movwf	??_main
  1569     0200  01B6               	clrf	??_main+1
  1570     0201  0835               	movf	??_main,w
  1571     0202  00A4               	movwf	LCD_Num@n
  1572     0203  0836               	movf	??_main+1,w
  1573     0204  00A5               	movwf	LCD_Num@n+1
  1574     0205  120A  158A  27AA  120A  118A  	fcall	_LCD_Num
  1575     020A                     l3109:
  1576     020A  3025               	movlw	37
  1577     020B  120A  158A  2340  120A  118A  	fcall	_LCD_Data
  1578     0210                     l3111:
  1579     0210  3010               	movlw	(low (((STR_1+15)-__stringbase)| (0+32768)))& (0+255)
  1580     0211  00FA               	movwf	LCD_Print@s
  1581     0212  120A  158A  23F1  120A  118A  	fcall	_LCD_Print
  1582     0217                     l3113:
  1583                           
  1584                           ;main.c: 452:             LCD_Data('L'); LCD_Data(':'); LCD_Num(ldr_pct); LCD_Data('%');
      +                           LCD_Print(" ");
  1585     0217  304C               	movlw	76
  1586     0218  120A  158A  2340  120A  118A  	fcall	_LCD_Data
  1587     021D                     l3115:
  1588     021D  303A               	movlw	58
  1589     021E  120A  158A  2340  120A  118A  	fcall	_LCD_Data
  1590     0223                     l3117:
  1591     0223  1283               	bcf	3,5	;RP0=0, select bank0
  1592     0224  1303               	bcf	3,6	;RP1=0, select bank0
  1593     0225  0847               	movf	main@ldr_pct+1,w
  1594     0226  00A5               	movwf	LCD_Num@n+1
  1595     0227  0846               	movf	main@ldr_pct,w
  1596     0228  00A4               	movwf	LCD_Num@n
  1597     0229  120A  158A  27AA  120A  118A  	fcall	_LCD_Num
  1598     022E                     l3119:
  1599     022E  3025               	movlw	37
  1600     022F  120A  158A  2340  120A  118A  	fcall	_LCD_Data
  1601     0234                     l3121:
  1602     0234  3010               	movlw	(low (((STR_1+15)-__stringbase)| (0+32768)))& (0+255)
  1603     0235  00FA               	movwf	LCD_Print@s
  1604     0236  120A  158A  23F1  120A  118A  	fcall	_LCD_Print
  1605     023B                     l3123:
  1606                           
  1607                           ;main.c: 453:             LCD_Data('A'); LCD_Data(':'); LCD_Num(PORTBbits.RB6); LCD_Prin
      +                          t("  ");
  1608     023B  3041               	movlw	65
  1609     023C  120A  158A  2340  120A  118A  	fcall	_LCD_Data
  1610     0241                     l3125:
  1611     0241  303A               	movlw	58
  1612     0242  120A  158A  2340  120A  118A  	fcall	_LCD_Data
  1613     0247                     l3127:
  1614     0247  1283               	bcf	3,5	;RP0=0, select bank0
  1615     0248  1303               	bcf	3,6	;RP1=0, select bank0
  1616     0249  0E06               	swapf	6,w	;volatile
  1617     024A  00B5               	movwf	??_main
  1618     024B  0CB5               	rrf	??_main,f
  1619     024C  0C35               	rrf	??_main,w
  1620     024D  3901               	andlw	1
  1621     024E  00B6               	movwf	??_main+1
  1622     024F  01B7               	clrf	??_main+2
  1623     0250  0836               	movf	??_main+1,w
  1624     0251  00A4               	movwf	LCD_Num@n
  1625     0252  0837               	movf	??_main+2,w
  1626     0253  00A5               	movwf	LCD_Num@n+1
  1627     0254  120A  158A  27AA  120A  118A  	fcall	_LCD_Num
  1628     0259                     l3129:
  1629     0259  300F               	movlw	(low (((STR_1+14)-__stringbase)| (0+32768)))& (0+255)
  1630     025A  00FA               	movwf	LCD_Print@s
  1631     025B  120A  158A  23F1  120A  118A  	fcall	_LCD_Print
  1632     0260                     l3131:
  1633                           
  1634                           ;main.c: 456:             UART_Num2(rtc_hr); UART_Write(':'); UART_Num2(rtc_min); UART_W
      +                          rite(':'); UART_Num2(rtc_sec); UART_Write(',');
  1635     0260  1283               	bcf	3,5	;RP0=0, select bank0
  1636     0261  1303               	bcf	3,6	;RP1=0, select bank0
  1637     0262  0855               	movf	_rtc_hr,w
  1638     0263  120A  158A  2602  120A  118A  	fcall	_UART_Num2
  1639     0268                     l3133:
  1640     0268  303A               	movlw	58
  1641     0269  120A  158A  234A  120A  118A  	fcall	_UART_Write
  1642     026E                     l3135:
  1643     026E  1283               	bcf	3,5	;RP0=0, select bank0
  1644     026F  1303               	bcf	3,6	;RP1=0, select bank0
  1645     0270  0856               	movf	_rtc_min,w
  1646     0271  120A  158A  2602  120A  118A  	fcall	_UART_Num2
  1647     0276                     l3137:
  1648     0276  303A               	movlw	58
  1649     0277  120A  158A  234A  120A  118A  	fcall	_UART_Write
  1650     027C                     l3139:
  1651     027C  1283               	bcf	3,5	;RP0=0, select bank0
  1652     027D  1303               	bcf	3,6	;RP1=0, select bank0
  1653     027E  0851               	movf	_rtc_sec,w
  1654     027F  120A  158A  2602  120A  118A  	fcall	_UART_Num2
  1655     0284                     l3141:
  1656     0284  302C               	movlw	44
  1657     0285  120A  158A  234A  120A  118A  	fcall	_UART_Write
  1658     028A                     l3143:
  1659                           
  1660                           ;main.c: 457:             UART_NumFrac(lm35_x10, 10); UART_Write(',');
  1661     028A  1283               	bcf	3,5	;RP0=0, select bank0
  1662     028B  1303               	bcf	3,6	;RP1=0, select bank0
  1663     028C  0845               	movf	main@lm35_x10+1,w
  1664     028D  00A9               	movwf	UART_NumFrac@n+1
  1665     028E  0844               	movf	main@lm35_x10,w
  1666     028F  00A8               	movwf	UART_NumFrac@n
  1667     0290  300A               	movlw	10
  1668     0291  00AA               	movwf	UART_NumFrac@den
  1669     0292  120A  158A  26C9  120A  118A  	fcall	_UART_NumFrac
  1670     0297                     l3145:
  1671     0297  302C               	movlw	44
  1672     0298  120A  158A  234A  120A  118A  	fcall	_UART_Write
  1673     029D                     l3147:
  1674                           
  1675                           ;main.c: 458:             UART_Num(hum_pct); UART_Write(','); UART_Num(ldr_pct); UART_Wr
      +                          ite(','); UART_Num(PORTBbits.RB6); UART_Print("\r\n");
  1676     029D  1283               	bcf	3,5	;RP0=0, select bank0
  1677     029E  1303               	bcf	3,6	;RP1=0, select bank0
  1678     029F  0848               	movf	main@hum_pct,w
  1679     02A0  00B5               	movwf	??_main
  1680     02A1  01B6               	clrf	??_main+1
  1681     02A2  0835               	movf	??_main,w
  1682     02A3  00A0               	movwf	UART_Num@n
  1683     02A4  0836               	movf	??_main+1,w
  1684     02A5  00A1               	movwf	UART_Num@n+1
  1685     02A6  120A  118A  27A6  120A  118A  	fcall	_UART_Num
  1686     02AB                     l3149:
  1687     02AB  302C               	movlw	44
  1688     02AC  120A  158A  234A  120A  118A  	fcall	_UART_Write
  1689     02B1                     l3151:
  1690     02B1  1283               	bcf	3,5	;RP0=0, select bank0
  1691     02B2  1303               	bcf	3,6	;RP1=0, select bank0
  1692     02B3  0847               	movf	main@ldr_pct+1,w
  1693     02B4  00A1               	movwf	UART_Num@n+1
  1694     02B5  0846               	movf	main@ldr_pct,w
  1695     02B6  00A0               	movwf	UART_Num@n
  1696     02B7  120A  118A  27A6  120A  118A  	fcall	_UART_Num
  1697     02BC                     l3153:
  1698     02BC  302C               	movlw	44
  1699     02BD  120A  158A  234A  120A  118A  	fcall	_UART_Write
  1700     02C2                     l3155:
  1701     02C2  1283               	bcf	3,5	;RP0=0, select bank0
  1702     02C3  1303               	bcf	3,6	;RP1=0, select bank0
  1703     02C4  0E06               	swapf	6,w	;volatile
  1704     02C5  00B5               	movwf	??_main
  1705     02C6  0CB5               	rrf	??_main,f
  1706     02C7  0C35               	rrf	??_main,w
  1707     02C8  3901               	andlw	1
  1708     02C9  00B6               	movwf	??_main+1
  1709     02CA  01B7               	clrf	??_main+2
  1710     02CB  0836               	movf	??_main+1,w
  1711     02CC  00A0               	movwf	UART_Num@n
  1712     02CD  0837               	movf	??_main+2,w
  1713     02CE  00A1               	movwf	UART_Num@n+1
  1714     02CF  120A  118A  27A6  120A  118A  	fcall	_UART_Num
  1715     02D4                     l3157:
  1716     02D4  3023               	movlw	(low ((STR_7-__stringbase)| (0+32768)))& (0+255)
  1717     02D5  00F3               	movwf	UART_Print@s
  1718     02D6  120A  158A  240D  120A  118A  	fcall	_UART_Print
  1719     02DB                     l3159:
  1720                           
  1721                           ;main.c: 461:             SRAM_SaveSample(rtc_hr, rtc_min, rtc_sec,
  1722     02DB  1283               	bcf	3,5	;RP0=0, select bank0
  1723     02DC  1303               	bcf	3,6	;RP1=0, select bank0
  1724     02DD  0856               	movf	_rtc_min,w
  1725     02DE  00A0               	movwf	SRAM_SaveSample@min
  1726     02DF  0851               	movf	_rtc_sec,w
  1727     02E0  00A1               	movwf	SRAM_SaveSample@sec
  1728     02E1  0854               	movf	_rtc_date,w
  1729     02E2  00A2               	movwf	SRAM_SaveSample@date
  1730     02E3  0853               	movf	_rtc_mon,w
  1731     02E4  00A3               	movwf	SRAM_SaveSample@mon
  1732     02E5  0852               	movf	_rtc_yr,w
  1733     02E6  00A4               	movwf	SRAM_SaveSample@yr
  1734     02E7  0845               	movf	main@lm35_x10+1,w
  1735     02E8  00A6               	movwf	SRAM_SaveSample@temp_x10+1
  1736     02E9  0844               	movf	main@lm35_x10,w
  1737     02EA  00A5               	movwf	SRAM_SaveSample@temp_x10
  1738     02EB  0848               	movf	main@hum_pct,w
  1739     02EC  00A7               	movwf	SRAM_SaveSample@hum
  1740     02ED  0846               	movf	main@ldr_pct,w
  1741     02EE  00A8               	movwf	SRAM_SaveSample@light
  1742     02EF  3000               	movlw	0
  1743     02F0  1B06               	btfsc	6,6	;volatile
  1744     02F1  3001               	movlw	1
  1745     02F2  00A9               	movwf	SRAM_SaveSample@alert
  1746     02F3  0855               	movf	_rtc_hr,w
  1747     02F4  120A  118A  2436  120A  118A  	fcall	_SRAM_SaveSample
  1748     02F9  28C7               	goto	l3041
  1749     02FA  120A  118A  280C   	ljmp	start
  1750     02FD                     __end_of_main:
  1751                           
  1752                           	psect	text1
  1753     0F5E                     __ptext1:	
  1754 ;; *************** function ___lmul *****************
  1755 ;; Defined at:
  1756 ;;		line 15 in file "C:\Program Files\Microchip\xc8\v3.10\pic\sources\c99\common\Umul32.c"
  1757 ;; Parameters:    Size  Location     Type
  1758 ;;  multiplier      4    2[COMMON] unsigned long 
  1759 ;;  multiplicand    4    6[COMMON] unsigned long 
  1760 ;; Auto vars:     Size  Location     Type
  1761 ;;  product         4    0[BANK0 ] unsigned long 
  1762 ;; Return value:  Size  Location     Type
  1763 ;;                  4    2[COMMON] unsigned long 
  1764 ;; Registers used:
  1765 ;;		wreg, status,2, status,0
  1766 ;; Tracked objects:
  1767 ;;		On entry : 0/0
  1768 ;;		On exit  : 0/0
  1769 ;;		Unchanged: 0/0
  1770 ;; Data sizes:     COMMON   BANK0   BANK1   BANK3   BANK2
  1771 ;;      Params:         8       0       0       0       0
  1772 ;;      Locals:         0       4       0       0       0
  1773 ;;      Temps:          1       0       0       0       0
  1774 ;;      Totals:         9       4       0       0       0
  1775 ;;Total ram usage:       13 bytes
  1776 ;; Hardware stack levels used: 1
  1777 ;; Hardware stack levels required when called: 1
  1778 ;; This function calls:
  1779 ;;		Nothing
  1780 ;; This function is called by:
  1781 ;;		_main
  1782 ;; This function uses a non-reentrant model
  1783 ;;
  1784                           
  1785     0F5E                     ___lmul:	
  1786                           ;psect for function ___lmul
  1787                           
  1788     0F5E                     l2275:	
  1789                           ;incstack = 0
  1790                           ; Regs used in ___lmul: [wreg+status,2+status,0]
  1791                           
  1792     0F5E  3000               	movlw	0
  1793     0F5F  1283               	bcf	3,5	;RP0=0, select bank0
  1794     0F60  1303               	bcf	3,6	;RP1=0, select bank0
  1795     0F61  00A3               	movwf	___lmul@product+3
  1796     0F62  3000               	movlw	0
  1797     0F63  00A2               	movwf	___lmul@product+2
  1798     0F64  3000               	movlw	0
  1799     0F65  00A1               	movwf	___lmul@product+1
  1800     0F66  3000               	movlw	0
  1801     0F67  00A0               	movwf	___lmul@product
  1802     0F68                     l2277:
  1803     0F68  1C72               	btfss	___lmul@multiplier,0
  1804     0F69  2F6B               	goto	u2121
  1805     0F6A  2F6C               	goto	u2120
  1806     0F6B                     u2121:
  1807     0F6B  2F85               	goto	l2281
  1808     0F6C                     u2120:
  1809     0F6C                     l2279:
  1810     0F6C  0876               	movf	___lmul@multiplicand,w
  1811     0F6D  1283               	bcf	3,5	;RP0=0, select bank0
  1812     0F6E  1303               	bcf	3,6	;RP1=0, select bank0
  1813     0F6F  07A0               	addwf	___lmul@product,f
  1814     0F70  0877               	movf	___lmul@multiplicand+1,w
  1815     0F71  1103               	clrz
  1816     0F72  1803               	skipnc
  1817     0F73  3E01               	addlw	1
  1818     0F74  1903               	skipnz
  1819     0F75  2F77               	goto	u2131
  1820     0F76  07A1               	addwf	___lmul@product+1,f
  1821     0F77                     u2131:
  1822     0F77  0878               	movf	___lmul@multiplicand+2,w
  1823     0F78  1103               	clrz
  1824     0F79  1803               	skipnc
  1825     0F7A  3E01               	addlw	1
  1826     0F7B  1903               	skipnz
  1827     0F7C  2F7E               	goto	u2132
  1828     0F7D  07A2               	addwf	___lmul@product+2,f
  1829     0F7E                     u2132:
  1830     0F7E  0879               	movf	___lmul@multiplicand+3,w
  1831     0F7F  1103               	clrz
  1832     0F80  1803               	skipnc
  1833     0F81  3E01               	addlw	1
  1834     0F82  1903               	skipnz
  1835     0F83  2F85               	goto	u2133
  1836     0F84  07A3               	addwf	___lmul@product+3,f
  1837     0F85                     u2133:
  1838     0F85                     l2281:
  1839     0F85  3001               	movlw	1
  1840     0F86  00FA               	movwf	??___lmul
  1841     0F87                     u2145:
  1842     0F87  1003               	clrc
  1843     0F88  0DF6               	rlf	___lmul@multiplicand,f
  1844     0F89  0DF7               	rlf	___lmul@multiplicand+1,f
  1845     0F8A  0DF8               	rlf	___lmul@multiplicand+2,f
  1846     0F8B  0DF9               	rlf	___lmul@multiplicand+3,f
  1847     0F8C  0BFA               	decfsz	??___lmul,f
  1848     0F8D  2F87               	goto	u2145
  1849     0F8E                     l2283:
  1850     0F8E  3001               	movlw	1
  1851     0F8F                     u2155:
  1852     0F8F  1003               	clrc
  1853     0F90  0CF5               	rrf	___lmul@multiplier+3,f
  1854     0F91  0CF4               	rrf	___lmul@multiplier+2,f
  1855     0F92  0CF3               	rrf	___lmul@multiplier+1,f
  1856     0F93  0CF2               	rrf	___lmul@multiplier,f
  1857     0F94  3EFF               	addlw	-1
  1858     0F95  1D03               	skipz
  1859     0F96  2F8F               	goto	u2155
  1860     0F97  0875               	movf	___lmul@multiplier+3,w
  1861     0F98  0474               	iorwf	___lmul@multiplier+2,w
  1862     0F99  0473               	iorwf	___lmul@multiplier+1,w
  1863     0F9A  0472               	iorwf	___lmul@multiplier,w
  1864     0F9B  1D03               	skipz
  1865     0F9C  2F9E               	goto	u2161
  1866     0F9D  2F9F               	goto	u2160
  1867     0F9E                     u2161:
  1868     0F9E  2F68               	goto	l2277
  1869     0F9F                     u2160:
  1870     0F9F                     l2285:
  1871     0F9F  1283               	bcf	3,5	;RP0=0, select bank0
  1872     0FA0  1303               	bcf	3,6	;RP1=0, select bank0
  1873     0FA1  0823               	movf	___lmul@product+3,w
  1874     0FA2  00F5               	movwf	?___lmul+3
  1875     0FA3  0822               	movf	___lmul@product+2,w
  1876     0FA4  00F4               	movwf	?___lmul+2
  1877     0FA5  0821               	movf	___lmul@product+1,w
  1878     0FA6  00F3               	movwf	?___lmul+1
  1879     0FA7  0820               	movf	___lmul@product,w
  1880     0FA8  00F2               	movwf	?___lmul
  1881     0FA9                     l447:
  1882     0FA9  0008               	return
  1883     0FAA                     __end_of___lmul:
  1884                           
  1885                           	psect	text2
  1886     0620                     __ptext2:	
  1887 ;; *************** function ___lldiv *****************
  1888 ;; Defined at:
  1889 ;;		line 5 in file "C:\Program Files\Microchip\xc8\v3.10\pic\sources\c99\common\__lldiv.c"
  1890 ;; Parameters:    Size  Location     Type
  1891 ;;  divisor         4    4[BANK0 ] unsigned long 
  1892 ;;  dividend        4    8[BANK0 ] unsigned long 
  1893 ;; Auto vars:     Size  Location     Type
  1894 ;;  quotient        4   13[BANK0 ] unsigned long 
  1895 ;;  counter         1   17[BANK0 ] unsigned char 
  1896 ;; Return value:  Size  Location     Type
  1897 ;;                  4    4[BANK0 ] unsigned long 
  1898 ;; Registers used:
  1899 ;;		wreg, status,2, status,0
  1900 ;; Tracked objects:
  1901 ;;		On entry : 0/0
  1902 ;;		On exit  : 0/0
  1903 ;;		Unchanged: 0/0
  1904 ;; Data sizes:     COMMON   BANK0   BANK1   BANK3   BANK2
  1905 ;;      Params:         0       8       0       0       0
  1906 ;;      Locals:         0       5       0       0       0
  1907 ;;      Temps:          0       1       0       0       0
  1908 ;;      Totals:         0      14       0       0       0
  1909 ;;Total ram usage:       14 bytes
  1910 ;; Hardware stack levels used: 1
  1911 ;; Hardware stack levels required when called: 1
  1912 ;; This function calls:
  1913 ;;		Nothing
  1914 ;; This function is called by:
  1915 ;;		_main
  1916 ;; This function uses a non-reentrant model
  1917 ;;
  1918                           
  1919     0620                     ___lldiv:	
  1920                           ;psect for function ___lldiv
  1921                           
  1922     0620                     l2939:	
  1923                           ;incstack = 0
  1924                           ; Regs used in ___lldiv: [wreg+status,2+status,0]
  1925                           
  1926     0620  3000               	movlw	0
  1927     0621  1283               	bcf	3,5	;RP0=0, select bank0
  1928     0622  1303               	bcf	3,6	;RP1=0, select bank0
  1929     0623  00B0               	movwf	___lldiv@quotient+3
  1930     0624  3000               	movlw	0
  1931     0625  00AF               	movwf	___lldiv@quotient+2
  1932     0626  3000               	movlw	0
  1933     0627  00AE               	movwf	___lldiv@quotient+1
  1934     0628  3000               	movlw	0
  1935     0629  00AD               	movwf	___lldiv@quotient
  1936     062A  0827               	movf	___lldiv@divisor+3,w
  1937     062B  0426               	iorwf	___lldiv@divisor+2,w
  1938     062C  0425               	iorwf	___lldiv@divisor+1,w
  1939     062D  0424               	iorwf	___lldiv@divisor,w
  1940     062E  1903               	skipnz
  1941     062F  2E31               	goto	u3031
  1942     0630  2E32               	goto	u3030
  1943     0631                     u3031:
  1944     0631  2E7D               	goto	l2959
  1945     0632                     u3030:
  1946     0632                     l2941:
  1947     0632  3001               	movlw	1
  1948     0633  00B1               	movwf	___lldiv@counter
  1949     0634  2E40               	goto	l2945
  1950     0635                     l2943:
  1951     0635  3001               	movlw	1
  1952     0636  00AC               	movwf	??___lldiv
  1953     0637                     u3045:
  1954     0637  1003               	clrc
  1955     0638  0DA4               	rlf	___lldiv@divisor,f
  1956     0639  0DA5               	rlf	___lldiv@divisor+1,f
  1957     063A  0DA6               	rlf	___lldiv@divisor+2,f
  1958     063B  0DA7               	rlf	___lldiv@divisor+3,f
  1959     063C  0BAC               	decfsz	??___lldiv,f
  1960     063D  2E37               	goto	u3045
  1961     063E  3001               	movlw	1
  1962     063F  07B1               	addwf	___lldiv@counter,f
  1963     0640                     l2945:
  1964     0640  1FA7               	btfss	___lldiv@divisor+3,7
  1965     0641  2E43               	goto	u3051
  1966     0642  2E44               	goto	u3050
  1967     0643                     u3051:
  1968     0643  2E35               	goto	l2943
  1969     0644                     u3050:
  1970     0644                     l2947:
  1971     0644  3001               	movlw	1
  1972     0645  00AC               	movwf	??___lldiv
  1973     0646                     u3065:
  1974     0646  1003               	clrc
  1975     0647  0DAD               	rlf	___lldiv@quotient,f
  1976     0648  0DAE               	rlf	___lldiv@quotient+1,f
  1977     0649  0DAF               	rlf	___lldiv@quotient+2,f
  1978     064A  0DB0               	rlf	___lldiv@quotient+3,f
  1979     064B  0BAC               	decfsz	??___lldiv,f
  1980     064C  2E46               	goto	u3065
  1981     064D                     l2949:
  1982     064D  0827               	movf	___lldiv@divisor+3,w
  1983     064E  022B               	subwf	___lldiv@dividend+3,w
  1984     064F  1D03               	skipz
  1985     0650  2E5B               	goto	u3075
  1986     0651  0826               	movf	___lldiv@divisor+2,w
  1987     0652  022A               	subwf	___lldiv@dividend+2,w
  1988     0653  1D03               	skipz
  1989     0654  2E5B               	goto	u3075
  1990     0655  0825               	movf	___lldiv@divisor+1,w
  1991     0656  0229               	subwf	___lldiv@dividend+1,w
  1992     0657  1D03               	skipz
  1993     0658  2E5B               	goto	u3075
  1994     0659  0824               	movf	___lldiv@divisor,w
  1995     065A  0228               	subwf	___lldiv@dividend,w
  1996     065B                     u3075:
  1997     065B  1C03               	skipc
  1998     065C  2E5E               	goto	u3071
  1999     065D  2E5F               	goto	u3070
  2000     065E                     u3071:
  2001     065E  2E6E               	goto	l2955
  2002     065F                     u3070:
  2003     065F                     l2951:
  2004     065F  0824               	movf	___lldiv@divisor,w
  2005     0660  02A8               	subwf	___lldiv@dividend,f
  2006     0661  0825               	movf	___lldiv@divisor+1,w
  2007     0662  1C03               	skipc
  2008     0663  0F25               	incfsz	___lldiv@divisor+1,w
  2009     0664  02A9               	subwf	___lldiv@dividend+1,f
  2010     0665  0826               	movf	___lldiv@divisor+2,w
  2011     0666  1C03               	skipc
  2012     0667  0F26               	incfsz	___lldiv@divisor+2,w
  2013     0668  02AA               	subwf	___lldiv@dividend+2,f
  2014     0669  0827               	movf	___lldiv@divisor+3,w
  2015     066A  1C03               	skipc
  2016     066B  0F27               	incfsz	___lldiv@divisor+3,w
  2017     066C  02AB               	subwf	___lldiv@dividend+3,f
  2018     066D                     l2953:
  2019     066D  142D               	bsf	___lldiv@quotient,0
  2020     066E                     l2955:
  2021     066E  3001               	movlw	1
  2022     066F                     u3085:
  2023     066F  1003               	clrc
  2024     0670  0CA7               	rrf	___lldiv@divisor+3,f
  2025     0671  0CA6               	rrf	___lldiv@divisor+2,f
  2026     0672  0CA5               	rrf	___lldiv@divisor+1,f
  2027     0673  0CA4               	rrf	___lldiv@divisor,f
  2028     0674  3EFF               	addlw	-1
  2029     0675  1D03               	skipz
  2030     0676  2E6F               	goto	u3085
  2031     0677                     l2957:
  2032     0677  3001               	movlw	1
  2033     0678  02B1               	subwf	___lldiv@counter,f
  2034     0679  1D03               	btfss	3,2
  2035     067A  2E7C               	goto	u3091
  2036     067B  2E7D               	goto	u3090
  2037     067C                     u3091:
  2038     067C  2E44               	goto	l2947
  2039     067D                     u3090:
  2040     067D                     l2959:
  2041     067D  0830               	movf	___lldiv@quotient+3,w
  2042     067E  00A7               	movwf	?___lldiv+3
  2043     067F  082F               	movf	___lldiv@quotient+2,w
  2044     0680  00A6               	movwf	?___lldiv+2
  2045     0681  082E               	movf	___lldiv@quotient+1,w
  2046     0682  00A5               	movwf	?___lldiv+1
  2047     0683  082D               	movf	___lldiv@quotient,w
  2048     0684  00A4               	movwf	?___lldiv
  2049     0685                     l469:
  2050     0685  0008               	return
  2051     0686                     __end_of___lldiv:
  2052                           
  2053                           	psect	text3
  2054     0C0D                     __ptext3:	
  2055 ;; *************** function _UART_Print *****************
  2056 ;; Defined at:
  2057 ;;		line 361 in file "main.c"
  2058 ;; Parameters:    Size  Location     Type
  2059 ;;  s               1    3[COMMON] PTR const unsigned char 
  2060 ;;		 -> STR_7(3), 
  2061 ;; Auto vars:     Size  Location     Type
  2062 ;;		None
  2063 ;; Return value:  Size  Location     Type
  2064 ;;                  1    wreg      void 
  2065 ;; Registers used:
  2066 ;;		wreg, fsr0l, fsr0h, status,2, status,0, pclath, cstack
  2067 ;; Tracked objects:
  2068 ;;		On entry : 0/0
  2069 ;;		On exit  : 0/0
  2070 ;;		Unchanged: 0/0
  2071 ;; Data sizes:     COMMON   BANK0   BANK1   BANK3   BANK2
  2072 ;;      Params:         1       0       0       0       0
  2073 ;;      Locals:         0       0       0       0       0
  2074 ;;      Temps:          0       0       0       0       0
  2075 ;;      Totals:         1       0       0       0       0
  2076 ;;Total ram usage:        1 bytes
  2077 ;; Hardware stack levels used: 1
  2078 ;; Hardware stack levels required when called: 2
  2079 ;; This function calls:
  2080 ;;		_UART_Write
  2081 ;; This function is called by:
  2082 ;;		_main
  2083 ;; This function uses a non-reentrant model
  2084 ;;
  2085                           
  2086     0C0D                     _UART_Print:	
  2087                           ;psect for function _UART_Print
  2088                           
  2089     0C0D                     l2919:	
  2090                           ;incstack = 0
  2091                           ; Regs used in _UART_Print: [wreg-fsr0h+status,2+status,0+pclath+cstack]
  2092                           
  2093     0C0D  2C1C               	goto	l2925
  2094     0C0E                     l2921:
  2095     0C0E  0873               	movf	UART_Print@s,w
  2096     0C0F  0084               	movwf	4
  2097     0C10  120A  158A  2000  120A  158A  	fcall	stringdir
  2098     0C15  120A  158A  234A  120A  158A  	fcall	_UART_Write
  2099     0C1A                     l2923:
  2100     0C1A  3001               	movlw	1
  2101     0C1B  07F3               	addwf	UART_Print@s,f
  2102     0C1C                     l2925:
  2103     0C1C  0873               	movf	UART_Print@s,w
  2104     0C1D  0084               	movwf	4
  2105     0C1E  120A  158A  2000  120A  158A  	fcall	stringdir
  2106     0C23  3A00               	xorlw	0
  2107     0C24  1D03               	skipz
  2108     0C25  2C27               	goto	u3021
  2109     0C26  2C28               	goto	u3020
  2110     0C27                     u3021:
  2111     0C27  2C0E               	goto	l2921
  2112     0C28                     u3020:
  2113     0C28                     l314:
  2114     0C28  0008               	return
  2115     0C29                     __end_of_UART_Print:
  2116                           
  2117                           	psect	text4
  2118     0EC9                     __ptext4:	
  2119 ;; *************** function _UART_NumFrac *****************
  2120 ;; Defined at:
  2121 ;;		line 372 in file "main.c"
  2122 ;; Parameters:    Size  Location     Type
  2123 ;;  n               2    8[BANK0 ] unsigned int 
  2124 ;;  den             1   10[BANK0 ] unsigned char 
  2125 ;; Auto vars:     Size  Location     Type
  2126 ;;		None
  2127 ;; Return value:  Size  Location     Type
  2128 ;;                  1    wreg      void 
  2129 ;; Registers used:
  2130 ;;		wreg, fsr0l, fsr0h, status,2, status,0, pclath, cstack
  2131 ;; Tracked objects:
  2132 ;;		On entry : 0/0
  2133 ;;		On exit  : 0/0
  2134 ;;		Unchanged: 0/0
  2135 ;; Data sizes:     COMMON   BANK0   BANK1   BANK3   BANK2
  2136 ;;      Params:         0       3       0       0       0
  2137 ;;      Locals:         0       4       0       0       0
  2138 ;;      Temps:          0       2       0       0       0
  2139 ;;      Totals:         0       9       0       0       0
  2140 ;;Total ram usage:        9 bytes
  2141 ;; Hardware stack levels used: 1
  2142 ;; Hardware stack levels required when called: 2
  2143 ;; This function calls:
  2144 ;;		_UART_Num
  2145 ;;		_UART_Write
  2146 ;;		___lwdiv
  2147 ;;		___lwmod
  2148 ;; This function is called by:
  2149 ;;		_main
  2150 ;; This function uses a non-reentrant model
  2151 ;;
  2152                           
  2153     0EC9                     _UART_NumFrac:	
  2154                           ;psect for function _UART_NumFrac
  2155                           
  2156     0EC9                     l2929:	
  2157                           ;incstack = 0
  2158                           ; Regs used in _UART_NumFrac: [wreg-fsr0h+status,2+status,0+pclath+cstack]
  2159                           
  2160                           
  2161                           ;main.c: 373:     UART_Num(n / den); UART_Write('.'); UART_Num(n % den);
  2162     0EC9  1283               	bcf	3,5	;RP0=0, select bank0
  2163     0ECA  1303               	bcf	3,6	;RP1=0, select bank0
  2164     0ECB  082A               	movf	UART_NumFrac@den,w
  2165     0ECC  00AB               	movwf	??_UART_NumFrac
  2166     0ECD  01AC               	clrf	??_UART_NumFrac+1
  2167     0ECE  082B               	movf	??_UART_NumFrac,w
  2168     0ECF  00F2               	movwf	___lwdiv@divisor
  2169     0ED0  082C               	movf	??_UART_NumFrac+1,w
  2170     0ED1  00F3               	movwf	___lwdiv@divisor+1
  2171     0ED2  0829               	movf	UART_NumFrac@n+1,w
  2172     0ED3  00F5               	movwf	___lwdiv@dividend+1
  2173     0ED4  0828               	movf	UART_NumFrac@n,w
  2174     0ED5  00F4               	movwf	___lwdiv@dividend
  2175     0ED6  120A  158A  263E  120A  158A  	fcall	___lwdiv
  2176     0EDB  0873               	movf	?___lwdiv+1,w
  2177     0EDC  1283               	bcf	3,5	;RP0=0, select bank0
  2178     0EDD  1303               	bcf	3,6	;RP1=0, select bank0
  2179     0EDE  00AE               	movwf	_UART_NumFrac$1228+1
  2180     0EDF  0872               	movf	?___lwdiv,w
  2181     0EE0  00AD               	movwf	_UART_NumFrac$1228
  2182     0EE1                     l2931:
  2183                           
  2184                           ;main.c: 373:     UART_Num(n / den); UART_Write('.'); UART_Num(n % den);
  2185     0EE1  082E               	movf	_UART_NumFrac$1228+1,w
  2186     0EE2  00A1               	movwf	UART_Num@n+1
  2187     0EE3  082D               	movf	_UART_NumFrac$1228,w
  2188     0EE4  00A0               	movwf	UART_Num@n
  2189     0EE5  120A  118A  27A6  120A  158A  	fcall	_UART_Num
  2190     0EEA                     l2933:
  2191     0EEA  302E               	movlw	46
  2192     0EEB  120A  158A  234A  120A  158A  	fcall	_UART_Write
  2193     0EF0                     l2935:
  2194     0EF0  1283               	bcf	3,5	;RP0=0, select bank0
  2195     0EF1  1303               	bcf	3,6	;RP1=0, select bank0
  2196     0EF2  082A               	movf	UART_NumFrac@den,w
  2197     0EF3  00AB               	movwf	??_UART_NumFrac
  2198     0EF4  01AC               	clrf	??_UART_NumFrac+1
  2199     0EF5  082B               	movf	??_UART_NumFrac,w
  2200     0EF6  00F2               	movwf	___lwmod@divisor
  2201     0EF7  082C               	movf	??_UART_NumFrac+1,w
  2202     0EF8  00F3               	movwf	___lwmod@divisor+1
  2203     0EF9  0829               	movf	UART_NumFrac@n+1,w
  2204     0EFA  00F5               	movwf	___lwmod@dividend+1
  2205     0EFB  0828               	movf	UART_NumFrac@n,w
  2206     0EFC  00F4               	movwf	___lwmod@dividend
  2207     0EFD  120A  158A  258E  120A  158A  	fcall	___lwmod
  2208     0F02  0873               	movf	?___lwmod+1,w
  2209     0F03  1283               	bcf	3,5	;RP0=0, select bank0
  2210     0F04  1303               	bcf	3,6	;RP1=0, select bank0
  2211     0F05  00B0               	movwf	_UART_NumFrac$1229+1
  2212     0F06  0872               	movf	?___lwmod,w
  2213     0F07  00AF               	movwf	_UART_NumFrac$1229
  2214     0F08                     l2937:
  2215     0F08  0830               	movf	_UART_NumFrac$1229+1,w
  2216     0F09  00A1               	movwf	UART_Num@n+1
  2217     0F0A  082F               	movf	_UART_NumFrac$1229,w
  2218     0F0B  00A0               	movwf	UART_Num@n
  2219     0F0C  120A  118A  27A6  120A  158A  	fcall	_UART_Num
  2220     0F11                     l330:
  2221     0F11  0008               	return
  2222     0F12                     __end_of_UART_NumFrac:
  2223                           
  2224                           	psect	text5
  2225     0E02                     __ptext5:	
  2226 ;; *************** function _UART_Num2 *****************
  2227 ;; Defined at:
  2228 ;;		line 370 in file "main.c"
  2229 ;; Parameters:    Size  Location     Type
  2230 ;;  n               1    wreg     unsigned char 
  2231 ;; Auto vars:     Size  Location     Type
  2232 ;;  n               1   10[COMMON] unsigned char 
  2233 ;; Return value:  Size  Location     Type
  2234 ;;                  1    wreg      void 
  2235 ;; Registers used:
  2236 ;;		wreg, fsr0l, fsr0h, status,2, status,0, pclath, cstack
  2237 ;; Tracked objects:
  2238 ;;		On entry : 0/0
  2239 ;;		On exit  : 0/0
  2240 ;;		Unchanged: 0/0
  2241 ;; Data sizes:     COMMON   BANK0   BANK1   BANK3   BANK2
  2242 ;;      Params:         0       0       0       0       0
  2243 ;;      Locals:         1       0       0       0       0
  2244 ;;      Temps:          0       2       0       0       0
  2245 ;;      Totals:         1       2       0       0       0
  2246 ;;Total ram usage:        3 bytes
  2247 ;; Hardware stack levels used: 1
  2248 ;; Hardware stack levels required when called: 2
  2249 ;; This function calls:
  2250 ;;		_UART_Num
  2251 ;;		___awdiv
  2252 ;;		___awmod
  2253 ;; This function is called by:
  2254 ;;		_main
  2255 ;; This function uses a non-reentrant model
  2256 ;;
  2257                           
  2258     0E02                     _UART_Num2:	
  2259                           ;psect for function _UART_Num2
  2260                           
  2261                           
  2262                           ;incstack = 0
  2263                           ; Regs used in _UART_Num2: [wreg-fsr0h+status,2+status,0+pclath+cstack]
  2264                           ;UART_Num2@n stored from wreg
  2265     0E02  00FA               	movwf	UART_Num2@n
  2266     0E03                     l2927:
  2267     0E03  300A               	movlw	10
  2268     0E04  00F2               	movwf	___awdiv@divisor
  2269     0E05  3000               	movlw	0
  2270     0E06  00F3               	movwf	___awdiv@divisor+1
  2271     0E07  087A               	movf	UART_Num2@n,w
  2272     0E08  1283               	bcf	3,5	;RP0=0, select bank0
  2273     0E09  1303               	bcf	3,6	;RP1=0, select bank0
  2274     0E0A  00A8               	movwf	??_UART_Num2
  2275     0E0B  01A9               	clrf	??_UART_Num2+1
  2276     0E0C  0828               	movf	??_UART_Num2,w
  2277     0E0D  00F4               	movwf	___awdiv@dividend
  2278     0E0E  0829               	movf	??_UART_Num2+1,w
  2279     0E0F  00F5               	movwf	___awdiv@dividend+1
  2280     0E10  120A  118A  26EC  120A  158A  	fcall	___awdiv
  2281     0E15  0873               	movf	?___awdiv+1,w
  2282     0E16  1283               	bcf	3,5	;RP0=0, select bank0
  2283     0E17  1303               	bcf	3,6	;RP1=0, select bank0
  2284     0E18  00A1               	movwf	UART_Num@n+1
  2285     0E19  0872               	movf	?___awdiv,w
  2286     0E1A  00A0               	movwf	UART_Num@n
  2287     0E1B  120A  118A  27A6  120A  158A  	fcall	_UART_Num
  2288     0E20  300A               	movlw	10
  2289     0E21  00F2               	movwf	___awmod@divisor
  2290     0E22  3000               	movlw	0
  2291     0E23  00F3               	movwf	___awmod@divisor+1
  2292     0E24  087A               	movf	UART_Num2@n,w
  2293     0E25  1283               	bcf	3,5	;RP0=0, select bank0
  2294     0E26  1303               	bcf	3,6	;RP1=0, select bank0
  2295     0E27  00A8               	movwf	??_UART_Num2
  2296     0E28  01A9               	clrf	??_UART_Num2+1
  2297     0E29  0828               	movf	??_UART_Num2,w
  2298     0E2A  00F4               	movwf	___awmod@dividend
  2299     0E2B  0829               	movf	??_UART_Num2+1,w
  2300     0E2C  00F5               	movwf	___awmod@dividend+1
  2301     0E2D  120A  118A  274F  120A  158A  	fcall	___awmod
  2302     0E32  0873               	movf	?___awmod+1,w
  2303     0E33  1283               	bcf	3,5	;RP0=0, select bank0
  2304     0E34  1303               	bcf	3,6	;RP1=0, select bank0
  2305     0E35  00A1               	movwf	UART_Num@n+1
  2306     0E36  0872               	movf	?___awmod,w
  2307     0E37  00A0               	movwf	UART_Num@n
  2308     0E38  120A  118A  27A6  120A  158A  	fcall	_UART_Num
  2309     0E3D                     l327:
  2310     0E3D  0008               	return
  2311     0E3E                     __end_of_UART_Num2:
  2312                           
  2313                           	psect	text6
  2314     07A6                     __ptext6:	
  2315 ;; *************** function _UART_Num *****************
  2316 ;; Defined at:
  2317 ;;		line 363 in file "main.c"
  2318 ;; Parameters:    Size  Location     Type
  2319 ;;  n               2    0[BANK0 ] unsigned int 
  2320 ;; Auto vars:     Size  Location     Type
  2321 ;;  buf             5    2[BANK0 ] unsigned char [5]
  2322 ;;  i               1    7[BANK0 ] unsigned char 
  2323 ;; Return value:  Size  Location     Type
  2324 ;;                  1    wreg      void 
  2325 ;; Registers used:
  2326 ;;		wreg, fsr0l, fsr0h, status,2, status,0, pclath, cstack
  2327 ;; Tracked objects:
  2328 ;;		On entry : 0/0
  2329 ;;		On exit  : 0/0
  2330 ;;		Unchanged: 0/0
  2331 ;; Data sizes:     COMMON   BANK0   BANK1   BANK3   BANK2
  2332 ;;      Params:         0       2       0       0       0
  2333 ;;      Locals:         0       6       0       0       0
  2334 ;;      Temps:          0       0       0       0       0
  2335 ;;      Totals:         0       8       0       0       0
  2336 ;;Total ram usage:        8 bytes
  2337 ;; Hardware stack levels used: 1
  2338 ;; Hardware stack levels required when called: 1
  2339 ;; This function calls:
  2340 ;;		_UART_Write
  2341 ;;		___lwdiv
  2342 ;;		___lwmod
  2343 ;; This function is called by:
  2344 ;;		_UART_Num2
  2345 ;;		_UART_NumFrac
  2346 ;;		_main
  2347 ;; This function uses a non-reentrant model
  2348 ;;
  2349                           
  2350     07A6                     _UART_Num:	
  2351                           ;psect for function _UART_Num
  2352                           
  2353     07A6                     l2717:	
  2354                           ;incstack = 0
  2355                           ; Regs used in _UART_Num: [wreg-fsr0h+status,2+status,0+pclath+cstack]
  2356                           
  2357                           
  2358                           ;main.c: 364:     unsigned char buf[5], i = 0;
  2359     07A6  1283               	bcf	3,5	;RP0=0, select bank0
  2360     07A7  1303               	bcf	3,6	;RP1=0, select bank0
  2361     07A8  01A7               	clrf	UART_Num@i
  2362     07A9                     l2719:
  2363                           
  2364                           ;main.c: 365:     if (n == 0) { UART_Write('0'); return; }
  2365     07A9  0820               	movf	UART_Num@n,w
  2366     07AA  0421               	iorwf	UART_Num@n+1,w
  2367     07AB  1D03               	btfss	3,2
  2368     07AC  2FAE               	goto	u2741
  2369     07AD  2FAF               	goto	u2740
  2370     07AE                     u2741:
  2371     07AE  2FE1               	goto	l2731
  2372     07AF                     u2740:
  2373     07AF                     l2721:
  2374     07AF  3030               	movlw	48
  2375     07B0  120A  158A  234A  120A  118A  	fcall	_UART_Write
  2376     07B5  2FFB               	goto	l318
  2377     07B6                     l2725:
  2378     07B6  0827               	movf	UART_Num@i,w
  2379     07B7  3E22               	addlw	(low (UART_Num@buf| 0))& (0+255)
  2380     07B8  0084               	movwf	4
  2381     07B9  300A               	movlw	10
  2382     07BA  00F2               	movwf	___lwmod@divisor
  2383     07BB  3000               	movlw	0
  2384     07BC  00F3               	movwf	___lwmod@divisor+1
  2385     07BD  0821               	movf	UART_Num@n+1,w
  2386     07BE  00F5               	movwf	___lwmod@dividend+1
  2387     07BF  0820               	movf	UART_Num@n,w
  2388     07C0  00F4               	movwf	___lwmod@dividend
  2389     07C1  120A  158A  258E  120A  118A  	fcall	___lwmod
  2390     07C6  0872               	movf	?___lwmod,w
  2391     07C7  3E30               	addlw	48
  2392     07C8  1383               	bcf	3,7	;select IRP bank0
  2393     07C9  0080               	movwf	0
  2394     07CA                     l2727:
  2395     07CA  3001               	movlw	1
  2396     07CB  1283               	bcf	3,5	;RP0=0, select bank0
  2397     07CC  1303               	bcf	3,6	;RP1=0, select bank0
  2398     07CD  07A7               	addwf	UART_Num@i,f
  2399     07CE                     l2729:
  2400     07CE  300A               	movlw	10
  2401     07CF  00F2               	movwf	___lwdiv@divisor
  2402     07D0  3000               	movlw	0
  2403     07D1  00F3               	movwf	___lwdiv@divisor+1
  2404     07D2  0821               	movf	UART_Num@n+1,w
  2405     07D3  00F5               	movwf	___lwdiv@dividend+1
  2406     07D4  0820               	movf	UART_Num@n,w
  2407     07D5  00F4               	movwf	___lwdiv@dividend
  2408     07D6  120A  158A  263E  120A  118A  	fcall	___lwdiv
  2409     07DB  0873               	movf	?___lwdiv+1,w
  2410     07DC  1283               	bcf	3,5	;RP0=0, select bank0
  2411     07DD  1303               	bcf	3,6	;RP1=0, select bank0
  2412     07DE  00A1               	movwf	UART_Num@n+1
  2413     07DF  0872               	movf	?___lwdiv,w
  2414     07E0  00A0               	movwf	UART_Num@n
  2415     07E1                     l2731:
  2416     07E1  0820               	movf	UART_Num@n,w
  2417     07E2  0421               	iorwf	UART_Num@n+1,w
  2418     07E3  1D03               	btfss	3,2
  2419     07E4  2FE6               	goto	u2751
  2420     07E5  2FE7               	goto	u2750
  2421     07E6                     u2751:
  2422     07E6  2FB6               	goto	l2725
  2423     07E7                     u2750:
  2424     07E7  2FF2               	goto	l2735
  2425     07E8                     l2733:
  2426     07E8  0827               	movf	UART_Num@i,w
  2427     07E9  3E22               	addlw	(low (UART_Num@buf| 0))& (0+255)
  2428     07EA  0084               	movwf	4
  2429     07EB  1383               	bcf	3,7	;select IRP bank0
  2430     07EC  0800               	movf	0,w
  2431     07ED  120A  158A  234A  120A  118A  	fcall	_UART_Write
  2432     07F2                     l2735:
  2433     07F2  3001               	movlw	1
  2434     07F3  1283               	bcf	3,5	;RP0=0, select bank0
  2435     07F4  1303               	bcf	3,6	;RP1=0, select bank0
  2436     07F5  02A7               	subwf	UART_Num@i,f
  2437     07F6  0A27               	incf	UART_Num@i,w
  2438     07F7  1D03               	btfss	3,2
  2439     07F8  2FFA               	goto	u2761
  2440     07F9  2FFB               	goto	u2760
  2441     07FA                     u2761:
  2442     07FA  2FE8               	goto	l2733
  2443     07FB                     u2760:
  2444     07FB                     l318:
  2445     07FB  0008               	return
  2446     07FC                     __end_of_UART_Num:
  2447                           
  2448                           	psect	text7
  2449     0B4A                     __ptext7:	
  2450 ;; *************** function _UART_Write *****************
  2451 ;; Defined at:
  2452 ;;		line 360 in file "main.c"
  2453 ;; Parameters:    Size  Location     Type
  2454 ;;  c               1    wreg     unsigned char 
  2455 ;; Auto vars:     Size  Location     Type
  2456 ;;  c               1    2[COMMON] unsigned char 
  2457 ;; Return value:  Size  Location     Type
  2458 ;;                  1    wreg      void 
  2459 ;; Registers used:
  2460 ;;		wreg
  2461 ;; Tracked objects:
  2462 ;;		On entry : 0/0
  2463 ;;		On exit  : 0/0
  2464 ;;		Unchanged: 0/0
  2465 ;; Data sizes:     COMMON   BANK0   BANK1   BANK3   BANK2
  2466 ;;      Params:         0       0       0       0       0
  2467 ;;      Locals:         1       0       0       0       0
  2468 ;;      Temps:          0       0       0       0       0
  2469 ;;      Totals:         1       0       0       0       0
  2470 ;;Total ram usage:        1 bytes
  2471 ;; Hardware stack levels used: 1
  2472 ;; Hardware stack levels required when called: 1
  2473 ;; This function calls:
  2474 ;;		Nothing
  2475 ;; This function is called by:
  2476 ;;		_UART_Print
  2477 ;;		_UART_Num
  2478 ;;		_UART_NumFrac
  2479 ;;		_main
  2480 ;; This function uses a non-reentrant model
  2481 ;;
  2482                           
  2483     0B4A                     _UART_Write:	
  2484                           ;psect for function _UART_Write
  2485                           
  2486                           
  2487                           ;incstack = 0
  2488                           ; Regs used in _UART_Write: [wreg]
  2489                           ;UART_Write@c stored from wreg
  2490     0B4A  00F2               	movwf	UART_Write@c
  2491     0B4B                     l2613:
  2492     0B4B                     l305:
  2493     0B4B  1283               	bcf	3,5	;RP0=0, select bank0
  2494     0B4C  1303               	bcf	3,6	;RP1=0, select bank0
  2495     0B4D  1E0C               	btfss	12,4	;volatile
  2496     0B4E  2B50               	goto	u2551
  2497     0B4F  2B51               	goto	u2550
  2498     0B50                     u2551:
  2499     0B50  2B4B               	goto	l305
  2500     0B51                     u2550:
  2501     0B51                     l2615:
  2502     0B51  0872               	movf	UART_Write@c,w
  2503     0B52  0099               	movwf	25	;volatile
  2504     0B53                     l308:
  2505     0B53  0008               	return
  2506     0B54                     __end_of_UART_Write:
  2507                           
  2508                           	psect	text8
  2509     0B54                     __ptext8:	
  2510 ;; *************** function _UART_Init *****************
  2511 ;; Defined at:
  2512 ;;		line 355 in file "main.c"
  2513 ;; Parameters:    Size  Location     Type
  2514 ;;		None
  2515 ;; Auto vars:     Size  Location     Type
  2516 ;;		None
  2517 ;; Return value:  Size  Location     Type
  2518 ;;                  1    wreg      void 
  2519 ;; Registers used:
  2520 ;;		None
  2521 ;; Tracked objects:
  2522 ;;		On entry : 0/0
  2523 ;;		On exit  : 0/0
  2524 ;;		Unchanged: 0/0
  2525 ;; Data sizes:     COMMON   BANK0   BANK1   BANK3   BANK2
  2526 ;;      Params:         0       0       0       0       0
  2527 ;;      Locals:         0       0       0       0       0
  2528 ;;      Temps:          0       0       0       0       0
  2529 ;;      Totals:         0       0       0       0       0
  2530 ;;Total ram usage:        0 bytes
  2531 ;; Hardware stack levels used: 1
  2532 ;; Hardware stack levels required when called: 1
  2533 ;; This function calls:
  2534 ;;		Nothing
  2535 ;; This function is called by:
  2536 ;;		_main
  2537 ;; This function uses a non-reentrant model
  2538 ;;
  2539                           
  2540     0B54                     _UART_Init:	
  2541                           ;psect for function _UART_Init
  2542                           
  2543     0B54                     l2253:	
  2544                           ;incstack = 0
  2545                           ; Regs used in _UART_Init: []
  2546                           
  2547                           
  2548                           ;main.c: 356:     TRISCbits.TRISC6 = 1; TRISCbits.TRISC7 = 1;
  2549     0B54  1683               	bsf	3,5	;RP0=1, select bank1
  2550     0B55  1303               	bcf	3,6	;RP1=0, select bank1
  2551     0B56  1707               	bsf	7,6	;volatile
  2552     0B57  1787               	bsf	7,7	;volatile
  2553                           
  2554                           ;main.c: 357:     SPBRG = 129; TXSTA = 0b00100100; RCSTA = 0b10010000;
  2555     0B58  3081               	movlw	129
  2556     0B59  0099               	movwf	25	;volatile
  2557     0B5A  3024               	movlw	36
  2558     0B5B  0098               	movwf	24	;volatile
  2559     0B5C  3090               	movlw	144
  2560     0B5D  1283               	bcf	3,5	;RP0=0, select bank0
  2561     0B5E  1303               	bcf	3,6	;RP1=0, select bank0
  2562     0B5F  0098               	movwf	24	;volatile
  2563     0B60                     l302:
  2564     0B60  0008               	return
  2565     0B61                     __end_of_UART_Init:
  2566                           
  2567                           	psect	text9
  2568     0436                     __ptext9:	
  2569 ;; *************** function _SRAM_SaveSample *****************
  2570 ;; Defined at:
  2571 ;;		line 198 in file "main.c"
  2572 ;; Parameters:    Size  Location     Type
  2573 ;;  hr              1    wreg     unsigned char 
  2574 ;;  min             1    0[BANK0 ] unsigned char 
  2575 ;;  sec             1    1[BANK0 ] unsigned char 
  2576 ;;  date            1    2[BANK0 ] unsigned char 
  2577 ;;  mon             1    3[BANK0 ] unsigned char 
  2578 ;;  yr              1    4[BANK0 ] unsigned char 
  2579 ;;  temp_x10        2    5[BANK0 ] int 
  2580 ;;  hum             1    7[BANK0 ] unsigned char 
  2581 ;;  light           1    8[BANK0 ] unsigned char 
  2582 ;;  alert           1    9[BANK0 ] unsigned char 
  2583 ;; Auto vars:     Size  Location     Type
  2584 ;;  hr              1   12[BANK0 ] unsigned char 
  2585 ;;  base            1   15[BANK0 ] unsigned char 
  2586 ;; Return value:  Size  Location     Type
  2587 ;;                  1    wreg      void 
  2588 ;; Registers used:
  2589 ;;		wreg, status,2, status,0, pclath, cstack
  2590 ;; Tracked objects:
  2591 ;;		On entry : 0/0
  2592 ;;		On exit  : 0/0
  2593 ;;		Unchanged: 0/0
  2594 ;; Data sizes:     COMMON   BANK0   BANK1   BANK3   BANK2
  2595 ;;      Params:         0      10       0       0       0
  2596 ;;      Locals:         0       4       0       0       0
  2597 ;;      Temps:          0       2       0       0       0
  2598 ;;      Totals:         0      16       0       0       0
  2599 ;;Total ram usage:       16 bytes
  2600 ;; Hardware stack levels used: 1
  2601 ;; Hardware stack levels required when called: 4
  2602 ;; This function calls:
  2603 ;;		_SRAM_SaveHeader
  2604 ;;		_SRAM_Write
  2605 ;;		___bmul
  2606 ;; This function is called by:
  2607 ;;		_main
  2608 ;; This function uses a non-reentrant model
  2609 ;;
  2610                           
  2611     0436                     _SRAM_SaveSample:	
  2612                           ;psect for function _SRAM_SaveSample
  2613                           
  2614                           
  2615                           ;incstack = 0
  2616                           ; Regs used in _SRAM_SaveSample: [wreg+status,2+status,0+pclath+cstack]
  2617                           ;SRAM_SaveSample@hr stored from wreg
  2618     0436  1283               	bcf	3,5	;RP0=0, select bank0
  2619     0437  1303               	bcf	3,6	;RP1=0, select bank0
  2620     0438  00AC               	movwf	SRAM_SaveSample@hr
  2621     0439                     l2827:
  2622                           
  2623                           ;main.c: 198: static void SRAM_SaveSample(unsigned char hr, unsigned char min, unsigned 
      +                          char sec,;main.c: 199:                             unsigned char date, unsigned char mon
      +                          , unsigned char yr,;main.c: 200:                             signed int temp_x10, unsign
      +                          ed char hum,;main.c: 201:                             unsigned char light, unsigned char
      +                           alert) {;main.c: 202:     unsigned char base = 2 + (sram_index * 10);
  2624     0439  300A               	movlw	10
  2625     043A  00F2               	movwf	___bmul@multiplicand
  2626     043B  084F               	movf	_sram_index,w
  2627     043C  120A  158A  2380  120A  118A  	fcall	___bmul
  2628     0441  3E02               	addlw	2
  2629     0442  1283               	bcf	3,5	;RP0=0, select bank0
  2630     0443  1303               	bcf	3,6	;RP1=0, select bank0
  2631     0444  00AF               	movwf	SRAM_SaveSample@base
  2632                           
  2633                           ;main.c: 203:     SRAM_Write(base + 0, hr); _delay((unsigned long)((2)*(20000000UL/4000.
      +                          0)));
  2634     0445  082C               	movf	SRAM_SaveSample@hr,w
  2635     0446  00F7               	movwf	SRAM_Write@data
  2636     0447  082F               	movf	SRAM_SaveSample@base,w
  2637     0448  120A  158A  24A3  120A  118A  	fcall	_SRAM_Write
  2638     044D                     l2829:
  2639     044D  300D               	movlw	13
  2640     044E  1283               	bcf	3,5	;RP0=0, select bank0
  2641     044F  1303               	bcf	3,6	;RP1=0, select bank0
  2642     0450  00AB               	movwf	??_SRAM_SaveSample+1
  2643     0451  30FB               	movlw	251
  2644     0452  00AA               	movwf	??_SRAM_SaveSample
  2645     0453                     u3237:
  2646     0453  0BAA               	decfsz	??_SRAM_SaveSample,f
  2647     0454  2C53               	goto	u3237
  2648     0455  0BAB               	decfsz	??_SRAM_SaveSample+1,f
  2649     0456  2C53               	goto	u3237
  2650     0457                     l2831:
  2651                           
  2652                           ;main.c: 204:     SRAM_Write(base + 1, min); _delay((unsigned long)((2)*(20000000UL/4000
      +                          .0)));
  2653     0457  1283               	bcf	3,5	;RP0=0, select bank0
  2654     0458  1303               	bcf	3,6	;RP1=0, select bank0
  2655     0459  0820               	movf	SRAM_SaveSample@min,w
  2656     045A  00F7               	movwf	SRAM_Write@data
  2657     045B  082F               	movf	SRAM_SaveSample@base,w
  2658     045C  3E01               	addlw	1
  2659     045D  120A  158A  24A3  120A  118A  	fcall	_SRAM_Write
  2660     0462  300D               	movlw	13
  2661     0463  1283               	bcf	3,5	;RP0=0, select bank0
  2662     0464  1303               	bcf	3,6	;RP1=0, select bank0
  2663     0465  00AB               	movwf	??_SRAM_SaveSample+1
  2664     0466  30FB               	movlw	251
  2665     0467  00AA               	movwf	??_SRAM_SaveSample
  2666     0468                     u3247:
  2667     0468  0BAA               	decfsz	??_SRAM_SaveSample,f
  2668     0469  2C68               	goto	u3247
  2669     046A  0BAB               	decfsz	??_SRAM_SaveSample+1,f
  2670     046B  2C68               	goto	u3247
  2671     046C                     l2833:
  2672                           
  2673                           ;main.c: 205:     SRAM_Write(base + 2, sec); _delay((unsigned long)((2)*(20000000UL/4000
      +                          .0)));
  2674     046C  1283               	bcf	3,5	;RP0=0, select bank0
  2675     046D  1303               	bcf	3,6	;RP1=0, select bank0
  2676     046E  0821               	movf	SRAM_SaveSample@sec,w
  2677     046F  00F7               	movwf	SRAM_Write@data
  2678     0470  082F               	movf	SRAM_SaveSample@base,w
  2679     0471  3E02               	addlw	2
  2680     0472  120A  158A  24A3  120A  118A  	fcall	_SRAM_Write
  2681     0477                     l2835:
  2682     0477  300D               	movlw	13
  2683     0478  1283               	bcf	3,5	;RP0=0, select bank0
  2684     0479  1303               	bcf	3,6	;RP1=0, select bank0
  2685     047A  00AB               	movwf	??_SRAM_SaveSample+1
  2686     047B  30FB               	movlw	251
  2687     047C  00AA               	movwf	??_SRAM_SaveSample
  2688     047D                     u3257:
  2689     047D  0BAA               	decfsz	??_SRAM_SaveSample,f
  2690     047E  2C7D               	goto	u3257
  2691     047F  0BAB               	decfsz	??_SRAM_SaveSample+1,f
  2692     0480  2C7D               	goto	u3257
  2693                           
  2694                           ;main.c: 206:     SRAM_Write(base + 3, date); _delay((unsigned long)((2)*(20000000UL/400
      +                          0.0)));
  2695     0481  1283               	bcf	3,5	;RP0=0, select bank0
  2696     0482  1303               	bcf	3,6	;RP1=0, select bank0
  2697     0483  0822               	movf	SRAM_SaveSample@date,w
  2698     0484  00F7               	movwf	SRAM_Write@data
  2699     0485  082F               	movf	SRAM_SaveSample@base,w
  2700     0486  3E03               	addlw	3
  2701     0487  120A  158A  24A3  120A  118A  	fcall	_SRAM_Write
  2702     048C                     l2837:
  2703     048C  300D               	movlw	13
  2704     048D  1283               	bcf	3,5	;RP0=0, select bank0
  2705     048E  1303               	bcf	3,6	;RP1=0, select bank0
  2706     048F  00AB               	movwf	??_SRAM_SaveSample+1
  2707     0490  30FB               	movlw	251
  2708     0491  00AA               	movwf	??_SRAM_SaveSample
  2709     0492                     u3267:
  2710     0492  0BAA               	decfsz	??_SRAM_SaveSample,f
  2711     0493  2C92               	goto	u3267
  2712     0494  0BAB               	decfsz	??_SRAM_SaveSample+1,f
  2713     0495  2C92               	goto	u3267
  2714     0496                     l2839:
  2715                           
  2716                           ;main.c: 207:     SRAM_Write(base + 4, mon); _delay((unsigned long)((2)*(20000000UL/4000
      +                          .0)));
  2717     0496  1283               	bcf	3,5	;RP0=0, select bank0
  2718     0497  1303               	bcf	3,6	;RP1=0, select bank0
  2719     0498  0823               	movf	SRAM_SaveSample@mon,w
  2720     0499  00F7               	movwf	SRAM_Write@data
  2721     049A  082F               	movf	SRAM_SaveSample@base,w
  2722     049B  3E04               	addlw	4
  2723     049C  120A  158A  24A3  120A  118A  	fcall	_SRAM_Write
  2724     04A1  300D               	movlw	13
  2725     04A2  1283               	bcf	3,5	;RP0=0, select bank0
  2726     04A3  1303               	bcf	3,6	;RP1=0, select bank0
  2727     04A4  00AB               	movwf	??_SRAM_SaveSample+1
  2728     04A5  30FB               	movlw	251
  2729     04A6  00AA               	movwf	??_SRAM_SaveSample
  2730     04A7                     u3277:
  2731     04A7  0BAA               	decfsz	??_SRAM_SaveSample,f
  2732     04A8  2CA7               	goto	u3277
  2733     04A9  0BAB               	decfsz	??_SRAM_SaveSample+1,f
  2734     04AA  2CA7               	goto	u3277
  2735     04AB                     l2841:
  2736                           
  2737                           ;main.c: 208:     SRAM_Write(base + 5, yr); _delay((unsigned long)((2)*(20000000UL/4000.
      +                          0)));
  2738     04AB  1283               	bcf	3,5	;RP0=0, select bank0
  2739     04AC  1303               	bcf	3,6	;RP1=0, select bank0
  2740     04AD  0824               	movf	SRAM_SaveSample@yr,w
  2741     04AE  00F7               	movwf	SRAM_Write@data
  2742     04AF  082F               	movf	SRAM_SaveSample@base,w
  2743     04B0  3E05               	addlw	5
  2744     04B1  120A  158A  24A3  120A  118A  	fcall	_SRAM_Write
  2745     04B6                     l2843:
  2746     04B6  300D               	movlw	13
  2747     04B7  1283               	bcf	3,5	;RP0=0, select bank0
  2748     04B8  1303               	bcf	3,6	;RP1=0, select bank0
  2749     04B9  00AB               	movwf	??_SRAM_SaveSample+1
  2750     04BA  30FB               	movlw	251
  2751     04BB  00AA               	movwf	??_SRAM_SaveSample
  2752     04BC                     u3287:
  2753     04BC  0BAA               	decfsz	??_SRAM_SaveSample,f
  2754     04BD  2CBC               	goto	u3287
  2755     04BE  0BAB               	decfsz	??_SRAM_SaveSample+1,f
  2756     04BF  2CBC               	goto	u3287
  2757                           
  2758                           ;main.c: 209:     SRAM_Write(base + 6, (unsigned char)(temp_x10 & 0xFF)); _delay((unsign
      +                          ed long)((2)*(20000000UL/4000.0)));
  2759     04C0  1283               	bcf	3,5	;RP0=0, select bank0
  2760     04C1  1303               	bcf	3,6	;RP1=0, select bank0
  2761     04C2  0825               	movf	SRAM_SaveSample@temp_x10,w
  2762     04C3  00F7               	movwf	SRAM_Write@data
  2763     04C4  082F               	movf	SRAM_SaveSample@base,w
  2764     04C5  3E06               	addlw	6
  2765     04C6  120A  158A  24A3  120A  118A  	fcall	_SRAM_Write
  2766     04CB                     l2845:
  2767     04CB  300D               	movlw	13
  2768     04CC  1283               	bcf	3,5	;RP0=0, select bank0
  2769     04CD  1303               	bcf	3,6	;RP1=0, select bank0
  2770     04CE  00AB               	movwf	??_SRAM_SaveSample+1
  2771     04CF  30FB               	movlw	251
  2772     04D0  00AA               	movwf	??_SRAM_SaveSample
  2773     04D1                     u3297:
  2774     04D1  0BAA               	decfsz	??_SRAM_SaveSample,f
  2775     04D2  2CD1               	goto	u3297
  2776     04D3  0BAB               	decfsz	??_SRAM_SaveSample+1,f
  2777     04D4  2CD1               	goto	u3297
  2778     04D5                     l2847:
  2779                           
  2780                           ;main.c: 210:     SRAM_Write(base + 7, (unsigned char)((temp_x10 >> 8) & 0xFF)); _delay(
      +                          (unsigned long)((2)*(20000000UL/4000.0)));
  2781     04D5  1283               	bcf	3,5	;RP0=0, select bank0
  2782     04D6  1303               	bcf	3,6	;RP1=0, select bank0
  2783     04D7  0826               	movf	SRAM_SaveSample@temp_x10+1,w
  2784     04D8  00F7               	movwf	SRAM_Write@data
  2785     04D9  082F               	movf	SRAM_SaveSample@base,w
  2786     04DA  3E07               	addlw	7
  2787     04DB  120A  158A  24A3  120A  118A  	fcall	_SRAM_Write
  2788     04E0  300D               	movlw	13
  2789     04E1  1283               	bcf	3,5	;RP0=0, select bank0
  2790     04E2  1303               	bcf	3,6	;RP1=0, select bank0
  2791     04E3  00AB               	movwf	??_SRAM_SaveSample+1
  2792     04E4  30FB               	movlw	251
  2793     04E5  00AA               	movwf	??_SRAM_SaveSample
  2794     04E6                     u3307:
  2795     04E6  0BAA               	decfsz	??_SRAM_SaveSample,f
  2796     04E7  2CE6               	goto	u3307
  2797     04E8  0BAB               	decfsz	??_SRAM_SaveSample+1,f
  2798     04E9  2CE6               	goto	u3307
  2799     04EA                     l2849:
  2800                           
  2801                           ;main.c: 211:     SRAM_Write(base + 8, hum); _delay((unsigned long)((2)*(20000000UL/4000
      +                          .0)));
  2802     04EA  1283               	bcf	3,5	;RP0=0, select bank0
  2803     04EB  1303               	bcf	3,6	;RP1=0, select bank0
  2804     04EC  0827               	movf	SRAM_SaveSample@hum,w
  2805     04ED  00F7               	movwf	SRAM_Write@data
  2806     04EE  082F               	movf	SRAM_SaveSample@base,w
  2807     04EF  3E08               	addlw	8
  2808     04F0  120A  158A  24A3  120A  118A  	fcall	_SRAM_Write
  2809     04F5                     l2851:
  2810     04F5  300D               	movlw	13
  2811     04F6  1283               	bcf	3,5	;RP0=0, select bank0
  2812     04F7  1303               	bcf	3,6	;RP1=0, select bank0
  2813     04F8  00AB               	movwf	??_SRAM_SaveSample+1
  2814     04F9  30FB               	movlw	251
  2815     04FA  00AA               	movwf	??_SRAM_SaveSample
  2816     04FB                     u3317:
  2817     04FB  0BAA               	decfsz	??_SRAM_SaveSample,f
  2818     04FC  2CFB               	goto	u3317
  2819     04FD  0BAB               	decfsz	??_SRAM_SaveSample+1,f
  2820     04FE  2CFB               	goto	u3317
  2821     04FF                     l2853:
  2822                           
  2823                           ;main.c: 212:     SRAM_Write(base + 9, (unsigned char)(light | (alert ? 0x80 : 0))); _de
      +                          lay((unsigned long)((2)*(20000000UL/4000.0)));
  2824     04FF  1283               	bcf	3,5	;RP0=0, select bank0
  2825     0500  1303               	bcf	3,6	;RP1=0, select bank0
  2826     0501  0829               	movf	SRAM_SaveSample@alert,w
  2827     0502  1D03               	btfss	3,2
  2828     0503  2D05               	goto	u2971
  2829     0504  2D06               	goto	u2970
  2830     0505                     u2971:
  2831     0505  2D09               	goto	l2857
  2832     0506                     u2970:
  2833     0506                     l2855:
  2834     0506  01AD               	clrf	_SRAM_SaveSample$382
  2835     0507  01AE               	clrf	_SRAM_SaveSample$382+1
  2836     0508  2D0D               	goto	l2859
  2837     0509                     l2857:
  2838     0509  3080               	movlw	128
  2839     050A  00AD               	movwf	_SRAM_SaveSample$382
  2840     050B  3000               	movlw	0
  2841     050C  00AE               	movwf	_SRAM_SaveSample$382+1
  2842     050D                     l2859:
  2843     050D  0828               	movf	SRAM_SaveSample@light,w
  2844     050E  042D               	iorwf	_SRAM_SaveSample$382,w
  2845     050F  00F7               	movwf	SRAM_Write@data
  2846     0510  082F               	movf	SRAM_SaveSample@base,w
  2847     0511  3E09               	addlw	9
  2848     0512  120A  158A  24A3  120A  118A  	fcall	_SRAM_Write
  2849     0517                     l2861:
  2850     0517  300D               	movlw	13
  2851     0518  1283               	bcf	3,5	;RP0=0, select bank0
  2852     0519  1303               	bcf	3,6	;RP1=0, select bank0
  2853     051A  00AB               	movwf	??_SRAM_SaveSample+1
  2854     051B  30FB               	movlw	251
  2855     051C  00AA               	movwf	??_SRAM_SaveSample
  2856     051D                     u3327:
  2857     051D  0BAA               	decfsz	??_SRAM_SaveSample,f
  2858     051E  2D1D               	goto	u3327
  2859     051F  0BAB               	decfsz	??_SRAM_SaveSample+1,f
  2860     0520  2D1D               	goto	u3327
  2861     0521                     l2863:
  2862                           
  2863                           ;main.c: 214:     sram_index++;
  2864     0521  3001               	movlw	1
  2865     0522  1283               	bcf	3,5	;RP0=0, select bank0
  2866     0523  1303               	bcf	3,6	;RP1=0, select bank0
  2867     0524  07CF               	addwf	_sram_index,f
  2868     0525                     l2865:
  2869                           
  2870                           ;main.c: 215:     if (sram_index >= ((236 - 2) / 10)) sram_index = 0;
  2871     0525  3017               	movlw	23
  2872     0526  024F               	subwf	_sram_index,w
  2873     0527  1C03               	skipc
  2874     0528  2D2A               	goto	u2981
  2875     0529  2D2B               	goto	u2980
  2876     052A                     u2981:
  2877     052A  2D2C               	goto	l2869
  2878     052B                     u2980:
  2879     052B                     l2867:
  2880     052B  01CF               	clrf	_sram_index
  2881     052C                     l2869:
  2882                           
  2883                           ;main.c: 216:     if (sram_count < ((236 - 2) / 10)) sram_count++;
  2884     052C  3017               	movlw	23
  2885     052D  024E               	subwf	_sram_count,w
  2886     052E  1803               	skipnc
  2887     052F  2D31               	goto	u2991
  2888     0530  2D32               	goto	u2990
  2889     0531                     u2991:
  2890     0531  2D34               	goto	l2873
  2891     0532                     u2990:
  2892     0532                     l2871:
  2893     0532  3001               	movlw	1
  2894     0533  07CE               	addwf	_sram_count,f
  2895     0534                     l2873:
  2896                           
  2897                           ;main.c: 217:     SRAM_SaveHeader();
  2898     0534  120A  158A  2505  120A  118A  	fcall	_SRAM_SaveHeader
  2899     0539                     l201:
  2900     0539  0008               	return
  2901     053A                     __end_of_SRAM_SaveSample:
  2902                           
  2903                           	psect	text10
  2904     0D05                     __ptext10:	
  2905 ;; *************** function _SRAM_SaveHeader *****************
  2906 ;; Defined at:
  2907 ;;		line 193 in file "main.c"
  2908 ;; Parameters:    Size  Location     Type
  2909 ;;		None
  2910 ;; Auto vars:     Size  Location     Type
  2911 ;;		None
  2912 ;; Return value:  Size  Location     Type
  2913 ;;                  1    wreg      void 
  2914 ;; Registers used:
  2915 ;;		wreg, status,2, status,0, pclath, cstack
  2916 ;; Tracked objects:
  2917 ;;		On entry : 0/0
  2918 ;;		On exit  : 0/0
  2919 ;;		Unchanged: 0/0
  2920 ;; Data sizes:     COMMON   BANK0   BANK1   BANK3   BANK2
  2921 ;;      Params:         0       0       0       0       0
  2922 ;;      Locals:         0       0       0       0       0
  2923 ;;      Temps:          2       0       0       0       0
  2924 ;;      Totals:         2       0       0       0       0
  2925 ;;Total ram usage:        2 bytes
  2926 ;; Hardware stack levels used: 1
  2927 ;; Hardware stack levels required when called: 3
  2928 ;; This function calls:
  2929 ;;		_SRAM_Write
  2930 ;; This function is called by:
  2931 ;;		_SRAM_SaveSample
  2932 ;; This function uses a non-reentrant model
  2933 ;;
  2934                           
  2935     0D05                     _SRAM_SaveHeader:	
  2936                           ;psect for function _SRAM_SaveHeader
  2937                           
  2938     0D05                     l2671:	
  2939                           ;incstack = 0
  2940                           ; Regs used in _SRAM_SaveHeader: [wreg+status,2+status,0+pclath+cstack]
  2941                           
  2942                           
  2943                           ;main.c: 194:     SRAM_Write(0, sram_index); _delay((unsigned long)((5)*(20000000UL/4000
      +                          .0)));
  2944     0D05  1283               	bcf	3,5	;RP0=0, select bank0
  2945     0D06  1303               	bcf	3,6	;RP1=0, select bank0
  2946     0D07  084F               	movf	_sram_index,w
  2947     0D08  00F7               	movwf	SRAM_Write@data
  2948     0D09  3000               	movlw	0
  2949     0D0A  120A  158A  24A3  120A  158A  	fcall	_SRAM_Write
  2950     0D0F                     l2673:
  2951     0D0F  3021               	movlw	33
  2952     0D10  00FA               	movwf	??_SRAM_SaveHeader+1
  2953     0D11  3076               	movlw	118
  2954     0D12  00F9               	movwf	??_SRAM_SaveHeader
  2955     0D13                     u3337:
  2956     0D13  0BF9               	decfsz	??_SRAM_SaveHeader,f
  2957     0D14  2D13               	goto	u3337
  2958     0D15  0BFA               	decfsz	??_SRAM_SaveHeader+1,f
  2959     0D16  2D13               	goto	u3337
  2960     0D17  0000               	nop
  2961     0D18                     l2675:
  2962                           
  2963                           ;main.c: 195:     SRAM_Write(1, sram_count); _delay((unsigned long)((5)*(20000000UL/4000
      +                          .0)));
  2964     0D18  1283               	bcf	3,5	;RP0=0, select bank0
  2965     0D19  1303               	bcf	3,6	;RP1=0, select bank0
  2966     0D1A  084E               	movf	_sram_count,w
  2967     0D1B  00F7               	movwf	SRAM_Write@data
  2968     0D1C  3001               	movlw	1
  2969     0D1D  120A  158A  24A3  120A  158A  	fcall	_SRAM_Write
  2970     0D22  3021               	movlw	33
  2971     0D23  00FA               	movwf	??_SRAM_SaveHeader+1
  2972     0D24  3076               	movlw	118
  2973     0D25  00F9               	movwf	??_SRAM_SaveHeader
  2974     0D26                     u3347:
  2975     0D26  0BF9               	decfsz	??_SRAM_SaveHeader,f
  2976     0D27  2D26               	goto	u3347
  2977     0D28  0BFA               	decfsz	??_SRAM_SaveHeader+1,f
  2978     0D29  2D26               	goto	u3347
  2979     0D2A  0000               	nop
  2980     0D2B                     l192:
  2981     0D2B  0008               	return
  2982     0D2C                     __end_of_SRAM_SaveHeader:
  2983                           
  2984                           	psect	text11
  2985     0CA3                     __ptext11:	
  2986 ;; *************** function _SRAM_Write *****************
  2987 ;; Defined at:
  2988 ;;		line 179 in file "main.c"
  2989 ;; Parameters:    Size  Location     Type
  2990 ;;  addr            1    wreg     unsigned char 
  2991 ;;  data            1    7[COMMON] unsigned char 
  2992 ;; Auto vars:     Size  Location     Type
  2993 ;;  addr            1    8[COMMON] unsigned char 
  2994 ;; Return value:  Size  Location     Type
  2995 ;;                  1    wreg      void 
  2996 ;; Registers used:
  2997 ;;		wreg, status,2, status,0, pclath, cstack
  2998 ;; Tracked objects:
  2999 ;;		On entry : 0/0
  3000 ;;		On exit  : 0/0
  3001 ;;		Unchanged: 0/0
  3002 ;; Data sizes:     COMMON   BANK0   BANK1   BANK3   BANK2
  3003 ;;      Params:         1       0       0       0       0
  3004 ;;      Locals:         1       0       0       0       0
  3005 ;;      Temps:          0       0       0       0       0
  3006 ;;      Totals:         2       0       0       0       0
  3007 ;;Total ram usage:        2 bytes
  3008 ;; Hardware stack levels used: 1
  3009 ;; Hardware stack levels required when called: 1
  3010 ;; This function calls:
  3011 ;;		_I2C_Start
  3012 ;;		_I2C_Stop
  3013 ;;		_I2C_Write
  3014 ;; This function is called by:
  3015 ;;		_SRAM_SaveHeader
  3016 ;;		_SRAM_SaveSample
  3017 ;; This function uses a non-reentrant model
  3018 ;;
  3019                           
  3020     0CA3                     _SRAM_Write:	
  3021                           ;psect for function _SRAM_Write
  3022                           
  3023                           
  3024                           ;incstack = 0
  3025                           ; Regs used in _SRAM_Write: [wreg+status,2+status,0+pclath+cstack]
  3026                           ;SRAM_Write@addr stored from wreg
  3027     0CA3  00F8               	movwf	SRAM_Write@addr
  3028     0CA4                     l2609:
  3029                           
  3030                           ;main.c: 180:     I2C_Start();
  3031     0CA4  120A  158A  2465  120A  158A  	fcall	_I2C_Start
  3032                           
  3033                           ;main.c: 181:     I2C_Write(0xD0);
  3034     0CA9  30D0               	movlw	208
  3035     0CAA  120A  158A  24C2  120A  158A  	fcall	_I2C_Write
  3036                           
  3037                           ;main.c: 182:     I2C_Write(0x14 + addr);
  3038     0CAF  0878               	movf	SRAM_Write@addr,w
  3039     0CB0  3E14               	addlw	20
  3040     0CB1  120A  158A  24C2  120A  158A  	fcall	_I2C_Write
  3041                           
  3042                           ;main.c: 183:     I2C_Write(data);
  3043     0CB6  0877               	movf	SRAM_Write@data,w
  3044     0CB7  120A  158A  24C2  120A  158A  	fcall	_I2C_Write
  3045                           
  3046                           ;main.c: 184:     I2C_Stop();
  3047     0CBC  120A  158A  2484  120A  158A  	fcall	_I2C_Stop
  3048     0CC1                     l185:
  3049     0CC1  0008               	return
  3050     0CC2                     __end_of_SRAM_Write:
  3051                           
  3052                           	psect	text12
  3053     0BD6                     __ptext12:	
  3054 ;; *************** function _SRAM_LoadHeader *****************
  3055 ;; Defined at:
  3056 ;;		line 187 in file "main.c"
  3057 ;; Parameters:    Size  Location     Type
  3058 ;;		None
  3059 ;; Auto vars:     Size  Location     Type
  3060 ;;		None
  3061 ;; Return value:  Size  Location     Type
  3062 ;;                  1    wreg      void 
  3063 ;; Registers used:
  3064 ;;		wreg, status,2, status,0, pclath, cstack
  3065 ;; Tracked objects:
  3066 ;;		On entry : 0/0
  3067 ;;		On exit  : 0/0
  3068 ;;		Unchanged: 0/0
  3069 ;; Data sizes:     COMMON   BANK0   BANK1   BANK3   BANK2
  3070 ;;      Params:         0       0       0       0       0
  3071 ;;      Locals:         0       0       0       0       0
  3072 ;;      Temps:          0       0       0       0       0
  3073 ;;      Totals:         0       0       0       0       0
  3074 ;;Total ram usage:        0 bytes
  3075 ;; Hardware stack levels used: 1
  3076 ;; Hardware stack levels required when called: 3
  3077 ;; This function calls:
  3078 ;;		_SRAM_Read
  3079 ;; This function is called by:
  3080 ;;		_main
  3081 ;; This function uses a non-reentrant model
  3082 ;;
  3083                           
  3084     0BD6                     _SRAM_LoadHeader:	
  3085                           ;psect for function _SRAM_LoadHeader
  3086                           
  3087     0BD6                     l2821:	
  3088                           ;incstack = 0
  3089                           ; Regs used in _SRAM_LoadHeader: [wreg+status,2+status,0+pclath+cstack]
  3090                           
  3091                           
  3092                           ;main.c: 188:     sram_index = SRAM_Read(0);
  3093     0BD6  3000               	movlw	0
  3094     0BD7  120A  158A  252C  120A  158A  	fcall	_SRAM_Read
  3095     0BDC  1283               	bcf	3,5	;RP0=0, select bank0
  3096     0BDD  1303               	bcf	3,6	;RP1=0, select bank0
  3097     0BDE  00CF               	movwf	_sram_index
  3098                           
  3099                           ;main.c: 189:     sram_count = SRAM_Read(1);
  3100     0BDF  3001               	movlw	1
  3101     0BE0  120A  158A  252C  120A  158A  	fcall	_SRAM_Read
  3102     0BE5  1283               	bcf	3,5	;RP0=0, select bank0
  3103     0BE6  1303               	bcf	3,6	;RP1=0, select bank0
  3104     0BE7  00CE               	movwf	_sram_count
  3105     0BE8                     l2823:
  3106                           
  3107                           ;main.c: 190:     if (sram_index >= ((236 - 2) / 10)) { sram_index = 0; sram_count = 0; 
      +                          }
  3108     0BE8  3017               	movlw	23
  3109     0BE9  024F               	subwf	_sram_index,w
  3110     0BEA  1C03               	skipc
  3111     0BEB  2BED               	goto	u2961
  3112     0BEC  2BEE               	goto	u2960
  3113     0BED                     u2961:
  3114     0BED  2BF0               	goto	l189
  3115     0BEE                     u2960:
  3116     0BEE                     l2825:
  3117     0BEE  01CF               	clrf	_sram_index
  3118     0BEF  01CE               	clrf	_sram_count
  3119     0BF0                     l189:
  3120     0BF0  0008               	return
  3121     0BF1                     __end_of_SRAM_LoadHeader:
  3122                           
  3123                           	psect	text13
  3124     0D2C                     __ptext13:	
  3125 ;; *************** function _SRAM_Read *****************
  3126 ;; Defined at:
  3127 ;;		line 167 in file "main.c"
  3128 ;; Parameters:    Size  Location     Type
  3129 ;;  addr            1    wreg     unsigned char 
  3130 ;; Auto vars:     Size  Location     Type
  3131 ;;  addr            1    8[COMMON] unsigned char 
  3132 ;;  d               1    9[COMMON] unsigned char 
  3133 ;; Return value:  Size  Location     Type
  3134 ;;                  1    wreg      unsigned char 
  3135 ;; Registers used:
  3136 ;;		wreg, status,2, status,0, pclath, cstack
  3137 ;; Tracked objects:
  3138 ;;		On entry : 0/0
  3139 ;;		On exit  : 0/0
  3140 ;;		Unchanged: 0/0
  3141 ;; Data sizes:     COMMON   BANK0   BANK1   BANK3   BANK2
  3142 ;;      Params:         0       0       0       0       0
  3143 ;;      Locals:         2       0       0       0       0
  3144 ;;      Temps:          0       0       0       0       0
  3145 ;;      Totals:         2       0       0       0       0
  3146 ;;Total ram usage:        2 bytes
  3147 ;; Hardware stack levels used: 1
  3148 ;; Hardware stack levels required when called: 2
  3149 ;; This function calls:
  3150 ;;		_I2C_Read
  3151 ;;		_I2C_Start
  3152 ;;		_I2C_Stop
  3153 ;;		_I2C_Write
  3154 ;; This function is called by:
  3155 ;;		_SRAM_LoadHeader
  3156 ;;		_SRAM_ReadSample
  3157 ;; This function uses a non-reentrant model
  3158 ;;
  3159                           
  3160     0D2C                     _SRAM_Read:	
  3161                           ;psect for function _SRAM_Read
  3162                           
  3163                           
  3164                           ;incstack = 0
  3165                           ; Regs used in _SRAM_Read: [wreg+status,2+status,0+pclath+cstack]
  3166                           ;SRAM_Read@addr stored from wreg
  3167     0D2C  00F8               	movwf	SRAM_Read@addr
  3168     0D2D                     l2665:
  3169                           
  3170                           ;main.c: 168:     unsigned char d;;main.c: 169:     I2C_Start();
  3171     0D2D  120A  158A  2465  120A  158A  	fcall	_I2C_Start
  3172                           
  3173                           ;main.c: 170:     I2C_Write(0xD0);
  3174     0D32  30D0               	movlw	208
  3175     0D33  120A  158A  24C2  120A  158A  	fcall	_I2C_Write
  3176                           
  3177                           ;main.c: 171:     I2C_Write(0x14 + addr);
  3178     0D38  0878               	movf	SRAM_Read@addr,w
  3179     0D39  3E14               	addlw	20
  3180     0D3A  120A  158A  24C2  120A  158A  	fcall	_I2C_Write
  3181                           
  3182                           ;main.c: 172:     I2C_Start();
  3183     0D3F  120A  158A  2465  120A  158A  	fcall	_I2C_Start
  3184                           
  3185                           ;main.c: 173:     I2C_Write(0xD0 | 0x01);
  3186     0D44  30D1               	movlw	209
  3187     0D45  120A  158A  24C2  120A  158A  	fcall	_I2C_Write
  3188                           
  3189                           ;main.c: 174:     d = I2C_Read(0);
  3190     0D4A  3000               	movlw	0
  3191     0D4B  120A  158A  2712  120A  158A  	fcall	_I2C_Read
  3192     0D50  00F9               	movwf	SRAM_Read@d
  3193                           
  3194                           ;main.c: 175:     I2C_Stop();
  3195     0D51  120A  158A  2484  120A  158A  	fcall	_I2C_Stop
  3196     0D56                     l2667:
  3197                           
  3198                           ;main.c: 176:     return d;
  3199     0D56  0879               	movf	SRAM_Read@d,w
  3200     0D57                     l182:
  3201     0D57  0008               	return
  3202     0D58                     __end_of_SRAM_Read:
  3203                           
  3204                           	psect	text14
  3205     0BF1                     __ptext14:	
  3206 ;; *************** function _LCD_Print *****************
  3207 ;; Defined at:
  3208 ;;		line 283 in file "main.c"
  3209 ;; Parameters:    Size  Location     Type
  3210 ;;  s               1   10[COMMON] PTR const unsigned char 
  3211 ;;		 -> STR_6(3), STR_5(2), STR_4(2), STR_3(3), 
  3212 ;;		 -> STR_2(17), STR_1(17), 
  3213 ;; Auto vars:     Size  Location     Type
  3214 ;;		None
  3215 ;; Return value:  Size  Location     Type
  3216 ;;                  1    wreg      void 
  3217 ;; Registers used:
  3218 ;;		wreg, fsr0l, fsr0h, status,2, status,0, pclath, cstack
  3219 ;; Tracked objects:
  3220 ;;		On entry : 0/0
  3221 ;;		On exit  : 0/0
  3222 ;;		Unchanged: 0/0
  3223 ;; Data sizes:     COMMON   BANK0   BANK1   BANK3   BANK2
  3224 ;;      Params:         1       0       0       0       0
  3225 ;;      Locals:         0       0       0       0       0
  3226 ;;      Temps:          0       0       0       0       0
  3227 ;;      Totals:         1       0       0       0       0
  3228 ;;Total ram usage:        1 bytes
  3229 ;; Hardware stack levels used: 1
  3230 ;; Hardware stack levels required when called: 2
  3231 ;; This function calls:
  3232 ;;		_LCD_Data
  3233 ;; This function is called by:
  3234 ;;		_main
  3235 ;; This function uses a non-reentrant model
  3236 ;;
  3237                           
  3238     0BF1                     _LCD_Print:	
  3239                           ;psect for function _LCD_Print
  3240                           
  3241     0BF1                     l2899:	
  3242                           ;incstack = 0
  3243                           ; Regs used in _LCD_Print: [wreg-fsr0h+status,2+status,0+pclath+cstack]
  3244                           
  3245     0BF1  2C00               	goto	l2905
  3246     0BF2                     l2901:
  3247     0BF2  087A               	movf	LCD_Print@s,w
  3248     0BF3  0084               	movwf	4
  3249     0BF4  120A  158A  2000  120A  158A  	fcall	stringdir
  3250     0BF9  120A  158A  2340  120A  158A  	fcall	_LCD_Data
  3251     0BFE                     l2903:
  3252     0BFE  3001               	movlw	1
  3253     0BFF  07FA               	addwf	LCD_Print@s,f
  3254     0C00                     l2905:
  3255     0C00  087A               	movf	LCD_Print@s,w
  3256     0C01  0084               	movwf	4
  3257     0C02  120A  158A  2000  120A  158A  	fcall	stringdir
  3258     0C07  3A00               	xorlw	0
  3259     0C08  1D03               	skipz
  3260     0C09  2C0B               	goto	u3011
  3261     0C0A  2C0C               	goto	u3010
  3262     0C0B                     u3011:
  3263     0C0B  2BF2               	goto	l2901
  3264     0C0C                     u3010:
  3265     0C0C                     l232:
  3266     0C0C  0008               	return
  3267     0C0D                     __end_of_LCD_Print:
  3268                           
  3269                           	psect	text15
  3270     0E80                     __ptext15:	
  3271 ;; *************** function _LCD_NumFrac *****************
  3272 ;; Defined at:
  3273 ;;		line 294 in file "main.c"
  3274 ;; Parameters:    Size  Location     Type
  3275 ;;  n               2   12[BANK0 ] unsigned int 
  3276 ;;  den             1   14[BANK0 ] unsigned char 
  3277 ;; Auto vars:     Size  Location     Type
  3278 ;;		None
  3279 ;; Return value:  Size  Location     Type
  3280 ;;                  1    wreg      void 
  3281 ;; Registers used:
  3282 ;;		wreg, fsr0l, fsr0h, status,2, status,0, pclath, cstack
  3283 ;; Tracked objects:
  3284 ;;		On entry : 0/0
  3285 ;;		On exit  : 0/0
  3286 ;;		Unchanged: 0/0
  3287 ;; Data sizes:     COMMON   BANK0   BANK1   BANK3   BANK2
  3288 ;;      Params:         0       3       0       0       0
  3289 ;;      Locals:         0       4       0       0       0
  3290 ;;      Temps:          0       2       0       0       0
  3291 ;;      Totals:         0       9       0       0       0
  3292 ;;Total ram usage:        9 bytes
  3293 ;; Hardware stack levels used: 1
  3294 ;; Hardware stack levels required when called: 2
  3295 ;; This function calls:
  3296 ;;		_LCD_Data
  3297 ;;		_LCD_Num
  3298 ;;		___lwdiv
  3299 ;;		___lwmod
  3300 ;; This function is called by:
  3301 ;;		_main
  3302 ;; This function uses a non-reentrant model
  3303 ;;
  3304                           
  3305     0E80                     _LCD_NumFrac:	
  3306                           ;psect for function _LCD_NumFrac
  3307                           
  3308     0E80                     l2909:	
  3309                           ;incstack = 0
  3310                           ; Regs used in _LCD_NumFrac: [wreg-fsr0h+status,2+status,0+pclath+cstack]
  3311                           
  3312                           
  3313                           ;main.c: 295:     LCD_Num(n / den);
  3314     0E80  1283               	bcf	3,5	;RP0=0, select bank0
  3315     0E81  1303               	bcf	3,6	;RP1=0, select bank0
  3316     0E82  082E               	movf	LCD_NumFrac@den,w
  3317     0E83  00AF               	movwf	??_LCD_NumFrac
  3318     0E84  01B0               	clrf	??_LCD_NumFrac+1
  3319     0E85  082F               	movf	??_LCD_NumFrac,w
  3320     0E86  00F2               	movwf	___lwdiv@divisor
  3321     0E87  0830               	movf	??_LCD_NumFrac+1,w
  3322     0E88  00F3               	movwf	___lwdiv@divisor+1
  3323     0E89  082D               	movf	LCD_NumFrac@n+1,w
  3324     0E8A  00F5               	movwf	___lwdiv@dividend+1
  3325     0E8B  082C               	movf	LCD_NumFrac@n,w
  3326     0E8C  00F4               	movwf	___lwdiv@dividend
  3327     0E8D  120A  158A  263E  120A  158A  	fcall	___lwdiv
  3328     0E92  0873               	movf	?___lwdiv+1,w
  3329     0E93  1283               	bcf	3,5	;RP0=0, select bank0
  3330     0E94  1303               	bcf	3,6	;RP1=0, select bank0
  3331     0E95  00B2               	movwf	_LCD_NumFrac$1226+1
  3332     0E96  0872               	movf	?___lwdiv,w
  3333     0E97  00B1               	movwf	_LCD_NumFrac$1226
  3334     0E98                     l2911:
  3335                           
  3336                           ;main.c: 295:     LCD_Num(n / den);
  3337     0E98  0832               	movf	_LCD_NumFrac$1226+1,w
  3338     0E99  00A5               	movwf	LCD_Num@n+1
  3339     0E9A  0831               	movf	_LCD_NumFrac$1226,w
  3340     0E9B  00A4               	movwf	LCD_Num@n
  3341     0E9C  120A  158A  27AA  120A  158A  	fcall	_LCD_Num
  3342     0EA1                     l2913:
  3343                           
  3344                           ;main.c: 296:     LCD_Data('.');
  3345     0EA1  302E               	movlw	46
  3346     0EA2  120A  158A  2340  120A  158A  	fcall	_LCD_Data
  3347     0EA7                     l2915:
  3348                           
  3349                           ;main.c: 297:     LCD_Num(n % den);
  3350     0EA7  1283               	bcf	3,5	;RP0=0, select bank0
  3351     0EA8  1303               	bcf	3,6	;RP1=0, select bank0
  3352     0EA9  082E               	movf	LCD_NumFrac@den,w
  3353     0EAA  00AF               	movwf	??_LCD_NumFrac
  3354     0EAB  01B0               	clrf	??_LCD_NumFrac+1
  3355     0EAC  082F               	movf	??_LCD_NumFrac,w
  3356     0EAD  00F2               	movwf	___lwmod@divisor
  3357     0EAE  0830               	movf	??_LCD_NumFrac+1,w
  3358     0EAF  00F3               	movwf	___lwmod@divisor+1
  3359     0EB0  082D               	movf	LCD_NumFrac@n+1,w
  3360     0EB1  00F5               	movwf	___lwmod@dividend+1
  3361     0EB2  082C               	movf	LCD_NumFrac@n,w
  3362     0EB3  00F4               	movwf	___lwmod@dividend
  3363     0EB4  120A  158A  258E  120A  158A  	fcall	___lwmod
  3364     0EB9  0873               	movf	?___lwmod+1,w
  3365     0EBA  1283               	bcf	3,5	;RP0=0, select bank0
  3366     0EBB  1303               	bcf	3,6	;RP1=0, select bank0
  3367     0EBC  00B4               	movwf	_LCD_NumFrac$1227+1
  3368     0EBD  0872               	movf	?___lwmod,w
  3369     0EBE  00B3               	movwf	_LCD_NumFrac$1227
  3370     0EBF                     l2917:
  3371                           
  3372                           ;main.c: 297:     LCD_Num(n % den);
  3373     0EBF  0834               	movf	_LCD_NumFrac$1227+1,w
  3374     0EC0  00A5               	movwf	LCD_Num@n+1
  3375     0EC1  0833               	movf	_LCD_NumFrac$1227,w
  3376     0EC2  00A4               	movwf	LCD_Num@n
  3377     0EC3  120A  158A  27AA  120A  158A  	fcall	_LCD_Num
  3378     0EC8                     l248:
  3379     0EC8  0008               	return
  3380     0EC9                     __end_of_LCD_NumFrac:
  3381                           
  3382                           	psect	text16
  3383     0DC6                     __ptext16:	
  3384 ;; *************** function _LCD_Num2 *****************
  3385 ;; Defined at:
  3386 ;;		line 292 in file "main.c"
  3387 ;; Parameters:    Size  Location     Type
  3388 ;;  n               1    wreg     unsigned char 
  3389 ;; Auto vars:     Size  Location     Type
  3390 ;;  n               1   10[COMMON] unsigned char 
  3391 ;; Return value:  Size  Location     Type
  3392 ;;                  1    wreg      void 
  3393 ;; Registers used:
  3394 ;;		wreg, fsr0l, fsr0h, status,2, status,0, pclath, cstack
  3395 ;; Tracked objects:
  3396 ;;		On entry : 0/0
  3397 ;;		On exit  : 0/0
  3398 ;;		Unchanged: 0/0
  3399 ;; Data sizes:     COMMON   BANK0   BANK1   BANK3   BANK2
  3400 ;;      Params:         0       0       0       0       0
  3401 ;;      Locals:         1       0       0       0       0
  3402 ;;      Temps:          0       2       0       0       0
  3403 ;;      Totals:         1       2       0       0       0
  3404 ;;Total ram usage:        3 bytes
  3405 ;; Hardware stack levels used: 1
  3406 ;; Hardware stack levels required when called: 2
  3407 ;; This function calls:
  3408 ;;		_LCD_Num
  3409 ;;		___awdiv
  3410 ;;		___awmod
  3411 ;; This function is called by:
  3412 ;;		_main
  3413 ;; This function uses a non-reentrant model
  3414 ;;
  3415                           
  3416     0DC6                     _LCD_Num2:	
  3417                           ;psect for function _LCD_Num2
  3418                           
  3419                           
  3420                           ;incstack = 0
  3421                           ; Regs used in _LCD_Num2: [wreg-fsr0h+status,2+status,0+pclath+cstack]
  3422                           ;LCD_Num2@n stored from wreg
  3423     0DC6  00FA               	movwf	LCD_Num2@n
  3424     0DC7                     l2907:
  3425     0DC7  300A               	movlw	10
  3426     0DC8  00F2               	movwf	___awdiv@divisor
  3427     0DC9  3000               	movlw	0
  3428     0DCA  00F3               	movwf	___awdiv@divisor+1
  3429     0DCB  087A               	movf	LCD_Num2@n,w
  3430     0DCC  1283               	bcf	3,5	;RP0=0, select bank0
  3431     0DCD  1303               	bcf	3,6	;RP1=0, select bank0
  3432     0DCE  00AC               	movwf	??_LCD_Num2
  3433     0DCF  01AD               	clrf	??_LCD_Num2+1
  3434     0DD0  082C               	movf	??_LCD_Num2,w
  3435     0DD1  00F4               	movwf	___awdiv@dividend
  3436     0DD2  082D               	movf	??_LCD_Num2+1,w
  3437     0DD3  00F5               	movwf	___awdiv@dividend+1
  3438     0DD4  120A  118A  26EC  120A  158A  	fcall	___awdiv
  3439     0DD9  0873               	movf	?___awdiv+1,w
  3440     0DDA  1283               	bcf	3,5	;RP0=0, select bank0
  3441     0DDB  1303               	bcf	3,6	;RP1=0, select bank0
  3442     0DDC  00A5               	movwf	LCD_Num@n+1
  3443     0DDD  0872               	movf	?___awdiv,w
  3444     0DDE  00A4               	movwf	LCD_Num@n
  3445     0DDF  120A  158A  27AA  120A  158A  	fcall	_LCD_Num
  3446     0DE4  300A               	movlw	10
  3447     0DE5  00F2               	movwf	___awmod@divisor
  3448     0DE6  3000               	movlw	0
  3449     0DE7  00F3               	movwf	___awmod@divisor+1
  3450     0DE8  087A               	movf	LCD_Num2@n,w
  3451     0DE9  1283               	bcf	3,5	;RP0=0, select bank0
  3452     0DEA  1303               	bcf	3,6	;RP1=0, select bank0
  3453     0DEB  00AC               	movwf	??_LCD_Num2
  3454     0DEC  01AD               	clrf	??_LCD_Num2+1
  3455     0DED  082C               	movf	??_LCD_Num2,w
  3456     0DEE  00F4               	movwf	___awmod@dividend
  3457     0DEF  082D               	movf	??_LCD_Num2+1,w
  3458     0DF0  00F5               	movwf	___awmod@dividend+1
  3459     0DF1  120A  118A  274F  120A  158A  	fcall	___awmod
  3460     0DF6  0873               	movf	?___awmod+1,w
  3461     0DF7  1283               	bcf	3,5	;RP0=0, select bank0
  3462     0DF8  1303               	bcf	3,6	;RP1=0, select bank0
  3463     0DF9  00A5               	movwf	LCD_Num@n+1
  3464     0DFA  0872               	movf	?___awmod,w
  3465     0DFB  00A4               	movwf	LCD_Num@n
  3466     0DFC  120A  158A  27AA  120A  158A  	fcall	_LCD_Num
  3467     0E01                     l245:
  3468     0E01  0008               	return
  3469     0E02                     __end_of_LCD_Num2:
  3470                           
  3471                           	psect	text17
  3472     074F                     __ptext17:	
  3473 ;; *************** function ___awmod *****************
  3474 ;; Defined at:
  3475 ;;		line 5 in file "C:\Program Files\Microchip\xc8\v3.10\pic\sources\c99\common\awmod.c"
  3476 ;; Parameters:    Size  Location     Type
  3477 ;;  divisor         2    2[COMMON] int 
  3478 ;;  dividend        2    4[COMMON] int 
  3479 ;; Auto vars:     Size  Location     Type
  3480 ;;  sign            1    7[COMMON] unsigned char 
  3481 ;;  counter         1    6[COMMON] unsigned char 
  3482 ;; Return value:  Size  Location     Type
  3483 ;;                  2    2[COMMON] int 
  3484 ;; Registers used:
  3485 ;;		wreg, status,2, status,0
  3486 ;; Tracked objects:
  3487 ;;		On entry : 0/0
  3488 ;;		On exit  : 0/0
  3489 ;;		Unchanged: 0/0
  3490 ;; Data sizes:     COMMON   BANK0   BANK1   BANK3   BANK2
  3491 ;;      Params:         4       0       0       0       0
  3492 ;;      Locals:         2       0       0       0       0
  3493 ;;      Temps:          0       0       0       0       0
  3494 ;;      Totals:         6       0       0       0       0
  3495 ;;Total ram usage:        6 bytes
  3496 ;; Hardware stack levels used: 1
  3497 ;; Hardware stack levels required when called: 1
  3498 ;; This function calls:
  3499 ;;		Nothing
  3500 ;; This function is called by:
  3501 ;;		_LCD_Num2
  3502 ;;		_UART_Num2
  3503 ;;		_DECtoBCD
  3504 ;; This function uses a non-reentrant model
  3505 ;;
  3506                           
  3507     074F                     ___awmod:	
  3508                           ;psect for function ___awmod
  3509                           
  3510     074F                     l2781:	
  3511                           ;incstack = 0
  3512                           ; Regs used in ___awmod: [wreg+status,2+status,0]
  3513                           
  3514     074F  01F7               	clrf	___awmod@sign
  3515     0750                     l2783:
  3516     0750  1FF5               	btfss	___awmod@dividend+1,7
  3517     0751  2F53               	goto	u2871
  3518     0752  2F54               	goto	u2870
  3519     0753                     u2871:
  3520     0753  2F5B               	goto	l2789
  3521     0754                     u2870:
  3522     0754                     l2785:
  3523     0754  09F4               	comf	___awmod@dividend,f
  3524     0755  09F5               	comf	___awmod@dividend+1,f
  3525     0756  0AF4               	incf	___awmod@dividend,f
  3526     0757  1903               	skipnz
  3527     0758  0AF5               	incf	___awmod@dividend+1,f
  3528     0759                     l2787:
  3529     0759  3001               	movlw	1
  3530     075A  00F7               	movwf	___awmod@sign
  3531     075B                     l2789:
  3532     075B  1FF3               	btfss	___awmod@divisor+1,7
  3533     075C  2F5E               	goto	u2881
  3534     075D  2F5F               	goto	u2880
  3535     075E                     u2881:
  3536     075E  2F64               	goto	l2793
  3537     075F                     u2880:
  3538     075F                     l2791:
  3539     075F  09F2               	comf	___awmod@divisor,f
  3540     0760  09F3               	comf	___awmod@divisor+1,f
  3541     0761  0AF2               	incf	___awmod@divisor,f
  3542     0762  1903               	skipnz
  3543     0763  0AF3               	incf	___awmod@divisor+1,f
  3544     0764                     l2793:
  3545     0764  0872               	movf	___awmod@divisor,w
  3546     0765  0473               	iorwf	___awmod@divisor+1,w
  3547     0766  1903               	btfsc	3,2
  3548     0767  2F69               	goto	u2891
  3549     0768  2F6A               	goto	u2890
  3550     0769                     u2891:
  3551     0769  2F97               	goto	l2811
  3552     076A                     u2890:
  3553     076A                     l2795:
  3554     076A  3001               	movlw	1
  3555     076B  00F6               	movwf	___awmod@counter
  3556     076C  2F76               	goto	l2801
  3557     076D                     l2797:
  3558     076D  3001               	movlw	1
  3559     076E                     u2905:
  3560     076E  1003               	clrc
  3561     076F  0DF2               	rlf	___awmod@divisor,f
  3562     0770  0DF3               	rlf	___awmod@divisor+1,f
  3563     0771  3EFF               	addlw	-1
  3564     0772  1D03               	skipz
  3565     0773  2F6E               	goto	u2905
  3566     0774                     l2799:
  3567     0774  3001               	movlw	1
  3568     0775  07F6               	addwf	___awmod@counter,f
  3569     0776                     l2801:
  3570     0776  1FF3               	btfss	___awmod@divisor+1,7
  3571     0777  2F79               	goto	u2911
  3572     0778  2F7A               	goto	u2910
  3573     0779                     u2911:
  3574     0779  2F6D               	goto	l2797
  3575     077A                     u2910:
  3576     077A                     l2803:
  3577     077A  0873               	movf	___awmod@divisor+1,w
  3578     077B  0275               	subwf	___awmod@dividend+1,w
  3579     077C  1D03               	skipz
  3580     077D  2F80               	goto	u2925
  3581     077E  0872               	movf	___awmod@divisor,w
  3582     077F  0274               	subwf	___awmod@dividend,w
  3583     0780                     u2925:
  3584     0780  1C03               	skipc
  3585     0781  2F83               	goto	u2921
  3586     0782  2F84               	goto	u2920
  3587     0783                     u2921:
  3588     0783  2F8A               	goto	l2807
  3589     0784                     u2920:
  3590     0784                     l2805:
  3591     0784  0872               	movf	___awmod@divisor,w
  3592     0785  02F4               	subwf	___awmod@dividend,f
  3593     0786  0873               	movf	___awmod@divisor+1,w
  3594     0787  1C03               	skipc
  3595     0788  03F5               	decf	___awmod@dividend+1,f
  3596     0789  02F5               	subwf	___awmod@dividend+1,f
  3597     078A                     l2807:
  3598     078A  3001               	movlw	1
  3599     078B                     u2935:
  3600     078B  1003               	clrc
  3601     078C  0CF3               	rrf	___awmod@divisor+1,f
  3602     078D  0CF2               	rrf	___awmod@divisor,f
  3603     078E  3EFF               	addlw	-1
  3604     078F  1D03               	skipz
  3605     0790  2F8B               	goto	u2935
  3606     0791                     l2809:
  3607     0791  3001               	movlw	1
  3608     0792  02F6               	subwf	___awmod@counter,f
  3609     0793  1D03               	btfss	3,2
  3610     0794  2F96               	goto	u2941
  3611     0795  2F97               	goto	u2940
  3612     0796                     u2941:
  3613     0796  2F7A               	goto	l2803
  3614     0797                     u2940:
  3615     0797                     l2811:
  3616     0797  0877               	movf	___awmod@sign,w
  3617     0798  1903               	btfsc	3,2
  3618     0799  2F9B               	goto	u2951
  3619     079A  2F9C               	goto	u2950
  3620     079B                     u2951:
  3621     079B  2FA1               	goto	l2815
  3622     079C                     u2950:
  3623     079C                     l2813:
  3624     079C  09F4               	comf	___awmod@dividend,f
  3625     079D  09F5               	comf	___awmod@dividend+1,f
  3626     079E  0AF4               	incf	___awmod@dividend,f
  3627     079F  1903               	skipnz
  3628     07A0  0AF5               	incf	___awmod@dividend+1,f
  3629     07A1                     l2815:
  3630     07A1  0875               	movf	___awmod@dividend+1,w
  3631     07A2  00F3               	movwf	?___awmod+1
  3632     07A3  0874               	movf	___awmod@dividend,w
  3633     07A4  00F2               	movwf	?___awmod
  3634     07A5                     l599:
  3635     07A5  0008               	return
  3636     07A6                     __end_of___awmod:
  3637                           
  3638                           	psect	text18
  3639     06EC                     __ptext18:	
  3640 ;; *************** function ___awdiv *****************
  3641 ;; Defined at:
  3642 ;;		line 5 in file "C:\Program Files\Microchip\xc8\v3.10\pic\sources\c99\common\awdiv.c"
  3643 ;; Parameters:    Size  Location     Type
  3644 ;;  divisor         2    2[COMMON] int 
  3645 ;;  dividend        2    4[COMMON] int 
  3646 ;; Auto vars:     Size  Location     Type
  3647 ;;  quotient        2    8[COMMON] int 
  3648 ;;  sign            1    7[COMMON] unsigned char 
  3649 ;;  counter         1    6[COMMON] unsigned char 
  3650 ;; Return value:  Size  Location     Type
  3651 ;;                  2    2[COMMON] int 
  3652 ;; Registers used:
  3653 ;;		wreg, status,2, status,0
  3654 ;; Tracked objects:
  3655 ;;		On entry : 0/0
  3656 ;;		On exit  : 0/0
  3657 ;;		Unchanged: 0/0
  3658 ;; Data sizes:     COMMON   BANK0   BANK1   BANK3   BANK2
  3659 ;;      Params:         4       0       0       0       0
  3660 ;;      Locals:         4       0       0       0       0
  3661 ;;      Temps:          0       0       0       0       0
  3662 ;;      Totals:         8       0       0       0       0
  3663 ;;Total ram usage:        8 bytes
  3664 ;; Hardware stack levels used: 1
  3665 ;; Hardware stack levels required when called: 1
  3666 ;; This function calls:
  3667 ;;		Nothing
  3668 ;; This function is called by:
  3669 ;;		_LCD_Num2
  3670 ;;		_UART_Num2
  3671 ;;		_DECtoBCD
  3672 ;; This function uses a non-reentrant model
  3673 ;;
  3674                           
  3675     06EC                     ___awdiv:	
  3676                           ;psect for function ___awdiv
  3677                           
  3678     06EC                     l2737:	
  3679                           ;incstack = 0
  3680                           ; Regs used in ___awdiv: [wreg+status,2+status,0]
  3681                           
  3682     06EC  01F7               	clrf	___awdiv@sign
  3683     06ED                     l2739:
  3684     06ED  1FF3               	btfss	___awdiv@divisor+1,7
  3685     06EE  2EF0               	goto	u2771
  3686     06EF  2EF1               	goto	u2770
  3687     06F0                     u2771:
  3688     06F0  2EF8               	goto	l2745
  3689     06F1                     u2770:
  3690     06F1                     l2741:
  3691     06F1  09F2               	comf	___awdiv@divisor,f
  3692     06F2  09F3               	comf	___awdiv@divisor+1,f
  3693     06F3  0AF2               	incf	___awdiv@divisor,f
  3694     06F4  1903               	skipnz
  3695     06F5  0AF3               	incf	___awdiv@divisor+1,f
  3696     06F6                     l2743:
  3697     06F6  3001               	movlw	1
  3698     06F7  00F7               	movwf	___awdiv@sign
  3699     06F8                     l2745:
  3700     06F8  1FF5               	btfss	___awdiv@dividend+1,7
  3701     06F9  2EFB               	goto	u2781
  3702     06FA  2EFC               	goto	u2780
  3703     06FB                     u2781:
  3704     06FB  2F03               	goto	l2751
  3705     06FC                     u2780:
  3706     06FC                     l2747:
  3707     06FC  09F4               	comf	___awdiv@dividend,f
  3708     06FD  09F5               	comf	___awdiv@dividend+1,f
  3709     06FE  0AF4               	incf	___awdiv@dividend,f
  3710     06FF  1903               	skipnz
  3711     0700  0AF5               	incf	___awdiv@dividend+1,f
  3712     0701                     l2749:
  3713     0701  3001               	movlw	1
  3714     0702  06F7               	xorwf	___awdiv@sign,f
  3715     0703                     l2751:
  3716     0703  01F8               	clrf	___awdiv@quotient
  3717     0704  01F9               	clrf	___awdiv@quotient+1
  3718     0705                     l2753:
  3719     0705  0872               	movf	___awdiv@divisor,w
  3720     0706  0473               	iorwf	___awdiv@divisor+1,w
  3721     0707  1903               	btfsc	3,2
  3722     0708  2F0A               	goto	u2791
  3723     0709  2F0B               	goto	u2790
  3724     070A                     u2791:
  3725     070A  2F40               	goto	l2773
  3726     070B                     u2790:
  3727     070B                     l2755:
  3728     070B  3001               	movlw	1
  3729     070C  00F6               	movwf	___awdiv@counter
  3730     070D  2F17               	goto	l2761
  3731     070E                     l2757:
  3732     070E  3001               	movlw	1
  3733     070F                     u2805:
  3734     070F  1003               	clrc
  3735     0710  0DF2               	rlf	___awdiv@divisor,f
  3736     0711  0DF3               	rlf	___awdiv@divisor+1,f
  3737     0712  3EFF               	addlw	-1
  3738     0713  1D03               	skipz
  3739     0714  2F0F               	goto	u2805
  3740     0715                     l2759:
  3741     0715  3001               	movlw	1
  3742     0716  07F6               	addwf	___awdiv@counter,f
  3743     0717                     l2761:
  3744     0717  1FF3               	btfss	___awdiv@divisor+1,7
  3745     0718  2F1A               	goto	u2811
  3746     0719  2F1B               	goto	u2810
  3747     071A                     u2811:
  3748     071A  2F0E               	goto	l2757
  3749     071B                     u2810:
  3750     071B                     l2763:
  3751     071B  3001               	movlw	1
  3752     071C                     u2825:
  3753     071C  1003               	clrc
  3754     071D  0DF8               	rlf	___awdiv@quotient,f
  3755     071E  0DF9               	rlf	___awdiv@quotient+1,f
  3756     071F  3EFF               	addlw	-1
  3757     0720  1D03               	skipz
  3758     0721  2F1C               	goto	u2825
  3759     0722  0873               	movf	___awdiv@divisor+1,w
  3760     0723  0275               	subwf	___awdiv@dividend+1,w
  3761     0724  1D03               	skipz
  3762     0725  2F28               	goto	u2835
  3763     0726  0872               	movf	___awdiv@divisor,w
  3764     0727  0274               	subwf	___awdiv@dividend,w
  3765     0728                     u2835:
  3766     0728  1C03               	skipc
  3767     0729  2F2B               	goto	u2831
  3768     072A  2F2C               	goto	u2830
  3769     072B                     u2831:
  3770     072B  2F33               	goto	l2769
  3771     072C                     u2830:
  3772     072C                     l2765:
  3773     072C  0872               	movf	___awdiv@divisor,w
  3774     072D  02F4               	subwf	___awdiv@dividend,f
  3775     072E  0873               	movf	___awdiv@divisor+1,w
  3776     072F  1C03               	skipc
  3777     0730  03F5               	decf	___awdiv@dividend+1,f
  3778     0731  02F5               	subwf	___awdiv@dividend+1,f
  3779     0732                     l2767:
  3780     0732  1478               	bsf	___awdiv@quotient,0
  3781     0733                     l2769:
  3782     0733  3001               	movlw	1
  3783     0734                     u2845:
  3784     0734  1003               	clrc
  3785     0735  0CF3               	rrf	___awdiv@divisor+1,f
  3786     0736  0CF2               	rrf	___awdiv@divisor,f
  3787     0737  3EFF               	addlw	-1
  3788     0738  1D03               	skipz
  3789     0739  2F34               	goto	u2845
  3790     073A                     l2771:
  3791     073A  3001               	movlw	1
  3792     073B  02F6               	subwf	___awdiv@counter,f
  3793     073C  1D03               	btfss	3,2
  3794     073D  2F3F               	goto	u2851
  3795     073E  2F40               	goto	u2850
  3796     073F                     u2851:
  3797     073F  2F1B               	goto	l2763
  3798     0740                     u2850:
  3799     0740                     l2773:
  3800     0740  0877               	movf	___awdiv@sign,w
  3801     0741  1903               	btfsc	3,2
  3802     0742  2F44               	goto	u2861
  3803     0743  2F45               	goto	u2860
  3804     0744                     u2861:
  3805     0744  2F4A               	goto	l2777
  3806     0745                     u2860:
  3807     0745                     l2775:
  3808     0745  09F8               	comf	___awdiv@quotient,f
  3809     0746  09F9               	comf	___awdiv@quotient+1,f
  3810     0747  0AF8               	incf	___awdiv@quotient,f
  3811     0748  1903               	skipnz
  3812     0749  0AF9               	incf	___awdiv@quotient+1,f
  3813     074A                     l2777:
  3814     074A  0879               	movf	___awdiv@quotient+1,w
  3815     074B  00F3               	movwf	?___awdiv+1
  3816     074C  0878               	movf	___awdiv@quotient,w
  3817     074D  00F2               	movwf	?___awdiv
  3818     074E                     l586:
  3819     074E  0008               	return
  3820     074F                     __end_of___awdiv:
  3821                           
  3822                           	psect	text19
  3823     0FAA                     __ptext19:	
  3824 ;; *************** function _LCD_Num *****************
  3825 ;; Defined at:
  3826 ;;		line 285 in file "main.c"
  3827 ;; Parameters:    Size  Location     Type
  3828 ;;  n               2    4[BANK0 ] unsigned int 
  3829 ;; Auto vars:     Size  Location     Type
  3830 ;;  buf             5    6[BANK0 ] unsigned char [5]
  3831 ;;  i               1   11[BANK0 ] unsigned char 
  3832 ;; Return value:  Size  Location     Type
  3833 ;;                  1    wreg      void 
  3834 ;; Registers used:
  3835 ;;		wreg, fsr0l, fsr0h, status,2, status,0, pclath, cstack
  3836 ;; Tracked objects:
  3837 ;;		On entry : 0/0
  3838 ;;		On exit  : 0/0
  3839 ;;		Unchanged: 0/0
  3840 ;; Data sizes:     COMMON   BANK0   BANK1   BANK3   BANK2
  3841 ;;      Params:         0       2       0       0       0
  3842 ;;      Locals:         0       6       0       0       0
  3843 ;;      Temps:          0       0       0       0       0
  3844 ;;      Totals:         0       8       0       0       0
  3845 ;;Total ram usage:        8 bytes
  3846 ;; Hardware stack levels used: 1
  3847 ;; Hardware stack levels required when called: 1
  3848 ;; This function calls:
  3849 ;;		_LCD_Data
  3850 ;;		___lwdiv
  3851 ;;		___lwmod
  3852 ;; This function is called by:
  3853 ;;		_LCD_Num2
  3854 ;;		_LCD_NumFrac
  3855 ;;		_main
  3856 ;; This function uses a non-reentrant model
  3857 ;;
  3858                           
  3859     0FAA                     _LCD_Num:	
  3860                           ;psect for function _LCD_Num
  3861                           
  3862     0FAA                     l2697:	
  3863                           ;incstack = 0
  3864                           ; Regs used in _LCD_Num: [wreg-fsr0h+status,2+status,0+pclath+cstack]
  3865                           
  3866                           
  3867                           ;main.c: 286:     unsigned char buf[5], i = 0;
  3868     0FAA  1283               	bcf	3,5	;RP0=0, select bank0
  3869     0FAB  1303               	bcf	3,6	;RP1=0, select bank0
  3870     0FAC  01AB               	clrf	LCD_Num@i
  3871     0FAD                     l2699:
  3872                           
  3873                           ;main.c: 287:     if (n == 0) { LCD_Data('0'); return; }
  3874     0FAD  0824               	movf	LCD_Num@n,w
  3875     0FAE  0425               	iorwf	LCD_Num@n+1,w
  3876     0FAF  1D03               	btfss	3,2
  3877     0FB0  2FB2               	goto	u2711
  3878     0FB1  2FB3               	goto	u2710
  3879     0FB2                     u2711:
  3880     0FB2  2FE5               	goto	l2711
  3881     0FB3                     u2710:
  3882     0FB3                     l2701:
  3883     0FB3  3030               	movlw	48
  3884     0FB4  120A  158A  2340  120A  158A  	fcall	_LCD_Data
  3885     0FB9  2FFF               	goto	l236
  3886     0FBA                     l2705:
  3887     0FBA  082B               	movf	LCD_Num@i,w
  3888     0FBB  3E26               	addlw	(low (LCD_Num@buf| 0))& (0+255)
  3889     0FBC  0084               	movwf	4
  3890     0FBD  300A               	movlw	10
  3891     0FBE  00F2               	movwf	___lwmod@divisor
  3892     0FBF  3000               	movlw	0
  3893     0FC0  00F3               	movwf	___lwmod@divisor+1
  3894     0FC1  0825               	movf	LCD_Num@n+1,w
  3895     0FC2  00F5               	movwf	___lwmod@dividend+1
  3896     0FC3  0824               	movf	LCD_Num@n,w
  3897     0FC4  00F4               	movwf	___lwmod@dividend
  3898     0FC5  120A  158A  258E  120A  158A  	fcall	___lwmod
  3899     0FCA  0872               	movf	?___lwmod,w
  3900     0FCB  3E30               	addlw	48
  3901     0FCC  1383               	bcf	3,7	;select IRP bank0
  3902     0FCD  0080               	movwf	0
  3903     0FCE                     l2707:
  3904     0FCE  3001               	movlw	1
  3905     0FCF  1283               	bcf	3,5	;RP0=0, select bank0
  3906     0FD0  1303               	bcf	3,6	;RP1=0, select bank0
  3907     0FD1  07AB               	addwf	LCD_Num@i,f
  3908     0FD2                     l2709:
  3909     0FD2  300A               	movlw	10
  3910     0FD3  00F2               	movwf	___lwdiv@divisor
  3911     0FD4  3000               	movlw	0
  3912     0FD5  00F3               	movwf	___lwdiv@divisor+1
  3913     0FD6  0825               	movf	LCD_Num@n+1,w
  3914     0FD7  00F5               	movwf	___lwdiv@dividend+1
  3915     0FD8  0824               	movf	LCD_Num@n,w
  3916     0FD9  00F4               	movwf	___lwdiv@dividend
  3917     0FDA  120A  158A  263E  120A  158A  	fcall	___lwdiv
  3918     0FDF  0873               	movf	?___lwdiv+1,w
  3919     0FE0  1283               	bcf	3,5	;RP0=0, select bank0
  3920     0FE1  1303               	bcf	3,6	;RP1=0, select bank0
  3921     0FE2  00A5               	movwf	LCD_Num@n+1
  3922     0FE3  0872               	movf	?___lwdiv,w
  3923     0FE4  00A4               	movwf	LCD_Num@n
  3924     0FE5                     l2711:
  3925     0FE5  0824               	movf	LCD_Num@n,w
  3926     0FE6  0425               	iorwf	LCD_Num@n+1,w
  3927     0FE7  1D03               	btfss	3,2
  3928     0FE8  2FEA               	goto	u2721
  3929     0FE9  2FEB               	goto	u2720
  3930     0FEA                     u2721:
  3931     0FEA  2FBA               	goto	l2705
  3932     0FEB                     u2720:
  3933     0FEB  2FF6               	goto	l2715
  3934     0FEC                     l2713:
  3935     0FEC  082B               	movf	LCD_Num@i,w
  3936     0FED  3E26               	addlw	(low (LCD_Num@buf| 0))& (0+255)
  3937     0FEE  0084               	movwf	4
  3938     0FEF  1383               	bcf	3,7	;select IRP bank0
  3939     0FF0  0800               	movf	0,w
  3940     0FF1  120A  158A  2340  120A  158A  	fcall	_LCD_Data
  3941     0FF6                     l2715:
  3942     0FF6  3001               	movlw	1
  3943     0FF7  1283               	bcf	3,5	;RP0=0, select bank0
  3944     0FF8  1303               	bcf	3,6	;RP1=0, select bank0
  3945     0FF9  02AB               	subwf	LCD_Num@i,f
  3946     0FFA  0A2B               	incf	LCD_Num@i,w
  3947     0FFB  1D03               	btfss	3,2
  3948     0FFC  2FFE               	goto	u2731
  3949     0FFD  2FFF               	goto	u2730
  3950     0FFE                     u2731:
  3951     0FFE  2FEC               	goto	l2713
  3952     0FFF                     u2730:
  3953     0FFF                     l236:
  3954     0FFF  0008               	return
  3955     1000                     __end_of_LCD_Num:
  3956                           
  3957                           	psect	text20
  3958     0D8E                     __ptext20:	
  3959 ;; *************** function ___lwmod *****************
  3960 ;; Defined at:
  3961 ;;		line 5 in file "C:\Program Files\Microchip\xc8\v3.10\pic\sources\c99\common\lwmod.c"
  3962 ;; Parameters:    Size  Location     Type
  3963 ;;  divisor         2    2[COMMON] unsigned int 
  3964 ;;  dividend        2    4[COMMON] unsigned int 
  3965 ;; Auto vars:     Size  Location     Type
  3966 ;;  counter         1    6[COMMON] unsigned char 
  3967 ;; Return value:  Size  Location     Type
  3968 ;;                  2    2[COMMON] unsigned int 
  3969 ;; Registers used:
  3970 ;;		wreg, status,2, status,0
  3971 ;; Tracked objects:
  3972 ;;		On entry : 0/0
  3973 ;;		On exit  : 0/0
  3974 ;;		Unchanged: 0/0
  3975 ;; Data sizes:     COMMON   BANK0   BANK1   BANK3   BANK2
  3976 ;;      Params:         4       0       0       0       0
  3977 ;;      Locals:         1       0       0       0       0
  3978 ;;      Temps:          0       0       0       0       0
  3979 ;;      Totals:         5       0       0       0       0
  3980 ;;Total ram usage:        5 bytes
  3981 ;; Hardware stack levels used: 1
  3982 ;; Hardware stack levels required when called: 1
  3983 ;; This function calls:
  3984 ;;		Nothing
  3985 ;; This function is called by:
  3986 ;;		_LCD_Num
  3987 ;;		_LCD_NumFrac
  3988 ;;		_UART_Num
  3989 ;;		_UART_NumFrac
  3990 ;; This function uses a non-reentrant model
  3991 ;;
  3992                           
  3993     0D8E                     ___lwmod:	
  3994                           ;psect for function ___lwmod
  3995                           
  3996     0D8E                     l2643:	
  3997                           ;incstack = 0
  3998                           ; Regs used in ___lwmod: [wreg+status,2+status,0]
  3999                           
  4000     0D8E  0872               	movf	___lwmod@divisor,w
  4001     0D8F  0473               	iorwf	___lwmod@divisor+1,w
  4002     0D90  1903               	btfsc	3,2
  4003     0D91  2D93               	goto	u2631
  4004     0D92  2D94               	goto	u2630
  4005     0D93                     u2631:
  4006     0D93  2DC1               	goto	l2661
  4007     0D94                     u2630:
  4008     0D94                     l2645:
  4009     0D94  3001               	movlw	1
  4010     0D95  00F6               	movwf	___lwmod@counter
  4011     0D96  2DA0               	goto	l2651
  4012     0D97                     l2647:
  4013     0D97  3001               	movlw	1
  4014     0D98                     u2645:
  4015     0D98  1003               	clrc
  4016     0D99  0DF2               	rlf	___lwmod@divisor,f
  4017     0D9A  0DF3               	rlf	___lwmod@divisor+1,f
  4018     0D9B  3EFF               	addlw	-1
  4019     0D9C  1D03               	skipz
  4020     0D9D  2D98               	goto	u2645
  4021     0D9E                     l2649:
  4022     0D9E  3001               	movlw	1
  4023     0D9F  07F6               	addwf	___lwmod@counter,f
  4024     0DA0                     l2651:
  4025     0DA0  1FF3               	btfss	___lwmod@divisor+1,7
  4026     0DA1  2DA3               	goto	u2651
  4027     0DA2  2DA4               	goto	u2650
  4028     0DA3                     u2651:
  4029     0DA3  2D97               	goto	l2647
  4030     0DA4                     u2650:
  4031     0DA4                     l2653:
  4032     0DA4  0873               	movf	___lwmod@divisor+1,w
  4033     0DA5  0275               	subwf	___lwmod@dividend+1,w
  4034     0DA6  1D03               	skipz
  4035     0DA7  2DAA               	goto	u2665
  4036     0DA8  0872               	movf	___lwmod@divisor,w
  4037     0DA9  0274               	subwf	___lwmod@dividend,w
  4038     0DAA                     u2665:
  4039     0DAA  1C03               	skipc
  4040     0DAB  2DAD               	goto	u2661
  4041     0DAC  2DAE               	goto	u2660
  4042     0DAD                     u2661:
  4043     0DAD  2DB4               	goto	l2657
  4044     0DAE                     u2660:
  4045     0DAE                     l2655:
  4046     0DAE  0872               	movf	___lwmod@divisor,w
  4047     0DAF  02F4               	subwf	___lwmod@dividend,f
  4048     0DB0  0873               	movf	___lwmod@divisor+1,w
  4049     0DB1  1C03               	skipc
  4050     0DB2  03F5               	decf	___lwmod@dividend+1,f
  4051     0DB3  02F5               	subwf	___lwmod@dividend+1,f
  4052     0DB4                     l2657:
  4053     0DB4  3001               	movlw	1
  4054     0DB5                     u2675:
  4055     0DB5  1003               	clrc
  4056     0DB6  0CF3               	rrf	___lwmod@divisor+1,f
  4057     0DB7  0CF2               	rrf	___lwmod@divisor,f
  4058     0DB8  3EFF               	addlw	-1
  4059     0DB9  1D03               	skipz
  4060     0DBA  2DB5               	goto	u2675
  4061     0DBB                     l2659:
  4062     0DBB  3001               	movlw	1
  4063     0DBC  02F6               	subwf	___lwmod@counter,f
  4064     0DBD  1D03               	btfss	3,2
  4065     0DBE  2DC0               	goto	u2681
  4066     0DBF  2DC1               	goto	u2680
  4067     0DC0                     u2681:
  4068     0DC0  2DA4               	goto	l2653
  4069     0DC1                     u2680:
  4070     0DC1                     l2661:
  4071     0DC1  0875               	movf	___lwmod@dividend+1,w
  4072     0DC2  00F3               	movwf	?___lwmod+1
  4073     0DC3  0874               	movf	___lwmod@dividend,w
  4074     0DC4  00F2               	movwf	?___lwmod
  4075     0DC5                     l723:
  4076     0DC5  0008               	return
  4077     0DC6                     __end_of___lwmod:
  4078                           
  4079                           	psect	text21
  4080     0E3E                     __ptext21:	
  4081 ;; *************** function ___lwdiv *****************
  4082 ;; Defined at:
  4083 ;;		line 5 in file "C:\Program Files\Microchip\xc8\v3.10\pic\sources\c99\common\lwdiv.c"
  4084 ;; Parameters:    Size  Location     Type
  4085 ;;  divisor         2    2[COMMON] unsigned int 
  4086 ;;  dividend        2    4[COMMON] unsigned int 
  4087 ;; Auto vars:     Size  Location     Type
  4088 ;;  quotient        2    7[COMMON] unsigned int 
  4089 ;;  counter         1    6[COMMON] unsigned char 
  4090 ;; Return value:  Size  Location     Type
  4091 ;;                  2    2[COMMON] unsigned int 
  4092 ;; Registers used:
  4093 ;;		wreg, status,2, status,0
  4094 ;; Tracked objects:
  4095 ;;		On entry : 0/0
  4096 ;;		On exit  : 0/0
  4097 ;;		Unchanged: 0/0
  4098 ;; Data sizes:     COMMON   BANK0   BANK1   BANK3   BANK2
  4099 ;;      Params:         4       0       0       0       0
  4100 ;;      Locals:         3       0       0       0       0
  4101 ;;      Temps:          0       0       0       0       0
  4102 ;;      Totals:         7       0       0       0       0
  4103 ;;Total ram usage:        7 bytes
  4104 ;; Hardware stack levels used: 1
  4105 ;; Hardware stack levels required when called: 1
  4106 ;; This function calls:
  4107 ;;		Nothing
  4108 ;; This function is called by:
  4109 ;;		_LCD_Num
  4110 ;;		_LCD_NumFrac
  4111 ;;		_UART_Num
  4112 ;;		_UART_NumFrac
  4113 ;;		_main
  4114 ;; This function uses a non-reentrant model
  4115 ;;
  4116                           
  4117     0E3E                     ___lwdiv:	
  4118                           ;psect for function ___lwdiv
  4119                           
  4120     0E3E                     l2617:	
  4121                           ;incstack = 0
  4122                           ; Regs used in ___lwdiv: [wreg+status,2+status,0]
  4123                           
  4124     0E3E  01F7               	clrf	___lwdiv@quotient
  4125     0E3F  01F8               	clrf	___lwdiv@quotient+1
  4126     0E40                     l2619:
  4127     0E40  0872               	movf	___lwdiv@divisor,w
  4128     0E41  0473               	iorwf	___lwdiv@divisor+1,w
  4129     0E42  1903               	btfsc	3,2
  4130     0E43  2E45               	goto	u2561
  4131     0E44  2E46               	goto	u2560
  4132     0E45                     u2561:
  4133     0E45  2E7B               	goto	l2639
  4134     0E46                     u2560:
  4135     0E46                     l2621:
  4136     0E46  3001               	movlw	1
  4137     0E47  00F6               	movwf	___lwdiv@counter
  4138     0E48  2E52               	goto	l2627
  4139     0E49                     l2623:
  4140     0E49  3001               	movlw	1
  4141     0E4A                     u2575:
  4142     0E4A  1003               	clrc
  4143     0E4B  0DF2               	rlf	___lwdiv@divisor,f
  4144     0E4C  0DF3               	rlf	___lwdiv@divisor+1,f
  4145     0E4D  3EFF               	addlw	-1
  4146     0E4E  1D03               	skipz
  4147     0E4F  2E4A               	goto	u2575
  4148     0E50                     l2625:
  4149     0E50  3001               	movlw	1
  4150     0E51  07F6               	addwf	___lwdiv@counter,f
  4151     0E52                     l2627:
  4152     0E52  1FF3               	btfss	___lwdiv@divisor+1,7
  4153     0E53  2E55               	goto	u2581
  4154     0E54  2E56               	goto	u2580
  4155     0E55                     u2581:
  4156     0E55  2E49               	goto	l2623
  4157     0E56                     u2580:
  4158     0E56                     l2629:
  4159     0E56  3001               	movlw	1
  4160     0E57                     u2595:
  4161     0E57  1003               	clrc
  4162     0E58  0DF7               	rlf	___lwdiv@quotient,f
  4163     0E59  0DF8               	rlf	___lwdiv@quotient+1,f
  4164     0E5A  3EFF               	addlw	-1
  4165     0E5B  1D03               	skipz
  4166     0E5C  2E57               	goto	u2595
  4167     0E5D  0873               	movf	___lwdiv@divisor+1,w
  4168     0E5E  0275               	subwf	___lwdiv@dividend+1,w
  4169     0E5F  1D03               	skipz
  4170     0E60  2E63               	goto	u2605
  4171     0E61  0872               	movf	___lwdiv@divisor,w
  4172     0E62  0274               	subwf	___lwdiv@dividend,w
  4173     0E63                     u2605:
  4174     0E63  1C03               	skipc
  4175     0E64  2E66               	goto	u2601
  4176     0E65  2E67               	goto	u2600
  4177     0E66                     u2601:
  4178     0E66  2E6E               	goto	l2635
  4179     0E67                     u2600:
  4180     0E67                     l2631:
  4181     0E67  0872               	movf	___lwdiv@divisor,w
  4182     0E68  02F4               	subwf	___lwdiv@dividend,f
  4183     0E69  0873               	movf	___lwdiv@divisor+1,w
  4184     0E6A  1C03               	skipc
  4185     0E6B  03F5               	decf	___lwdiv@dividend+1,f
  4186     0E6C  02F5               	subwf	___lwdiv@dividend+1,f
  4187     0E6D                     l2633:
  4188     0E6D  1477               	bsf	___lwdiv@quotient,0
  4189     0E6E                     l2635:
  4190     0E6E  3001               	movlw	1
  4191     0E6F                     u2615:
  4192     0E6F  1003               	clrc
  4193     0E70  0CF3               	rrf	___lwdiv@divisor+1,f
  4194     0E71  0CF2               	rrf	___lwdiv@divisor,f
  4195     0E72  3EFF               	addlw	-1
  4196     0E73  1D03               	skipz
  4197     0E74  2E6F               	goto	u2615
  4198     0E75                     l2637:
  4199     0E75  3001               	movlw	1
  4200     0E76  02F6               	subwf	___lwdiv@counter,f
  4201     0E77  1D03               	btfss	3,2
  4202     0E78  2E7A               	goto	u2621
  4203     0E79  2E7B               	goto	u2620
  4204     0E7A                     u2621:
  4205     0E7A  2E56               	goto	l2629
  4206     0E7B                     u2620:
  4207     0E7B                     l2639:
  4208     0E7B  0878               	movf	___lwdiv@quotient+1,w
  4209     0E7C  00F3               	movwf	?___lwdiv+1
  4210     0E7D  0877               	movf	___lwdiv@quotient,w
  4211     0E7E  00F2               	movwf	?___lwdiv
  4212     0E7F                     l713:
  4213     0E7F  0008               	return
  4214     0E80                     __end_of___lwdiv:
  4215                           
  4216                           	psect	text22
  4217     0B40                     __ptext22:	
  4218 ;; *************** function _LCD_Data *****************
  4219 ;; Defined at:
  4220 ;;		line 264 in file "main.c"
  4221 ;; Parameters:    Size  Location     Type
  4222 ;;  d               1    wreg     unsigned char 
  4223 ;; Auto vars:     Size  Location     Type
  4224 ;;  d               1    9[COMMON] unsigned char 
  4225 ;; Return value:  Size  Location     Type
  4226 ;;                  1    wreg      void 
  4227 ;; Registers used:
  4228 ;;		wreg, status,2, status,0, pclath, cstack
  4229 ;; Tracked objects:
  4230 ;;		On entry : 0/0
  4231 ;;		On exit  : 0/0
  4232 ;;		Unchanged: 0/0
  4233 ;; Data sizes:     COMMON   BANK0   BANK1   BANK3   BANK2
  4234 ;;      Params:         0       0       0       0       0
  4235 ;;      Locals:         1       0       0       0       0
  4236 ;;      Temps:          0       0       0       0       0
  4237 ;;      Totals:         1       0       0       0       0
  4238 ;;Total ram usage:        1 bytes
  4239 ;; Hardware stack levels used: 1
  4240 ;; Hardware stack levels required when called: 1
  4241 ;; This function calls:
  4242 ;;		_LCD_I2C_SendByte
  4243 ;; This function is called by:
  4244 ;;		_LCD_Print
  4245 ;;		_LCD_Num
  4246 ;;		_LCD_NumFrac
  4247 ;;		_main
  4248 ;; This function uses a non-reentrant model
  4249 ;;
  4250                           
  4251     0B40                     _LCD_Data:	
  4252                           ;psect for function _LCD_Data
  4253                           
  4254                           
  4255                           ;incstack = 0
  4256                           ; Regs used in _LCD_Data: [wreg+status,2+status,0+pclath+cstack]
  4257                           ;LCD_Data@d stored from wreg
  4258     0B40  00F9               	movwf	LCD_Data@d
  4259     0B41                     l2611:
  4260     0B41  01F7               	clrf	LCD_I2C_SendByte@rs
  4261     0B42  0AF7               	incf	LCD_I2C_SendByte@rs,f
  4262     0B43  0879               	movf	LCD_Data@d,w
  4263     0B44  120A  118A  2686  120A  158A  	fcall	_LCD_I2C_SendByte
  4264     0B49                     l216:
  4265     0B49  0008               	return
  4266     0B4A                     __end_of_LCD_Data:
  4267                           
  4268                           	psect	text23
  4269     05B6                     __ptext23:	
  4270 ;; *************** function _LCD_Init *****************
  4271 ;; Defined at:
  4272 ;;		line 266 in file "main.c"
  4273 ;; Parameters:    Size  Location     Type
  4274 ;;		None
  4275 ;; Auto vars:     Size  Location     Type
  4276 ;;		None
  4277 ;; Return value:  Size  Location     Type
  4278 ;;                  1    wreg      void 
  4279 ;; Registers used:
  4280 ;;		wreg, status,2, status,0, pclath, cstack
  4281 ;; Tracked objects:
  4282 ;;		On entry : 0/0
  4283 ;;		On exit  : 0/0
  4284 ;;		Unchanged: 0/0
  4285 ;; Data sizes:     COMMON   BANK0   BANK1   BANK3   BANK2
  4286 ;;      Params:         0       0       0       0       0
  4287 ;;      Locals:         0       0       0       0       0
  4288 ;;      Temps:          0       3       0       0       0
  4289 ;;      Totals:         0       3       0       0       0
  4290 ;;Total ram usage:        3 bytes
  4291 ;; Hardware stack levels used: 1
  4292 ;; Hardware stack levels required when called: 3
  4293 ;; This function calls:
  4294 ;;		_LCD_Cmd
  4295 ;;		_LCD_I2C_SendNibble
  4296 ;; This function is called by:
  4297 ;;		_main
  4298 ;; This function uses a non-reentrant model
  4299 ;;
  4300                           
  4301     05B6                     _LCD_Init:	
  4302                           ;psect for function _LCD_Init
  4303                           
  4304     05B6                     l2875:	
  4305                           ;incstack = 0
  4306                           ; Regs used in _LCD_Init: [wreg+status,2+status,0+pclath+cstack]
  4307                           
  4308                           
  4309                           ;main.c: 267:     _delay((unsigned long)((50)*(20000000UL/4000.0)));
  4310     05B6  3002               	movlw	2
  4311     05B7  1283               	bcf	3,5	;RP0=0, select bank0
  4312     05B8  1303               	bcf	3,6	;RP1=0, select bank0
  4313     05B9  00A7               	movwf	??_LCD_Init+2
  4314     05BA  3045               	movlw	69
  4315     05BB  00A6               	movwf	??_LCD_Init+1
  4316     05BC  30A9               	movlw	169
  4317     05BD  00A5               	movwf	??_LCD_Init
  4318     05BE                     u3357:
  4319     05BE  0BA5               	decfsz	??_LCD_Init,f
  4320     05BF  2DBE               	goto	u3357
  4321     05C0  0BA6               	decfsz	??_LCD_Init+1,f
  4322     05C1  2DBE               	goto	u3357
  4323     05C2  0BA7               	decfsz	??_LCD_Init+2,f
  4324     05C3  2DBE               	goto	u3357
  4325     05C4                     l2877:
  4326                           
  4327                           ;main.c: 268:     LCD_I2C_SendNibble(0x30, 0); _delay((unsigned long)((5)*(20000000UL/40
      +                          00.0)));
  4328     05C4  01F7               	clrf	LCD_I2C_SendNibble@rs
  4329     05C5  3030               	movlw	48
  4330     05C6  120A  158A  2558  120A  118A  	fcall	_LCD_I2C_SendNibble
  4331     05CB                     l2879:
  4332     05CB  3021               	movlw	33
  4333     05CC  1283               	bcf	3,5	;RP0=0, select bank0
  4334     05CD  1303               	bcf	3,6	;RP1=0, select bank0
  4335     05CE  00A6               	movwf	??_LCD_Init+1
  4336     05CF  3075               	movlw	117
  4337     05D0  00A5               	movwf	??_LCD_Init
  4338     05D1                     u3367:
  4339     05D1  0BA5               	decfsz	??_LCD_Init,f
  4340     05D2  2DD1               	goto	u3367
  4341     05D3  0BA6               	decfsz	??_LCD_Init+1,f
  4342     05D4  2DD1               	goto	u3367
  4343     05D5  2DD6               	nop2
  4344                           
  4345                           ;main.c: 269:     LCD_I2C_SendNibble(0x30, 0); _delay((unsigned long)((150)*(20000000UL/
      +                          4000000.0)));
  4346     05D6  01F7               	clrf	LCD_I2C_SendNibble@rs
  4347     05D7  3030               	movlw	48
  4348     05D8  120A  158A  2558  120A  118A  	fcall	_LCD_I2C_SendNibble
  4349     05DD                     l2881:
  4350     05DD  30F9               	movlw	249
  4351     05DE  1283               	bcf	3,5	;RP0=0, select bank0
  4352     05DF  1303               	bcf	3,6	;RP1=0, select bank0
  4353     05E0  00A5               	movwf	??_LCD_Init
  4354     05E1                     u3377:
  4355     05E1  0BA5               	decfsz	??_LCD_Init,f
  4356     05E2  2DE1               	goto	u3377
  4357     05E3                     l2883:
  4358                           
  4359                           ;main.c: 270:     LCD_I2C_SendNibble(0x30, 0); _delay((unsigned long)((150)*(20000000UL/
      +                          4000000.0)));
  4360     05E3  01F7               	clrf	LCD_I2C_SendNibble@rs
  4361     05E4  3030               	movlw	48
  4362     05E5  120A  158A  2558  120A  118A  	fcall	_LCD_I2C_SendNibble
  4363     05EA  30F9               	movlw	249
  4364     05EB  1283               	bcf	3,5	;RP0=0, select bank0
  4365     05EC  1303               	bcf	3,6	;RP1=0, select bank0
  4366     05ED  00A5               	movwf	??_LCD_Init
  4367     05EE                     u3387:
  4368     05EE  0BA5               	decfsz	??_LCD_Init,f
  4369     05EF  2DEE               	goto	u3387
  4370     05F0                     l2885:
  4371                           
  4372                           ;main.c: 271:     LCD_I2C_SendNibble(0x20, 0); _delay((unsigned long)((150)*(20000000UL/
      +                          4000000.0)));
  4373     05F0  01F7               	clrf	LCD_I2C_SendNibble@rs
  4374     05F1  3020               	movlw	32
  4375     05F2  120A  158A  2558  120A  118A  	fcall	_LCD_I2C_SendNibble
  4376     05F7                     l2887:
  4377     05F7  30F9               	movlw	249
  4378     05F8  1283               	bcf	3,5	;RP0=0, select bank0
  4379     05F9  1303               	bcf	3,6	;RP1=0, select bank0
  4380     05FA  00A5               	movwf	??_LCD_Init
  4381     05FB                     u3397:
  4382     05FB  0BA5               	decfsz	??_LCD_Init,f
  4383     05FC  2DFB               	goto	u3397
  4384                           
  4385                           ;main.c: 272:     LCD_Cmd(0x28);
  4386     05FD  3028               	movlw	40
  4387     05FE  120A  158A  2393  120A  118A  	fcall	_LCD_Cmd
  4388                           
  4389                           ;main.c: 273:     LCD_Cmd(0x0C);
  4390     0603  300C               	movlw	12
  4391     0604  120A  158A  2393  120A  118A  	fcall	_LCD_Cmd
  4392                           
  4393                           ;main.c: 274:     LCD_Cmd(0x06);
  4394     0609  3006               	movlw	6
  4395     060A  120A  158A  2393  120A  118A  	fcall	_LCD_Cmd
  4396                           
  4397                           ;main.c: 275:     LCD_Cmd(0x01);
  4398     060F  3001               	movlw	1
  4399     0610  120A  158A  2393  120A  118A  	fcall	_LCD_Cmd
  4400     0615                     l2889:
  4401                           
  4402                           ;main.c: 276:     _delay((unsigned long)((2)*(20000000UL/4000.0)));
  4403     0615  300D               	movlw	13
  4404     0616  1283               	bcf	3,5	;RP0=0, select bank0
  4405     0617  1303               	bcf	3,6	;RP1=0, select bank0
  4406     0618  00A6               	movwf	??_LCD_Init+1
  4407     0619  30FB               	movlw	251
  4408     061A  00A5               	movwf	??_LCD_Init
  4409     061B                     u3407:
  4410     061B  0BA5               	decfsz	??_LCD_Init,f
  4411     061C  2E1B               	goto	u3407
  4412     061D  0BA6               	decfsz	??_LCD_Init+1,f
  4413     061E  2E1B               	goto	u3407
  4414     061F                     l219:
  4415     061F  0008               	return
  4416     0620                     __end_of_LCD_Init:
  4417                           
  4418                           	psect	text24
  4419     0D58                     __ptext24:	
  4420 ;; *************** function _LCD_I2C_SendNibble *****************
  4421 ;; Defined at:
  4422 ;;		line 241 in file "main.c"
  4423 ;; Parameters:    Size  Location     Type
  4424 ;;  nibble          1    wreg     unsigned char 
  4425 ;;  rs              1    7[COMMON] unsigned char 
  4426 ;; Auto vars:     Size  Location     Type
  4427 ;;  nibble          1    9[COMMON] unsigned char 
  4428 ;;  val             1   10[COMMON] unsigned char 
  4429 ;; Return value:  Size  Location     Type
  4430 ;;                  1    wreg      void 
  4431 ;; Registers used:
  4432 ;;		wreg, status,2, status,0, pclath, cstack
  4433 ;; Tracked objects:
  4434 ;;		On entry : 0/0
  4435 ;;		On exit  : 0/0
  4436 ;;		Unchanged: 0/0
  4437 ;; Data sizes:     COMMON   BANK0   BANK1   BANK3   BANK2
  4438 ;;      Params:         1       0       0       0       0
  4439 ;;      Locals:         2       0       0       0       0
  4440 ;;      Temps:          1       0       0       0       0
  4441 ;;      Totals:         4       0       0       0       0
  4442 ;;Total ram usage:        4 bytes
  4443 ;; Hardware stack levels used: 1
  4444 ;; Hardware stack levels required when called: 2
  4445 ;; This function calls:
  4446 ;;		_I2C_Start
  4447 ;;		_I2C_Stop
  4448 ;;		_I2C_Write
  4449 ;; This function is called by:
  4450 ;;		_LCD_Init
  4451 ;; This function uses a non-reentrant model
  4452 ;;
  4453                           
  4454     0D58                     _LCD_I2C_SendNibble:	
  4455                           ;psect for function _LCD_I2C_SendNibble
  4456                           
  4457                           
  4458                           ;incstack = 0
  4459                           ; Regs used in _LCD_I2C_SendNibble: [wreg+status,2+status,0+pclath+cstack]
  4460                           ;LCD_I2C_SendNibble@nibble stored from wreg
  4461     0D58  00F9               	movwf	LCD_I2C_SendNibble@nibble
  4462     0D59                     l2677:
  4463                           
  4464                           ;main.c: 242:     unsigned char val = (nibble & 0xF0) | 0x08 | (rs ? 0x01 : 0);
  4465     0D59  0877               	movf	LCD_I2C_SendNibble@rs,w
  4466     0D5A  1D03               	btfss	3,2
  4467     0D5B  2D5D               	goto	u2691
  4468     0D5C  2D5F               	goto	u2690
  4469     0D5D                     u2691:
  4470     0D5D  3001               	movlw	1
  4471     0D5E  2D60               	goto	u2700
  4472     0D5F                     u2690:
  4473     0D5F  3000               	movlw	0
  4474     0D60                     u2700:
  4475     0D60  00F8               	movwf	??_LCD_I2C_SendNibble
  4476     0D61  0879               	movf	LCD_I2C_SendNibble@nibble,w
  4477     0D62  39F0               	andlw	240
  4478     0D63  0478               	iorwf	??_LCD_I2C_SendNibble,w
  4479     0D64  3808               	iorlw	8
  4480     0D65  00FA               	movwf	LCD_I2C_SendNibble@val
  4481     0D66                     l2679:
  4482                           
  4483                           ;main.c: 243:     I2C_Start();
  4484     0D66  120A  158A  2465  120A  158A  	fcall	_I2C_Start
  4485     0D6B                     l2681:
  4486                           
  4487                           ;main.c: 244:     I2C_Write(0x4E);
  4488     0D6B  304E               	movlw	78
  4489     0D6C  120A  158A  24C2  120A  158A  	fcall	_I2C_Write
  4490     0D71                     l2683:
  4491                           
  4492                           ;main.c: 245:     I2C_Write(val | 0x04); _delay((unsigned long)((25)*(20000000UL/4000000
      +                          .0)));
  4493     0D71  087A               	movf	LCD_I2C_SendNibble@val,w
  4494     0D72  3804               	iorlw	4
  4495     0D73  120A  158A  24C2  120A  158A  	fcall	_I2C_Write
  4496     0D78                     l2685:
  4497     0D78  3029               	movlw	41
  4498     0D79  00F8               	movwf	??_LCD_I2C_SendNibble
  4499     0D7A                     u3417:
  4500     0D7A  0BF8               	decfsz	??_LCD_I2C_SendNibble,f
  4501     0D7B  2D7A               	goto	u3417
  4502     0D7C  0000               	nop
  4503     0D7D                     l2687:
  4504                           
  4505                           ;main.c: 246:     I2C_Write(val & ~0x04); _delay((unsigned long)((50)*(20000000UL/400000
      +                          0.0)));
  4506     0D7D  087A               	movf	LCD_I2C_SendNibble@val,w
  4507     0D7E  39FB               	andlw	251
  4508     0D7F  120A  158A  24C2  120A  158A  	fcall	_I2C_Write
  4509     0D84                     l2689:
  4510     0D84  3053               	movlw	83
  4511     0D85  00F8               	movwf	??_LCD_I2C_SendNibble
  4512     0D86                     u3427:
  4513     0D86  0BF8               	decfsz	??_LCD_I2C_SendNibble,f
  4514     0D87  2D86               	goto	u3427
  4515     0D88                     l2691:
  4516                           
  4517                           ;main.c: 247:     I2C_Stop();
  4518     0D88  120A  158A  2484  120A  158A  	fcall	_I2C_Stop
  4519     0D8D                     l207:
  4520     0D8D  0008               	return
  4521     0D8E                     __end_of_LCD_I2C_SendNibble:
  4522                           
  4523                           	psect	text25
  4524     0BBD                     __ptext25:	
  4525 ;; *************** function _LCD_Goto *****************
  4526 ;; Defined at:
  4527 ;;		line 279 in file "main.c"
  4528 ;; Parameters:    Size  Location     Type
  4529 ;;  row             1    wreg     unsigned char 
  4530 ;;  col             1    5[BANK0 ] unsigned char 
  4531 ;; Auto vars:     Size  Location     Type
  4532 ;;  row             1    6[BANK0 ] unsigned char 
  4533 ;; Return value:  Size  Location     Type
  4534 ;;                  1    wreg      void 
  4535 ;; Registers used:
  4536 ;;		wreg, status,2, status,0, pclath, cstack
  4537 ;; Tracked objects:
  4538 ;;		On entry : 0/0
  4539 ;;		On exit  : 0/0
  4540 ;;		Unchanged: 0/0
  4541 ;; Data sizes:     COMMON   BANK0   BANK1   BANK3   BANK2
  4542 ;;      Params:         0       1       0       0       0
  4543 ;;      Locals:         0       3       0       0       0
  4544 ;;      Temps:          0       0       0       0       0
  4545 ;;      Totals:         0       4       0       0       0
  4546 ;;Total ram usage:        4 bytes
  4547 ;; Hardware stack levels used: 1
  4548 ;; Hardware stack levels required when called: 2
  4549 ;; This function calls:
  4550 ;;		_LCD_Cmd
  4551 ;; This function is called by:
  4552 ;;		_main
  4553 ;; This function uses a non-reentrant model
  4554 ;;
  4555                           
  4556     0BBD                     _LCD_Goto:	
  4557                           ;psect for function _LCD_Goto
  4558                           
  4559                           
  4560                           ;incstack = 0
  4561                           ; Regs used in _LCD_Goto: [wreg+status,2+status,0+pclath+cstack]
  4562                           ;LCD_Goto@row stored from wreg
  4563     0BBD  1283               	bcf	3,5	;RP0=0, select bank0
  4564     0BBE  1303               	bcf	3,6	;RP1=0, select bank0
  4565     0BBF  00A6               	movwf	LCD_Goto@row
  4566     0BC0                     l2891:
  4567                           
  4568                           ;main.c: 280:     LCD_Cmd((unsigned char)(((row == 0) ? 0x80 : 0xC0) + col));
  4569     0BC0  0826               	movf	LCD_Goto@row,w
  4570     0BC1  1903               	btfsc	3,2
  4571     0BC2  2BC4               	goto	u3001
  4572     0BC3  2BC5               	goto	u3000
  4573     0BC4                     u3001:
  4574     0BC4  2BCA               	goto	l2895
  4575     0BC5                     u3000:
  4576     0BC5                     l2893:
  4577     0BC5  30C0               	movlw	192
  4578     0BC6  00A7               	movwf	_LCD_Goto$419
  4579     0BC7  3000               	movlw	0
  4580     0BC8  00A8               	movwf	_LCD_Goto$419+1
  4581     0BC9  2BCE               	goto	l2897
  4582     0BCA                     l2895:
  4583     0BCA  3080               	movlw	128
  4584     0BCB  00A7               	movwf	_LCD_Goto$419
  4585     0BCC  3000               	movlw	0
  4586     0BCD  00A8               	movwf	_LCD_Goto$419+1
  4587     0BCE                     l2897:
  4588     0BCE  0825               	movf	LCD_Goto@col,w
  4589     0BCF  0727               	addwf	_LCD_Goto$419,w
  4590     0BD0  120A  158A  2393  120A  158A  	fcall	_LCD_Cmd
  4591     0BD5                     l226:
  4592     0BD5  0008               	return
  4593     0BD6                     __end_of_LCD_Goto:
  4594                           
  4595                           	psect	text26
  4596     0B93                     __ptext26:	
  4597 ;; *************** function _LCD_Cmd *****************
  4598 ;; Defined at:
  4599 ;;		line 263 in file "main.c"
  4600 ;; Parameters:    Size  Location     Type
  4601 ;;  c               1    wreg     unsigned char 
  4602 ;; Auto vars:     Size  Location     Type
  4603 ;;  c               1    4[BANK0 ] unsigned char 
  4604 ;; Return value:  Size  Location     Type
  4605 ;;                  1    wreg      void 
  4606 ;; Registers used:
  4607 ;;		wreg, status,2, status,0, pclath, cstack
  4608 ;; Tracked objects:
  4609 ;;		On entry : 0/0
  4610 ;;		On exit  : 0/0
  4611 ;;		Unchanged: 0/0
  4612 ;; Data sizes:     COMMON   BANK0   BANK1   BANK3   BANK2
  4613 ;;      Params:         0       0       0       0       0
  4614 ;;      Locals:         0       1       0       0       0
  4615 ;;      Temps:          2       0       0       0       0
  4616 ;;      Totals:         2       1       0       0       0
  4617 ;;Total ram usage:        3 bytes
  4618 ;; Hardware stack levels used: 1
  4619 ;; Hardware stack levels required when called: 1
  4620 ;; This function calls:
  4621 ;;		_LCD_I2C_SendByte
  4622 ;; This function is called by:
  4623 ;;		_LCD_Init
  4624 ;;		_LCD_Goto
  4625 ;;		_main
  4626 ;; This function uses a non-reentrant model
  4627 ;;
  4628                           
  4629     0B93                     _LCD_Cmd:	
  4630                           ;psect for function _LCD_Cmd
  4631                           
  4632                           
  4633                           ;incstack = 0
  4634                           ; Regs used in _LCD_Cmd: [wreg+status,2+status,0+pclath+cstack]
  4635                           ;LCD_Cmd@c stored from wreg
  4636     0B93  1283               	bcf	3,5	;RP0=0, select bank0
  4637     0B94  1303               	bcf	3,6	;RP1=0, select bank0
  4638     0B95  00A4               	movwf	LCD_Cmd@c
  4639     0B96                     l2693:
  4640     0B96  01F7               	clrf	LCD_I2C_SendByte@rs
  4641     0B97  0824               	movf	LCD_Cmd@c,w
  4642     0B98  120A  118A  2686  120A  158A  	fcall	_LCD_I2C_SendByte
  4643     0B9D                     l2695:
  4644     0B9D  300D               	movlw	13
  4645     0B9E  00FA               	movwf	??_LCD_Cmd+1
  4646     0B9F  30FB               	movlw	251
  4647     0BA0  00F9               	movwf	??_LCD_Cmd
  4648     0BA1                     u3437:
  4649     0BA1  0BF9               	decfsz	??_LCD_Cmd,f
  4650     0BA2  2BA1               	goto	u3437
  4651     0BA3  0BFA               	decfsz	??_LCD_Cmd+1,f
  4652     0BA4  2BA1               	goto	u3437
  4653     0BA5  2BA6               	nop2
  4654     0BA6                     l213:
  4655     0BA6  0008               	return
  4656     0BA7                     __end_of_LCD_Cmd:
  4657                           
  4658                           	psect	text27
  4659     0686                     __ptext27:	
  4660 ;; *************** function _LCD_I2C_SendByte *****************
  4661 ;; Defined at:
  4662 ;;		line 250 in file "main.c"
  4663 ;; Parameters:    Size  Location     Type
  4664 ;;  b               1    wreg     unsigned char 
  4665 ;;  rs              1    7[COMMON] unsigned char 
  4666 ;; Auto vars:     Size  Location     Type
  4667 ;;  b               1    0[BANK0 ] unsigned char 
  4668 ;;  base            1    3[BANK0 ] unsigned char 
  4669 ;;  low             1    2[BANK0 ] unsigned char 
  4670 ;;  high            1    1[BANK0 ] unsigned char 
  4671 ;; Return value:  Size  Location     Type
  4672 ;;                  1    wreg      void 
  4673 ;; Registers used:
  4674 ;;		wreg, status,2, status,0, pclath, cstack
  4675 ;; Tracked objects:
  4676 ;;		On entry : 0/0
  4677 ;;		On exit  : 0/0
  4678 ;;		Unchanged: 0/0
  4679 ;; Data sizes:     COMMON   BANK0   BANK1   BANK3   BANK2
  4680 ;;      Params:         1       0       0       0       0
  4681 ;;      Locals:         0       4       0       0       0
  4682 ;;      Temps:          1       0       0       0       0
  4683 ;;      Totals:         2       4       0       0       0
  4684 ;;Total ram usage:        6 bytes
  4685 ;; Hardware stack levels used: 1
  4686 ;; Hardware stack levels required when called: 1
  4687 ;; This function calls:
  4688 ;;		_I2C_Start
  4689 ;;		_I2C_Stop
  4690 ;;		_I2C_Write
  4691 ;; This function is called by:
  4692 ;;		_LCD_Cmd
  4693 ;;		_LCD_Data
  4694 ;; This function uses a non-reentrant model
  4695 ;;
  4696                           
  4697     0686                     _LCD_I2C_SendByte:	
  4698                           ;psect for function _LCD_I2C_SendByte
  4699                           
  4700                           
  4701                           ;incstack = 0
  4702                           ; Regs used in _LCD_I2C_SendByte: [wreg+status,2+status,0+pclath+cstack]
  4703                           ;LCD_I2C_SendByte@b stored from wreg
  4704     0686  1283               	bcf	3,5	;RP0=0, select bank0
  4705     0687  1303               	bcf	3,6	;RP1=0, select bank0
  4706     0688  00A0               	movwf	LCD_I2C_SendByte@b
  4707     0689                     l2557:
  4708                           
  4709                           ;main.c: 251:     unsigned char high = b & 0xF0;
  4710     0689  0820               	movf	LCD_I2C_SendByte@b,w
  4711     068A  00A1               	movwf	LCD_I2C_SendByte@high
  4712     068B                     l2559:
  4713     068B  30F0               	movlw	240
  4714     068C  05A1               	andwf	LCD_I2C_SendByte@high,f
  4715     068D                     l2561:
  4716                           
  4717                           ;main.c: 252:     unsigned char low = (b << 4) & 0xF0;
  4718     068D  0820               	movf	LCD_I2C_SendByte@b,w
  4719     068E  00F8               	movwf	??_LCD_I2C_SendByte
  4720     068F  3003               	movlw	3
  4721     0690                     u2465:
  4722     0690  1003               	clrc
  4723     0691  0DF8               	rlf	??_LCD_I2C_SendByte,f
  4724     0692  3EFF               	addlw	-1
  4725     0693  1D03               	skipz
  4726     0694  2E90               	goto	u2465
  4727     0695  1003               	clrc
  4728     0696  0D78               	rlf	??_LCD_I2C_SendByte,w
  4729     0697  00A2               	movwf	LCD_I2C_SendByte@low
  4730     0698                     l2563:
  4731     0698  30F0               	movlw	240
  4732     0699  05A2               	andwf	LCD_I2C_SendByte@low,f
  4733     069A                     l2565:
  4734                           
  4735                           ;main.c: 253:     unsigned char base = 0x08 | (rs ? 0x01 : 0);
  4736     069A  0877               	movf	LCD_I2C_SendByte@rs,w
  4737     069B  1D03               	btfss	3,2
  4738     069C  2E9E               	goto	u2471
  4739     069D  2EA0               	goto	u2470
  4740     069E                     u2471:
  4741     069E  3001               	movlw	1
  4742     069F  2EA1               	goto	u2480
  4743     06A0                     u2470:
  4744     06A0  3000               	movlw	0
  4745     06A1                     u2480:
  4746     06A1  3808               	iorlw	8
  4747     06A2  00A3               	movwf	LCD_I2C_SendByte@base
  4748     06A3                     l2567:
  4749                           
  4750                           ;main.c: 254:     I2C_Start();
  4751     06A3  120A  158A  2465  120A  118A  	fcall	_I2C_Start
  4752     06A8                     l2569:
  4753                           
  4754                           ;main.c: 255:     I2C_Write(0x4E);
  4755     06A8  304E               	movlw	78
  4756     06A9  120A  158A  24C2  120A  118A  	fcall	_I2C_Write
  4757     06AE                     l2571:
  4758                           
  4759                           ;main.c: 256:     I2C_Write(high | base | 0x04); _delay((unsigned long)((25)*(20000000UL
      +                          /4000000.0)));
  4760     06AE  1283               	bcf	3,5	;RP0=0, select bank0
  4761     06AF  1303               	bcf	3,6	;RP1=0, select bank0
  4762     06B0  0821               	movf	LCD_I2C_SendByte@high,w
  4763     06B1  0423               	iorwf	LCD_I2C_SendByte@base,w
  4764     06B2  3804               	iorlw	4
  4765     06B3  120A  158A  24C2  120A  118A  	fcall	_I2C_Write
  4766     06B8                     l2573:
  4767     06B8  3029               	movlw	41
  4768     06B9  00F8               	movwf	??_LCD_I2C_SendByte
  4769     06BA                     u3447:
  4770     06BA  0BF8               	decfsz	??_LCD_I2C_SendByte,f
  4771     06BB  2EBA               	goto	u3447
  4772     06BC  0000               	nop
  4773                           
  4774                           ;main.c: 257:     I2C_Write(high | base); _delay((unsigned long)((50)*(20000000UL/400000
      +                          0.0)));
  4775     06BD  1283               	bcf	3,5	;RP0=0, select bank0
  4776     06BE  1303               	bcf	3,6	;RP1=0, select bank0
  4777     06BF  0821               	movf	LCD_I2C_SendByte@high,w
  4778     06C0  0423               	iorwf	LCD_I2C_SendByte@base,w
  4779     06C1  120A  158A  24C2  120A  118A  	fcall	_I2C_Write
  4780     06C6                     l2575:
  4781     06C6  3053               	movlw	83
  4782     06C7  00F8               	movwf	??_LCD_I2C_SendByte
  4783     06C8                     u3457:
  4784     06C8  0BF8               	decfsz	??_LCD_I2C_SendByte,f
  4785     06C9  2EC8               	goto	u3457
  4786     06CA                     l2577:
  4787                           
  4788                           ;main.c: 258:     I2C_Write(low | base | 0x04); _delay((unsigned long)((25)*(20000000UL/
      +                          4000000.0)));
  4789     06CA  1283               	bcf	3,5	;RP0=0, select bank0
  4790     06CB  1303               	bcf	3,6	;RP1=0, select bank0
  4791     06CC  0822               	movf	LCD_I2C_SendByte@low,w
  4792     06CD  0423               	iorwf	LCD_I2C_SendByte@base,w
  4793     06CE  3804               	iorlw	4
  4794     06CF  120A  158A  24C2  120A  118A  	fcall	_I2C_Write
  4795     06D4  3029               	movlw	41
  4796     06D5  00F8               	movwf	??_LCD_I2C_SendByte
  4797     06D6                     u3467:
  4798     06D6  0BF8               	decfsz	??_LCD_I2C_SendByte,f
  4799     06D7  2ED6               	goto	u3467
  4800     06D8  0000               	nop
  4801     06D9                     l2579:
  4802                           
  4803                           ;main.c: 259:     I2C_Write(low | base); _delay((unsigned long)((50)*(20000000UL/4000000
      +                          .0)));
  4804     06D9  1283               	bcf	3,5	;RP0=0, select bank0
  4805     06DA  1303               	bcf	3,6	;RP1=0, select bank0
  4806     06DB  0822               	movf	LCD_I2C_SendByte@low,w
  4807     06DC  0423               	iorwf	LCD_I2C_SendByte@base,w
  4808     06DD  120A  158A  24C2  120A  118A  	fcall	_I2C_Write
  4809     06E2                     l2581:
  4810     06E2  3053               	movlw	83
  4811     06E3  00F8               	movwf	??_LCD_I2C_SendByte
  4812     06E4                     u3477:
  4813     06E4  0BF8               	decfsz	??_LCD_I2C_SendByte,f
  4814     06E5  2EE4               	goto	u3477
  4815                           
  4816                           ;main.c: 260:     I2C_Stop();
  4817     06E6  120A  158A  2484  120A  118A  	fcall	_I2C_Stop
  4818     06EB                     l210:
  4819     06EB  0008               	return
  4820     06EC                     __end_of_LCD_I2C_SendByte:
  4821                           
  4822                           	psect	text28
  4823     0B70                     __ptext28:	
  4824 ;; *************** function _I2C_Init *****************
  4825 ;; Defined at:
  4826 ;;		line 80 in file "main.c"
  4827 ;; Parameters:    Size  Location     Type
  4828 ;;		None
  4829 ;; Auto vars:     Size  Location     Type
  4830 ;;		None
  4831 ;; Return value:  Size  Location     Type
  4832 ;;                  1    wreg      void 
  4833 ;; Registers used:
  4834 ;;		status,2
  4835 ;; Tracked objects:
  4836 ;;		On entry : 0/0
  4837 ;;		On exit  : 0/0
  4838 ;;		Unchanged: 0/0
  4839 ;; Data sizes:     COMMON   BANK0   BANK1   BANK3   BANK2
  4840 ;;      Params:         0       0       0       0       0
  4841 ;;      Locals:         0       0       0       0       0
  4842 ;;      Temps:          0       0       0       0       0
  4843 ;;      Totals:         0       0       0       0       0
  4844 ;;Total ram usage:        0 bytes
  4845 ;; Hardware stack levels used: 1
  4846 ;; Hardware stack levels required when called: 1
  4847 ;; This function calls:
  4848 ;;		Nothing
  4849 ;; This function is called by:
  4850 ;;		_main
  4851 ;; This function uses a non-reentrant model
  4852 ;;
  4853                           
  4854     0B70                     _I2C_Init:	
  4855                           ;psect for function _I2C_Init
  4856                           
  4857     0B70                     l2021:	
  4858                           ;incstack = 0
  4859                           ; Regs used in _I2C_Init: [status,2]
  4860                           
  4861                           
  4862                           ;main.c: 81:     TRISC3 = 1; TRISC4 = 1;
  4863     0B70  1683               	bsf	3,5	;RP0=1, select bank1
  4864     0B71  1303               	bcf	3,6	;RP1=0, select bank1
  4865     0B72  1587               	bsf	7,3	;volatile
  4866     0B73  1607               	bsf	7,4	;volatile
  4867                           
  4868                           ;main.c: 82:     SSPSTAT = 0x80;
  4869     0B74  3080               	movlw	128
  4870     0B75  0094               	movwf	20	;volatile
  4871                           
  4872                           ;main.c: 83:     SSPCON = 0x28;
  4873     0B76  3028               	movlw	40
  4874     0B77  1283               	bcf	3,5	;RP0=0, select bank0
  4875     0B78  1303               	bcf	3,6	;RP1=0, select bank0
  4876     0B79  0094               	movwf	20	;volatile
  4877     0B7A                     l2023:
  4878                           
  4879                           ;main.c: 84:     SSPCON2 = 0x00;
  4880     0B7A  1683               	bsf	3,5	;RP0=1, select bank1
  4881     0B7B  1303               	bcf	3,6	;RP1=0, select bank1
  4882     0B7C  0191               	clrf	17	;volatile
  4883     0B7D                     l2025:
  4884                           
  4885                           ;main.c: 85:     SSPADD = 99;
  4886     0B7D  3063               	movlw	99
  4887     0B7E  0093               	movwf	19	;volatile
  4888     0B7F                     l126:
  4889     0B7F  0008               	return
  4890     0B80                     __end_of_I2C_Init:
  4891                           
  4892                           	psect	text29
  4893     053A                     __ptext29:	
  4894 ;; *************** function _DS3231_ReadTime *****************
  4895 ;; Defined at:
  4896 ;;		line 133 in file "main.c"
  4897 ;; Parameters:    Size  Location     Type
  4898 ;;		None
  4899 ;; Auto vars:     Size  Location     Type
  4900 ;;		None
  4901 ;; Return value:  Size  Location     Type
  4902 ;;                  1    wreg      void 
  4903 ;; Registers used:
  4904 ;;		wreg, status,2, status,0, pclath, cstack
  4905 ;; Tracked objects:
  4906 ;;		On entry : 0/0
  4907 ;;		On exit  : 0/0
  4908 ;;		Unchanged: 0/0
  4909 ;; Data sizes:     COMMON   BANK0   BANK1   BANK3   BANK2
  4910 ;;      Params:         0       0       0       0       0
  4911 ;;      Locals:         0       0       0       0       0
  4912 ;;      Temps:          0       0       0       0       0
  4913 ;;      Totals:         0       0       0       0       0
  4914 ;;Total ram usage:        0 bytes
  4915 ;; Hardware stack levels used: 1
  4916 ;; Hardware stack levels required when called: 3
  4917 ;; This function calls:
  4918 ;;		_BCDtoDEC
  4919 ;;		_I2C_Read
  4920 ;;		_I2C_Start
  4921 ;;		_I2C_Stop
  4922 ;;		_I2C_Write
  4923 ;; This function is called by:
  4924 ;;		_main
  4925 ;; This function uses a non-reentrant model
  4926 ;;
  4927                           
  4928     053A                     _DS3231_ReadTime:	
  4929                           ;psect for function _DS3231_ReadTime
  4930                           
  4931     053A                     l2819:	
  4932                           ;incstack = 0
  4933                           ; Regs used in _DS3231_ReadTime: [wreg+status,2+status,0+pclath+cstack]
  4934                           
  4935                           
  4936                           ;main.c: 134:     I2C_Start();
  4937     053A  120A  158A  2465  120A  118A  	fcall	_I2C_Start
  4938                           
  4939                           ;main.c: 135:     I2C_Write(0xD0);
  4940     053F  30D0               	movlw	208
  4941     0540  120A  158A  24C2  120A  118A  	fcall	_I2C_Write
  4942                           
  4943                           ;main.c: 136:     I2C_Write(0x00);
  4944     0545  3000               	movlw	0
  4945     0546  120A  158A  24C2  120A  118A  	fcall	_I2C_Write
  4946                           
  4947                           ;main.c: 137:     I2C_Start();
  4948     054B  120A  158A  2465  120A  118A  	fcall	_I2C_Start
  4949                           
  4950                           ;main.c: 138:     I2C_Write(0xD0 | 0x01);
  4951     0550  30D1               	movlw	209
  4952     0551  120A  158A  24C2  120A  118A  	fcall	_I2C_Write
  4953                           
  4954                           ;main.c: 139:     rtc_sec = BCDtoDEC(I2C_Read(1));
  4955     0556  3001               	movlw	1
  4956     0557  120A  158A  2712  120A  118A  	fcall	_I2C_Read
  4957     055C  120A  158A  23A7  120A  118A  	fcall	_BCDtoDEC
  4958     0561  1283               	bcf	3,5	;RP0=0, select bank0
  4959     0562  1303               	bcf	3,6	;RP1=0, select bank0
  4960     0563  00D1               	movwf	_rtc_sec
  4961                           
  4962                           ;main.c: 140:     rtc_min = BCDtoDEC(I2C_Read(1));
  4963     0564  3001               	movlw	1
  4964     0565  120A  158A  2712  120A  118A  	fcall	_I2C_Read
  4965     056A  120A  158A  23A7  120A  118A  	fcall	_BCDtoDEC
  4966     056F  1283               	bcf	3,5	;RP0=0, select bank0
  4967     0570  1303               	bcf	3,6	;RP1=0, select bank0
  4968     0571  00D6               	movwf	_rtc_min
  4969                           
  4970                           ;main.c: 141:     rtc_hr = BCDtoDEC(I2C_Read(1));
  4971     0572  3001               	movlw	1
  4972     0573  120A  158A  2712  120A  118A  	fcall	_I2C_Read
  4973     0578  120A  158A  23A7  120A  118A  	fcall	_BCDtoDEC
  4974     057D  1283               	bcf	3,5	;RP0=0, select bank0
  4975     057E  1303               	bcf	3,6	;RP1=0, select bank0
  4976     057F  00D5               	movwf	_rtc_hr
  4977                           
  4978                           ;main.c: 142:     I2C_Read(1);
  4979     0580  3001               	movlw	1
  4980     0581  120A  158A  2712  120A  118A  	fcall	_I2C_Read
  4981                           
  4982                           ;main.c: 143:     rtc_date = BCDtoDEC(I2C_Read(1));
  4983     0586  3001               	movlw	1
  4984     0587  120A  158A  2712  120A  118A  	fcall	_I2C_Read
  4985     058C  120A  158A  23A7  120A  118A  	fcall	_BCDtoDEC
  4986     0591  1283               	bcf	3,5	;RP0=0, select bank0
  4987     0592  1303               	bcf	3,6	;RP1=0, select bank0
  4988     0593  00D4               	movwf	_rtc_date
  4989                           
  4990                           ;main.c: 144:     rtc_mon = BCDtoDEC(I2C_Read(1));
  4991     0594  3001               	movlw	1
  4992     0595  120A  158A  2712  120A  118A  	fcall	_I2C_Read
  4993     059A  120A  158A  23A7  120A  118A  	fcall	_BCDtoDEC
  4994     059F  1283               	bcf	3,5	;RP0=0, select bank0
  4995     05A0  1303               	bcf	3,6	;RP1=0, select bank0
  4996     05A1  00D3               	movwf	_rtc_mon
  4997                           
  4998                           ;main.c: 145:     rtc_yr = BCDtoDEC(I2C_Read(0));
  4999     05A2  3000               	movlw	0
  5000     05A3  120A  158A  2712  120A  118A  	fcall	_I2C_Read
  5001     05A8  120A  158A  23A7  120A  118A  	fcall	_BCDtoDEC
  5002     05AD  1283               	bcf	3,5	;RP0=0, select bank0
  5003     05AE  1303               	bcf	3,6	;RP1=0, select bank0
  5004     05AF  00D2               	movwf	_rtc_yr
  5005                           
  5006                           ;main.c: 146:     I2C_Stop();
  5007     05B0  120A  158A  2484  120A  118A  	fcall	_I2C_Stop
  5008     05B5                     l176:
  5009     05B5  0008               	return
  5010     05B6                     __end_of_DS3231_ReadTime:
  5011                           
  5012                           	psect	text30
  5013     0CC2                     __ptext30:	
  5014 ;; *************** function _I2C_Write *****************
  5015 ;; Defined at:
  5016 ;;		line 107 in file "main.c"
  5017 ;; Parameters:    Size  Location     Type
  5018 ;;  b               1    wreg     unsigned char 
  5019 ;; Auto vars:     Size  Location     Type
  5020 ;;  b               1    4[COMMON] unsigned char 
  5021 ;;  timeout         2    5[COMMON] unsigned int 
  5022 ;; Return value:  Size  Location     Type
  5023 ;;                  1    wreg      void 
  5024 ;; Registers used:
  5025 ;;		wreg, status,2, status,0, pclath, cstack
  5026 ;; Tracked objects:
  5027 ;;		On entry : 0/0
  5028 ;;		On exit  : 0/0
  5029 ;;		Unchanged: 0/0
  5030 ;; Data sizes:     COMMON   BANK0   BANK1   BANK3   BANK2
  5031 ;;      Params:         0       0       0       0       0
  5032 ;;      Locals:         3       0       0       0       0
  5033 ;;      Temps:          0       0       0       0       0
  5034 ;;      Totals:         3       0       0       0       0
  5035 ;;Total ram usage:        3 bytes
  5036 ;; Hardware stack levels used: 1
  5037 ;; Hardware stack levels required when called: 1
  5038 ;; This function calls:
  5039 ;;		_I2C_Wait
  5040 ;; This function is called by:
  5041 ;;		_DS3231_ReadTime
  5042 ;;		_SRAM_Read
  5043 ;;		_SRAM_Write
  5044 ;;		_LCD_I2C_SendNibble
  5045 ;;		_LCD_I2C_SendByte
  5046 ;;		_DS3231_SetTime
  5047 ;; This function uses a non-reentrant model
  5048 ;;
  5049                           
  5050     0CC2                     _I2C_Write:	
  5051                           ;psect for function _I2C_Write
  5052                           
  5053                           
  5054                           ;incstack = 0
  5055                           ; Regs used in _I2C_Write: [wreg+status,2+status,0+pclath+cstack]
  5056                           ;I2C_Write@b stored from wreg
  5057     0CC2  00F4               	movwf	I2C_Write@b
  5058     0CC3                     l2547:
  5059                           
  5060                           ;main.c: 108:     unsigned int timeout = 0;
  5061     0CC3  01F5               	clrf	I2C_Write@timeout
  5062     0CC4  01F6               	clrf	I2C_Write@timeout+1
  5063     0CC5                     l2549:
  5064                           
  5065                           ;main.c: 109:     I2C_Wait();
  5066     0CC5  120A  158A  2446  120A  158A  	fcall	_I2C_Wait
  5067     0CCA                     l2551:
  5068                           
  5069                           ;main.c: 110:     SSPIF = 0;
  5070     0CCA  1283               	bcf	3,5	;RP0=0, select bank0
  5071     0CCB  1303               	bcf	3,6	;RP1=0, select bank0
  5072     0CCC  118C               	bcf	12,3	;volatile
  5073     0CCD                     l2553:
  5074                           
  5075                           ;main.c: 111:     SSPBUF = b;
  5076     0CCD  0874               	movf	I2C_Write@b,w
  5077     0CCE  0093               	movwf	19	;volatile
  5078     0CCF                     l155:	
  5079                           ;main.c: 112:     while (!SSPIF && ++timeout < 5000) { }
  5080                           
  5081     0CCF  198C               	btfsc	12,3	;volatile
  5082     0CD0  2CD2               	goto	u2441
  5083     0CD1  2CD3               	goto	u2440
  5084     0CD2                     u2441:
  5085     0CD2  2CE2               	goto	l160
  5086     0CD3                     u2440:
  5087     0CD3                     l2555:
  5088     0CD3  3001               	movlw	1
  5089     0CD4  07F5               	addwf	I2C_Write@timeout,f
  5090     0CD5  1803               	skipnc
  5091     0CD6  0AF6               	incf	I2C_Write@timeout+1,f
  5092     0CD7  3000               	movlw	0
  5093     0CD8  07F6               	addwf	I2C_Write@timeout+1,f
  5094     0CD9  3013               	movlw	19
  5095     0CDA  0276               	subwf	I2C_Write@timeout+1,w
  5096     0CDB  3088               	movlw	136
  5097     0CDC  1903               	skipnz
  5098     0CDD  0275               	subwf	I2C_Write@timeout,w
  5099     0CDE  1C03               	skipc
  5100     0CDF  2CE1               	goto	u2451
  5101     0CE0  2CE2               	goto	u2450
  5102     0CE1                     u2451:
  5103     0CE1  2CCF               	goto	l155
  5104     0CE2                     u2450:
  5105     0CE2                     l160:
  5106     0CE2  0008               	return
  5107     0CE3                     __end_of_I2C_Write:
  5108                           
  5109                           	psect	text31
  5110     0C84                     __ptext31:	
  5111 ;; *************** function _I2C_Stop *****************
  5112 ;; Defined at:
  5113 ;;		line 100 in file "main.c"
  5114 ;; Parameters:    Size  Location     Type
  5115 ;;		None
  5116 ;; Auto vars:     Size  Location     Type
  5117 ;;  timeout         2    4[COMMON] unsigned int 
  5118 ;; Return value:  Size  Location     Type
  5119 ;;                  1    wreg      void 
  5120 ;; Registers used:
  5121 ;;		wreg, status,2, status,0, pclath, cstack
  5122 ;; Tracked objects:
  5123 ;;		On entry : 0/0
  5124 ;;		On exit  : 0/0
  5125 ;;		Unchanged: 0/0
  5126 ;; Data sizes:     COMMON   BANK0   BANK1   BANK3   BANK2
  5127 ;;      Params:         0       0       0       0       0
  5128 ;;      Locals:         2       0       0       0       0
  5129 ;;      Temps:          0       0       0       0       0
  5130 ;;      Totals:         2       0       0       0       0
  5131 ;;Total ram usage:        2 bytes
  5132 ;; Hardware stack levels used: 1
  5133 ;; Hardware stack levels required when called: 1
  5134 ;; This function calls:
  5135 ;;		_I2C_Wait
  5136 ;; This function is called by:
  5137 ;;		_DS3231_ReadTime
  5138 ;;		_SRAM_Read
  5139 ;;		_SRAM_Write
  5140 ;;		_LCD_I2C_SendNibble
  5141 ;;		_LCD_I2C_SendByte
  5142 ;;		_DS3231_SetTime
  5143 ;; This function uses a non-reentrant model
  5144 ;;
  5145                           
  5146     0C84                     _I2C_Stop:	
  5147                           ;psect for function _I2C_Stop
  5148                           
  5149     0C84                     l2539:	
  5150                           ;incstack = 0
  5151                           ; Regs used in _I2C_Stop: [wreg+status,2+status,0+pclath+cstack]
  5152                           
  5153                           
  5154                           ;main.c: 101:     I2C_Wait();
  5155     0C84  120A  158A  2446  120A  158A  	fcall	_I2C_Wait
  5156     0C89                     l2541:
  5157                           
  5158                           ;main.c: 102:     PEN = 1;
  5159     0C89  1683               	bsf	3,5	;RP0=1, select bank1
  5160     0C8A  1303               	bcf	3,6	;RP1=0, select bank1
  5161     0C8B  1511               	bsf	17,2	;volatile
  5162     0C8C                     l2543:
  5163                           
  5164                           ;main.c: 103:     unsigned int timeout = 5000;
  5165     0C8C  3088               	movlw	136
  5166     0C8D  00F4               	movwf	I2C_Stop@timeout
  5167     0C8E  3013               	movlw	19
  5168     0C8F  00F5               	movwf	I2C_Stop@timeout+1
  5169     0C90                     l147:	
  5170                           ;main.c: 104:     while (PEN && timeout--) { }
  5171                           
  5172     0C90  1D11               	btfss	17,2	;volatile
  5173     0C91  2C93               	goto	u2421
  5174     0C92  2C94               	goto	u2420
  5175     0C93                     u2421:
  5176     0C93  2CA2               	goto	l152
  5177     0C94                     u2420:
  5178     0C94                     l2545:
  5179     0C94  3001               	movlw	1
  5180     0C95  02F4               	subwf	I2C_Stop@timeout,f
  5181     0C96  3000               	movlw	0
  5182     0C97  1C03               	skipc
  5183     0C98  03F5               	decf	I2C_Stop@timeout+1,f
  5184     0C99  02F5               	subwf	I2C_Stop@timeout+1,f
  5185     0C9A  0A74               	incf	I2C_Stop@timeout,w
  5186     0C9B  1D03               	skipz
  5187     0C9C  2CA1               	goto	u2431
  5188     0C9D  0A75               	incf	I2C_Stop@timeout+1,w
  5189     0C9E  1D03               	btfss	3,2
  5190     0C9F  2CA1               	goto	u2431
  5191     0CA0  2CA2               	goto	u2430
  5192     0CA1                     u2431:
  5193     0CA1  2C90               	goto	l147
  5194     0CA2                     u2430:
  5195     0CA2                     l152:
  5196     0CA2  0008               	return
  5197     0CA3                     __end_of_I2C_Stop:
  5198                           
  5199                           	psect	text32
  5200     0C65                     __ptext32:	
  5201 ;; *************** function _I2C_Start *****************
  5202 ;; Defined at:
  5203 ;;		line 93 in file "main.c"
  5204 ;; Parameters:    Size  Location     Type
  5205 ;;		None
  5206 ;; Auto vars:     Size  Location     Type
  5207 ;;  timeout         2    4[COMMON] unsigned int 
  5208 ;; Return value:  Size  Location     Type
  5209 ;;                  1    wreg      void 
  5210 ;; Registers used:
  5211 ;;		wreg, status,2, status,0, pclath, cstack
  5212 ;; Tracked objects:
  5213 ;;		On entry : 0/0
  5214 ;;		On exit  : 0/0
  5215 ;;		Unchanged: 0/0
  5216 ;; Data sizes:     COMMON   BANK0   BANK1   BANK3   BANK2
  5217 ;;      Params:         0       0       0       0       0
  5218 ;;      Locals:         2       0       0       0       0
  5219 ;;      Temps:          0       0       0       0       0
  5220 ;;      Totals:         2       0       0       0       0
  5221 ;;Total ram usage:        2 bytes
  5222 ;; Hardware stack levels used: 1
  5223 ;; Hardware stack levels required when called: 1
  5224 ;; This function calls:
  5225 ;;		_I2C_Wait
  5226 ;; This function is called by:
  5227 ;;		_DS3231_ReadTime
  5228 ;;		_SRAM_Read
  5229 ;;		_SRAM_Write
  5230 ;;		_LCD_I2C_SendNibble
  5231 ;;		_LCD_I2C_SendByte
  5232 ;;		_DS3231_SetTime
  5233 ;; This function uses a non-reentrant model
  5234 ;;
  5235                           
  5236     0C65                     _I2C_Start:	
  5237                           ;psect for function _I2C_Start
  5238                           
  5239     0C65                     l2531:	
  5240                           ;incstack = 0
  5241                           ; Regs used in _I2C_Start: [wreg+status,2+status,0+pclath+cstack]
  5242                           
  5243                           
  5244                           ;main.c: 94:     I2C_Wait();
  5245     0C65  120A  158A  2446  120A  158A  	fcall	_I2C_Wait
  5246     0C6A                     l2533:
  5247                           
  5248                           ;main.c: 95:     SEN = 1;
  5249     0C6A  1683               	bsf	3,5	;RP0=1, select bank1
  5250     0C6B  1303               	bcf	3,6	;RP1=0, select bank1
  5251     0C6C  1411               	bsf	17,0	;volatile
  5252     0C6D                     l2535:
  5253                           
  5254                           ;main.c: 96:     unsigned int timeout = 5000;
  5255     0C6D  3088               	movlw	136
  5256     0C6E  00F4               	movwf	I2C_Start@timeout
  5257     0C6F  3013               	movlw	19
  5258     0C70  00F5               	movwf	I2C_Start@timeout+1
  5259     0C71                     l139:	
  5260                           ;main.c: 97:     while (SEN && timeout--) { }
  5261                           
  5262     0C71  1C11               	btfss	17,0	;volatile
  5263     0C72  2C74               	goto	u2401
  5264     0C73  2C75               	goto	u2400
  5265     0C74                     u2401:
  5266     0C74  2C83               	goto	l144
  5267     0C75                     u2400:
  5268     0C75                     l2537:
  5269     0C75  3001               	movlw	1
  5270     0C76  02F4               	subwf	I2C_Start@timeout,f
  5271     0C77  3000               	movlw	0
  5272     0C78  1C03               	skipc
  5273     0C79  03F5               	decf	I2C_Start@timeout+1,f
  5274     0C7A  02F5               	subwf	I2C_Start@timeout+1,f
  5275     0C7B  0A74               	incf	I2C_Start@timeout,w
  5276     0C7C  1D03               	skipz
  5277     0C7D  2C82               	goto	u2411
  5278     0C7E  0A75               	incf	I2C_Start@timeout+1,w
  5279     0C7F  1D03               	btfss	3,2
  5280     0C80  2C82               	goto	u2411
  5281     0C81  2C83               	goto	u2410
  5282     0C82                     u2411:
  5283     0C82  2C71               	goto	l139
  5284     0C83                     u2410:
  5285     0C83                     l144:
  5286     0C83  0008               	return
  5287     0C84                     __end_of_I2C_Start:
  5288                           
  5289                           	psect	text33
  5290     0F12                     __ptext33:	
  5291 ;; *************** function _I2C_Read *****************
  5292 ;; Defined at:
  5293 ;;		line 115 in file "main.c"
  5294 ;; Parameters:    Size  Location     Type
  5295 ;;  ack             1    wreg     unsigned char 
  5296 ;; Auto vars:     Size  Location     Type
  5297 ;;  ack             1    4[COMMON] unsigned char 
  5298 ;;  timeout         2    6[COMMON] unsigned int 
  5299 ;;  d               1    5[COMMON] unsigned char 
  5300 ;; Return value:  Size  Location     Type
  5301 ;;                  1    wreg      unsigned char 
  5302 ;; Registers used:
  5303 ;;		wreg, status,2, status,0, pclath, cstack
  5304 ;; Tracked objects:
  5305 ;;		On entry : 0/0
  5306 ;;		On exit  : 0/0
  5307 ;;		Unchanged: 0/0
  5308 ;; Data sizes:     COMMON   BANK0   BANK1   BANK3   BANK2
  5309 ;;      Params:         0       0       0       0       0
  5310 ;;      Locals:         4       0       0       0       0
  5311 ;;      Temps:          0       0       0       0       0
  5312 ;;      Totals:         4       0       0       0       0
  5313 ;;Total ram usage:        4 bytes
  5314 ;; Hardware stack levels used: 1
  5315 ;; Hardware stack levels required when called: 1
  5316 ;; This function calls:
  5317 ;;		_I2C_Wait
  5318 ;; This function is called by:
  5319 ;;		_DS3231_ReadTime
  5320 ;;		_SRAM_Read
  5321 ;; This function uses a non-reentrant model
  5322 ;;
  5323                           
  5324     0F12                     _I2C_Read:	
  5325                           ;psect for function _I2C_Read
  5326                           
  5327                           
  5328                           ;incstack = 0
  5329                           ; Regs used in _I2C_Read: [wreg+status,2+status,0+pclath+cstack]
  5330                           ;I2C_Read@ack stored from wreg
  5331     0F12  00F4               	movwf	I2C_Read@ack
  5332     0F13                     l2583:
  5333     0F13                     l2585:
  5334                           
  5335                           ;main.c: 117:     unsigned int timeout = 5000;
  5336     0F13  3088               	movlw	136
  5337     0F14  00F6               	movwf	I2C_Read@timeout
  5338     0F15  3013               	movlw	19
  5339     0F16  00F7               	movwf	I2C_Read@timeout+1
  5340     0F17                     l2587:
  5341                           
  5342                           ;main.c: 118:     I2C_Wait();
  5343     0F17  120A  158A  2446  120A  158A  	fcall	_I2C_Wait
  5344     0F1C                     l2589:
  5345                           
  5346                           ;main.c: 119:     RCEN = 1;
  5347     0F1C  1683               	bsf	3,5	;RP0=1, select bank1
  5348     0F1D  1303               	bcf	3,6	;RP1=0, select bank1
  5349     0F1E  1591               	bsf	17,3	;volatile
  5350     0F1F                     l163:	
  5351                           ;main.c: 120:     while (!BF && timeout--) { }
  5352                           
  5353     0F1F  1814               	btfsc	20,0	;volatile
  5354     0F20  2F22               	goto	u2491
  5355     0F21  2F23               	goto	u2490
  5356     0F22                     u2491:
  5357     0F22  2F31               	goto	l2593
  5358     0F23                     u2490:
  5359     0F23                     l2591:
  5360     0F23  3001               	movlw	1
  5361     0F24  02F6               	subwf	I2C_Read@timeout,f
  5362     0F25  3000               	movlw	0
  5363     0F26  1C03               	skipc
  5364     0F27  03F7               	decf	I2C_Read@timeout+1,f
  5365     0F28  02F7               	subwf	I2C_Read@timeout+1,f
  5366     0F29  0A76               	incf	I2C_Read@timeout,w
  5367     0F2A  1D03               	skipz
  5368     0F2B  2F30               	goto	u2501
  5369     0F2C  0A77               	incf	I2C_Read@timeout+1,w
  5370     0F2D  1D03               	btfss	3,2
  5371     0F2E  2F30               	goto	u2501
  5372     0F2F  2F31               	goto	u2500
  5373     0F30                     u2501:
  5374     0F30  2F1F               	goto	l163
  5375     0F31                     u2500:
  5376     0F31                     l2593:
  5377                           
  5378                           ;main.c: 121:     d = SSPBUF;
  5379     0F31  1283               	bcf	3,5	;RP0=0, select bank0
  5380     0F32  1303               	bcf	3,6	;RP1=0, select bank0
  5381     0F33  0813               	movf	19,w	;volatile
  5382     0F34  00F5               	movwf	I2C_Read@d
  5383     0F35                     l2595:
  5384                           
  5385                           ;main.c: 122:     I2C_Wait();
  5386     0F35  120A  158A  2446  120A  158A  	fcall	_I2C_Wait
  5387     0F3A                     l2597:
  5388                           
  5389                           ;main.c: 123:     ACKDT = ack ? 0 : 1;
  5390     0F3A  0874               	movf	I2C_Read@ack,w
  5391     0F3B  1903               	btfsc	3,2
  5392     0F3C  2F3E               	goto	u2511
  5393     0F3D  2F42               	goto	u2510
  5394     0F3E                     u2511:
  5395     0F3E  1683               	bsf	3,5	;RP0=1, select bank1
  5396     0F3F  1303               	bcf	3,6	;RP1=0, select bank1
  5397     0F40  1691               	bsf	17,5	;volatile
  5398     0F41  2F45               	goto	u2524
  5399     0F42                     u2510:
  5400     0F42  1683               	bsf	3,5	;RP0=1, select bank1
  5401     0F43  1303               	bcf	3,6	;RP1=0, select bank1
  5402     0F44  1291               	bcf	17,5	;volatile
  5403     0F45                     u2524:
  5404     0F45                     l2599:
  5405                           
  5406                           ;main.c: 124:     ACKEN = 1;
  5407     0F45  1611               	bsf	17,4	;volatile
  5408     0F46                     l2601:
  5409                           
  5410                           ;main.c: 125:     timeout = 5000;
  5411     0F46  3088               	movlw	136
  5412     0F47  00F6               	movwf	I2C_Read@timeout
  5413     0F48  3013               	movlw	19
  5414     0F49  00F7               	movwf	I2C_Read@timeout+1
  5415     0F4A                     l168:	
  5416                           ;main.c: 126:     while (ACKEN && timeout--) { }
  5417                           
  5418     0F4A  1E11               	btfss	17,4	;volatile
  5419     0F4B  2F4D               	goto	u2531
  5420     0F4C  2F4E               	goto	u2530
  5421     0F4D                     u2531:
  5422     0F4D  2F5C               	goto	l2605
  5423     0F4E                     u2530:
  5424     0F4E                     l2603:
  5425     0F4E  3001               	movlw	1
  5426     0F4F  02F6               	subwf	I2C_Read@timeout,f
  5427     0F50  3000               	movlw	0
  5428     0F51  1C03               	skipc
  5429     0F52  03F7               	decf	I2C_Read@timeout+1,f
  5430     0F53  02F7               	subwf	I2C_Read@timeout+1,f
  5431     0F54  0A76               	incf	I2C_Read@timeout,w
  5432     0F55  1D03               	skipz
  5433     0F56  2F5B               	goto	u2541
  5434     0F57  0A77               	incf	I2C_Read@timeout+1,w
  5435     0F58  1D03               	btfss	3,2
  5436     0F59  2F5B               	goto	u2541
  5437     0F5A  2F5C               	goto	u2540
  5438     0F5B                     u2541:
  5439     0F5B  2F4A               	goto	l168
  5440     0F5C                     u2540:
  5441     0F5C                     l2605:
  5442                           
  5443                           ;main.c: 127:     return d;
  5444     0F5C  0875               	movf	I2C_Read@d,w
  5445     0F5D                     l173:
  5446     0F5D  0008               	return
  5447     0F5E                     __end_of_I2C_Read:
  5448                           
  5449                           	psect	text34
  5450     0C46                     __ptext34:	
  5451 ;; *************** function _I2C_Wait *****************
  5452 ;; Defined at:
  5453 ;;		line 88 in file "main.c"
  5454 ;; Parameters:    Size  Location     Type
  5455 ;;		None
  5456 ;; Auto vars:     Size  Location     Type
  5457 ;;  timeout         2    2[COMMON] unsigned int 
  5458 ;; Return value:  Size  Location     Type
  5459 ;;                  1    wreg      void 
  5460 ;; Registers used:
  5461 ;;		wreg, status,2, status,0
  5462 ;; Tracked objects:
  5463 ;;		On entry : 0/0
  5464 ;;		On exit  : 0/0
  5465 ;;		Unchanged: 0/0
  5466 ;; Data sizes:     COMMON   BANK0   BANK1   BANK3   BANK2
  5467 ;;      Params:         0       0       0       0       0
  5468 ;;      Locals:         2       0       0       0       0
  5469 ;;      Temps:          0       0       0       0       0
  5470 ;;      Totals:         2       0       0       0       0
  5471 ;;Total ram usage:        2 bytes
  5472 ;; Hardware stack levels used: 1
  5473 ;; Hardware stack levels required when called: 1
  5474 ;; This function calls:
  5475 ;;		Nothing
  5476 ;; This function is called by:
  5477 ;;		_I2C_Start
  5478 ;;		_I2C_Stop
  5479 ;;		_I2C_Write
  5480 ;;		_I2C_Read
  5481 ;; This function uses a non-reentrant model
  5482 ;;
  5483                           
  5484     0C46                     _I2C_Wait:	
  5485                           ;psect for function _I2C_Wait
  5486                           
  5487     0C46                     l2523:	
  5488                           ;incstack = 0
  5489                           ; Regs used in _I2C_Wait: [wreg+status,2+status,0]
  5490                           
  5491                           
  5492                           ;main.c: 89:     unsigned int timeout = 5000;
  5493     0C46  3088               	movlw	136
  5494     0C47  00F2               	movwf	I2C_Wait@timeout
  5495     0C48  3013               	movlw	19
  5496     0C49  00F3               	movwf	I2C_Wait@timeout+1
  5497     0C4A                     l2525:	
  5498                           ;main.c: 90:     while (((SSPCON2 & 0x1F) || (SSPSTAT & 0x04)) && timeout--) { }
  5499                           
  5500     0C4A  1683               	bsf	3,5	;RP0=1, select bank1
  5501     0C4B  1303               	bcf	3,6	;RP1=0, select bank1
  5502     0C4C  0811               	movf	17,w	;volatile
  5503     0C4D  391F               	andlw	31
  5504     0C4E  1D03               	btfss	3,2
  5505     0C4F  2C51               	goto	u2371
  5506     0C50  2C52               	goto	u2370
  5507     0C51                     u2371:
  5508     0C51  2C56               	goto	l2529
  5509     0C52                     u2370:
  5510     0C52                     l2527:
  5511     0C52  1D14               	btfss	20,2	;volatile
  5512     0C53  2C55               	goto	u2381
  5513     0C54  2C56               	goto	u2380
  5514     0C55                     u2381:
  5515     0C55  2C64               	goto	l136
  5516     0C56                     u2380:
  5517     0C56                     l2529:
  5518     0C56  3001               	movlw	1
  5519     0C57  02F2               	subwf	I2C_Wait@timeout,f
  5520     0C58  3000               	movlw	0
  5521     0C59  1C03               	skipc
  5522     0C5A  03F3               	decf	I2C_Wait@timeout+1,f
  5523     0C5B  02F3               	subwf	I2C_Wait@timeout+1,f
  5524     0C5C  0A72               	incf	I2C_Wait@timeout,w
  5525     0C5D  1D03               	skipz
  5526     0C5E  2C63               	goto	u2391
  5527     0C5F  0A73               	incf	I2C_Wait@timeout+1,w
  5528     0C60  1D03               	btfss	3,2
  5529     0C61  2C63               	goto	u2391
  5530     0C62  2C64               	goto	u2390
  5531     0C63                     u2391:
  5532     0C63  2C4A               	goto	l2525
  5533     0C64                     u2390:
  5534     0C64                     l136:
  5535     0C64  0008               	return
  5536     0C65                     __end_of_I2C_Wait:
  5537                           
  5538                           	psect	text35
  5539     0BA7                     __ptext35:	
  5540 ;; *************** function _BCDtoDEC *****************
  5541 ;; Defined at:
  5542 ;;		line 74 in file "main.c"
  5543 ;; Parameters:    Size  Location     Type
  5544 ;;  b               1    wreg     unsigned char 
  5545 ;; Auto vars:     Size  Location     Type
  5546 ;;  b               1   10[COMMON] unsigned char 
  5547 ;; Return value:  Size  Location     Type
  5548 ;;                  1    wreg      unsigned char 
  5549 ;; Registers used:
  5550 ;;		wreg, status,2, status,0, pclath, cstack
  5551 ;; Tracked objects:
  5552 ;;		On entry : 0/0
  5553 ;;		On exit  : 0/0
  5554 ;;		Unchanged: 0/0
  5555 ;; Data sizes:     COMMON   BANK0   BANK1   BANK3   BANK2
  5556 ;;      Params:         0       0       0       0       0
  5557 ;;      Locals:         1       0       0       0       0
  5558 ;;      Temps:          2       0       0       0       0
  5559 ;;      Totals:         3       0       0       0       0
  5560 ;;Total ram usage:        3 bytes
  5561 ;; Hardware stack levels used: 1
  5562 ;; Hardware stack levels required when called: 2
  5563 ;; This function calls:
  5564 ;;		___bmul
  5565 ;; This function is called by:
  5566 ;;		_DS3231_ReadTime
  5567 ;; This function uses a non-reentrant model
  5568 ;;
  5569                           
  5570     0BA7                     _BCDtoDEC:	
  5571                           ;psect for function _BCDtoDEC
  5572                           
  5573                           
  5574                           ;incstack = 0
  5575                           ; Regs used in _BCDtoDEC: [wreg+status,2+status,0+pclath+cstack]
  5576                           ;BCDtoDEC@b stored from wreg
  5577     0BA7  00FA               	movwf	BCDtoDEC@b
  5578     0BA8                     l1863:
  5579     0BA8  300F               	movlw	15
  5580     0BA9  057A               	andwf	BCDtoDEC@b,w
  5581     0BAA  00F8               	movwf	??_BCDtoDEC
  5582     0BAB  300A               	movlw	10
  5583     0BAC  00F2               	movwf	___bmul@multiplicand
  5584     0BAD  087A               	movf	BCDtoDEC@b,w
  5585     0BAE  00F9               	movwf	??_BCDtoDEC+1
  5586     0BAF  3004               	movlw	4
  5587     0BB0                     u1535:
  5588     0BB0  1003               	clrc
  5589     0BB1  0CF9               	rrf	??_BCDtoDEC+1,f
  5590     0BB2  3EFF               	addlw	-1
  5591     0BB3  1D03               	skipz
  5592     0BB4  2BB0               	goto	u1535
  5593     0BB5  0879               	movf	??_BCDtoDEC+1,w
  5594     0BB6  120A  158A  2380  120A  158A  	fcall	___bmul
  5595     0BBB  0778               	addwf	??_BCDtoDEC,w
  5596     0BBC                     l120:
  5597     0BBC  0008               	return
  5598     0BBD                     __end_of_BCDtoDEC:
  5599                           
  5600                           	psect	text36
  5601     0B80                     __ptext36:	
  5602 ;; *************** function ___bmul *****************
  5603 ;; Defined at:
  5604 ;;		line 4 in file "C:\Program Files\Microchip\xc8\v3.10\pic\sources\c99\common\Umul8.c"
  5605 ;; Parameters:    Size  Location     Type
  5606 ;;  multiplier      1    wreg     unsigned char 
  5607 ;;  multiplicand    1    2[COMMON] unsigned char 
  5608 ;; Auto vars:     Size  Location     Type
  5609 ;;  multiplier      1    4[COMMON] unsigned char 
  5610 ;;  product         1    3[COMMON] unsigned char 
  5611 ;; Return value:  Size  Location     Type
  5612 ;;                  1    wreg      unsigned char 
  5613 ;; Registers used:
  5614 ;;		wreg, status,2, status,0
  5615 ;; Tracked objects:
  5616 ;;		On entry : 0/0
  5617 ;;		On exit  : 0/0
  5618 ;;		Unchanged: 0/0
  5619 ;; Data sizes:     COMMON   BANK0   BANK1   BANK3   BANK2
  5620 ;;      Params:         1       0       0       0       0
  5621 ;;      Locals:         2       0       0       0       0
  5622 ;;      Temps:          0       0       0       0       0
  5623 ;;      Totals:         3       0       0       0       0
  5624 ;;Total ram usage:        3 bytes
  5625 ;; Hardware stack levels used: 1
  5626 ;; Hardware stack levels required when called: 1
  5627 ;; This function calls:
  5628 ;;		Nothing
  5629 ;; This function is called by:
  5630 ;;		_BCDtoDEC
  5631 ;;		_SRAM_SaveSample
  5632 ;;		_SRAM_ReadSample
  5633 ;; This function uses a non-reentrant model
  5634 ;;
  5635                           
  5636     0B80                     ___bmul:	
  5637                           ;psect for function ___bmul
  5638                           
  5639                           
  5640                           ;incstack = 0
  5641                           ; Regs used in ___bmul: [wreg+status,2+status,0]
  5642                           ;___bmul@multiplier stored from wreg
  5643     0B80  00F4               	movwf	___bmul@multiplier
  5644     0B81                     l1801:
  5645     0B81  01F3               	clrf	___bmul@product
  5646     0B82                     l1803:
  5647     0B82  1C74               	btfss	___bmul@multiplier,0
  5648     0B83  2B85               	goto	u1381
  5649     0B84  2B86               	goto	u1380
  5650     0B85                     u1381:
  5651     0B85  2B88               	goto	l1807
  5652     0B86                     u1380:
  5653     0B86                     l1805:
  5654     0B86  0872               	movf	___bmul@multiplicand,w
  5655     0B87  07F3               	addwf	___bmul@product,f
  5656     0B88                     l1807:
  5657     0B88  1003               	clrc
  5658     0B89  0DF2               	rlf	___bmul@multiplicand,f
  5659     0B8A                     l1809:
  5660     0B8A  1003               	clrc
  5661     0B8B  0CF4               	rrf	___bmul@multiplier,f
  5662     0B8C  0874               	movf	___bmul@multiplier,w
  5663     0B8D  1D03               	btfss	3,2
  5664     0B8E  2B90               	goto	u1391
  5665     0B8F  2B91               	goto	u1390
  5666     0B90                     u1391:
  5667     0B90  2B82               	goto	l1803
  5668     0B91                     u1390:
  5669     0B91                     l1811:
  5670     0B91  0873               	movf	___bmul@product,w
  5671     0B92                     l459:
  5672     0B92  0008               	return
  5673     0B93                     __end_of___bmul:
  5674                           
  5675                           	psect	text37
  5676     02FD                     __ptext37:	
  5677 ;; *************** function _DHT22_Read *****************
  5678 ;; Defined at:
  5679 ;;		line 303 in file "main.c"
  5680 ;; Parameters:    Size  Location     Type
  5681 ;;  temp_x10        1    2[COMMON] PTR int 
  5682 ;;		 -> main@dht_temp_x10(2), 
  5683 ;;  hum_x10         1    3[COMMON] PTR unsigned int 
  5684 ;;		 -> main@dht_hum_x10(2), 
  5685 ;; Auto vars:     Size  Location     Type
  5686 ;;  data            5   12[BANK0 ] unsigned char [5]
  5687 ;;  timeout         2   19[BANK0 ] unsigned int 
  5688 ;;  t               2   10[BANK0 ] int 
  5689 ;;  i               1   18[BANK0 ] unsigned char 
  5690 ;;  j               1   17[BANK0 ] unsigned char 
  5691 ;; Return value:  Size  Location     Type
  5692 ;;                  1    wreg      unsigned char 
  5693 ;; Registers used:
  5694 ;;		wreg, fsr0l, fsr0h, status,2, status,0, btemp1
  5695 ;; Tracked objects:
  5696 ;;		On entry : 0/0
  5697 ;;		On exit  : 0/0
  5698 ;;		Unchanged: 0/0
  5699 ;; Data sizes:     COMMON   BANK0   BANK1   BANK3   BANK2
  5700 ;;      Params:         2       0       0       0       0
  5701 ;;      Locals:         0      11       0       0       0
  5702 ;;      Temps:          0      10       0       0       0
  5703 ;;      Totals:         2      21       0       0       0
  5704 ;;Total ram usage:       23 bytes
  5705 ;; Hardware stack levels used: 1
  5706 ;; Hardware stack levels required when called: 1
  5707 ;; This function calls:
  5708 ;;		Nothing
  5709 ;; This function is called by:
  5710 ;;		_main
  5711 ;; This function uses a non-reentrant model
  5712 ;;
  5713                           
  5714     02FD                     _DHT22_Read:	
  5715                           ;psect for function _DHT22_Read
  5716                           
  5717     02FD                     l2127:	
  5718                           ;incstack = 0
  5719                           ; Regs used in _DHT22_Read: [wreg-fsr0h+status,2+status,0+btemp1]
  5720                           
  5721                           
  5722                           ;main.c: 304:     unsigned char data[5] = {0};
  5723     02FD  302C               	movlw	DHT22_Read@data& (0+255)
  5724     02FE  0084               	movwf	4
  5725     02FF  3005               	movlw	5
  5726     0300  00FF               	movwf	btemp1
  5727     0301                     u1870:
  5728     0301  1383               	bcf	3,7	;select IRP bank0
  5729     0302  0180               	clrf	0
  5730     0303  0A84               	incf	4,f
  5731     0304  0BFF               	decfsz	btemp1,f
  5732     0305  2B01               	goto	u1870
  5733     0306                     l2129:
  5734                           
  5735                           ;main.c: 305:     unsigned char i, j;;main.c: 306:     unsigned int timeout;;main.c: 308
      +                          :     TRISDbits.TRISD2 = 0;
  5736     0306  1683               	bsf	3,5	;RP0=1, select bank1
  5737     0307  1303               	bcf	3,6	;RP1=0, select bank1
  5738     0308  1108               	bcf	8,2	;volatile
  5739     0309                     l2131:
  5740                           
  5741                           ;main.c: 309:     PORTDbits.RD2 = 0;
  5742     0309  1283               	bcf	3,5	;RP0=0, select bank0
  5743     030A  1303               	bcf	3,6	;RP1=0, select bank0
  5744     030B  1108               	bcf	8,2	;volatile
  5745     030C                     l2133:
  5746                           
  5747                           ;main.c: 310:     _delay((unsigned long)((18)*(20000000UL/4000.0)));
  5748     030C  3075               	movlw	117
  5749     030D  1283               	bcf	3,5	;RP0=0, select bank0
  5750     030E  1303               	bcf	3,6	;RP1=0, select bank0
  5751     030F  00A1               	movwf	??_DHT22_Read+1
  5752     0310  30E0               	movlw	224
  5753     0311  00A0               	movwf	??_DHT22_Read
  5754     0312                     u3487:
  5755     0312  0BA0               	decfsz	??_DHT22_Read,f
  5756     0313  2B12               	goto	u3487
  5757     0314  0BA1               	decfsz	??_DHT22_Read+1,f
  5758     0315  2B12               	goto	u3487
  5759     0316  0000               	nop
  5760     0317                     l2135:
  5761                           
  5762                           ;main.c: 311:     PORTDbits.RD2 = 1;
  5763     0317  1283               	bcf	3,5	;RP0=0, select bank0
  5764     0318  1303               	bcf	3,6	;RP1=0, select bank0
  5765     0319  1508               	bsf	8,2	;volatile
  5766     031A                     l2137:
  5767                           
  5768                           ;main.c: 312:     _delay((unsigned long)((30)*(20000000UL/4000000.0)));
  5769     031A  3031               	movlw	49
  5770     031B  1283               	bcf	3,5	;RP0=0, select bank0
  5771     031C  1303               	bcf	3,6	;RP1=0, select bank0
  5772     031D  00A0               	movwf	??_DHT22_Read
  5773     031E                     u3497:
  5774     031E  0BA0               	decfsz	??_DHT22_Read,f
  5775     031F  2B1E               	goto	u3497
  5776     0320                     l2139:
  5777                           
  5778                           ;main.c: 313:     TRISDbits.TRISD2 = 1;
  5779     0320  1683               	bsf	3,5	;RP0=1, select bank1
  5780     0321  1303               	bcf	3,6	;RP1=0, select bank1
  5781     0322  1508               	bsf	8,2	;volatile
  5782     0323                     l2141:
  5783                           
  5784                           ;main.c: 315:     timeout = 1000; while (PORTDbits.RD2 && --timeout); if (!timeout) retu
      +                          rn 1;
  5785     0323  30E8               	movlw	232
  5786     0324  1283               	bcf	3,5	;RP0=0, select bank0
  5787     0325  1303               	bcf	3,6	;RP1=0, select bank0
  5788     0326  00B3               	movwf	DHT22_Read@timeout
  5789     0327  3003               	movlw	3
  5790     0328  00B4               	movwf	DHT22_Read@timeout+1
  5791     0329                     l253:
  5792     0329  1D08               	btfss	8,2	;volatile
  5793     032A  2B2C               	goto	u1881
  5794     032B  2B2D               	goto	u1880
  5795     032C                     u1881:
  5796     032C  2B39               	goto	l2145
  5797     032D                     u1880:
  5798     032D                     l2143:
  5799     032D  3001               	movlw	1
  5800     032E  02B3               	subwf	DHT22_Read@timeout,f
  5801     032F  3000               	movlw	0
  5802     0330  1C03               	skipc
  5803     0331  03B4               	decf	DHT22_Read@timeout+1,f
  5804     0332  02B4               	subwf	DHT22_Read@timeout+1,f
  5805     0333  0833               	movf	DHT22_Read@timeout,w
  5806     0334  0434               	iorwf	DHT22_Read@timeout+1,w
  5807     0335  1D03               	btfss	3,2
  5808     0336  2B38               	goto	u1891
  5809     0337  2B39               	goto	u1890
  5810     0338                     u1891:
  5811     0338  2B29               	goto	l253
  5812     0339                     u1890:
  5813     0339                     l2145:
  5814     0339  0833               	movf	DHT22_Read@timeout,w
  5815     033A  0434               	iorwf	DHT22_Read@timeout+1,w
  5816     033B  1D03               	btfss	3,2
  5817     033C  2B3E               	goto	u1901
  5818     033D  2B3F               	goto	u1900
  5819     033E                     u1901:
  5820     033E  2B41               	goto	l2151
  5821     033F                     u1900:
  5822     033F                     l2147:
  5823     033F  3001               	movlw	1
  5824     0340  2C35               	goto	l259
  5825     0341                     l2151:
  5826                           
  5827                           ;main.c: 316:     timeout = 1000; while (!PORTDbits.RD2 && --timeout); if (!timeout) ret
      +                          urn 1;
  5828     0341  30E8               	movlw	232
  5829     0342  00B3               	movwf	DHT22_Read@timeout
  5830     0343  3003               	movlw	3
  5831     0344  00B4               	movwf	DHT22_Read@timeout+1
  5832     0345                     l260:
  5833     0345  1908               	btfsc	8,2	;volatile
  5834     0346  2B48               	goto	u1911
  5835     0347  2B49               	goto	u1910
  5836     0348                     u1911:
  5837     0348  2B55               	goto	l2155
  5838     0349                     u1910:
  5839     0349                     l2153:
  5840     0349  3001               	movlw	1
  5841     034A  02B3               	subwf	DHT22_Read@timeout,f
  5842     034B  3000               	movlw	0
  5843     034C  1C03               	skipc
  5844     034D  03B4               	decf	DHT22_Read@timeout+1,f
  5845     034E  02B4               	subwf	DHT22_Read@timeout+1,f
  5846     034F  0833               	movf	DHT22_Read@timeout,w
  5847     0350  0434               	iorwf	DHT22_Read@timeout+1,w
  5848     0351  1D03               	btfss	3,2
  5849     0352  2B54               	goto	u1921
  5850     0353  2B55               	goto	u1920
  5851     0354                     u1921:
  5852     0354  2B45               	goto	l260
  5853     0355                     u1920:
  5854     0355                     l2155:
  5855     0355  0833               	movf	DHT22_Read@timeout,w
  5856     0356  0434               	iorwf	DHT22_Read@timeout+1,w
  5857     0357  1D03               	btfss	3,2
  5858     0358  2B5A               	goto	u1931
  5859     0359  2B5B               	goto	u1930
  5860     035A                     u1931:
  5861     035A  2B5C               	goto	l2161
  5862     035B                     u1930:
  5863     035B  2B3F               	goto	l2147
  5864     035C                     l2161:
  5865                           
  5866                           ;main.c: 317:     timeout = 1000; while (PORTDbits.RD2 && --timeout); if (!timeout) retu
      +                          rn 1;
  5867     035C  30E8               	movlw	232
  5868     035D  00B3               	movwf	DHT22_Read@timeout
  5869     035E  3003               	movlw	3
  5870     035F  00B4               	movwf	DHT22_Read@timeout+1
  5871     0360                     l266:
  5872     0360  1D08               	btfss	8,2	;volatile
  5873     0361  2B63               	goto	u1941
  5874     0362  2B64               	goto	u1940
  5875     0363                     u1941:
  5876     0363  2B70               	goto	l2165
  5877     0364                     u1940:
  5878     0364                     l2163:
  5879     0364  3001               	movlw	1
  5880     0365  02B3               	subwf	DHT22_Read@timeout,f
  5881     0366  3000               	movlw	0
  5882     0367  1C03               	skipc
  5883     0368  03B4               	decf	DHT22_Read@timeout+1,f
  5884     0369  02B4               	subwf	DHT22_Read@timeout+1,f
  5885     036A  0833               	movf	DHT22_Read@timeout,w
  5886     036B  0434               	iorwf	DHT22_Read@timeout+1,w
  5887     036C  1D03               	btfss	3,2
  5888     036D  2B6F               	goto	u1951
  5889     036E  2B70               	goto	u1950
  5890     036F                     u1951:
  5891     036F  2B60               	goto	l266
  5892     0370                     u1950:
  5893     0370                     l2165:
  5894     0370  0833               	movf	DHT22_Read@timeout,w
  5895     0371  0434               	iorwf	DHT22_Read@timeout+1,w
  5896     0372  1D03               	btfss	3,2
  5897     0373  2B75               	goto	u1961
  5898     0374  2B76               	goto	u1960
  5899     0375                     u1961:
  5900     0375  2B77               	goto	l2171
  5901     0376                     u1960:
  5902     0376  2B3F               	goto	l2147
  5903     0377                     l2171:
  5904                           
  5905                           ;main.c: 319:     for (i = 0; i < 5; i++) {
  5906     0377  01B2               	clrf	DHT22_Read@i
  5907     0378                     l2177:
  5908                           
  5909                           ;main.c: 320:         data[i] = 0;
  5910     0378  0832               	movf	DHT22_Read@i,w
  5911     0379  3E2C               	addlw	(low (DHT22_Read@data| 0))& (0+255)
  5912     037A  0084               	movwf	4
  5913     037B  1383               	bcf	3,7	;select IRP bank0
  5914     037C  0180               	clrf	0
  5915     037D                     l2179:
  5916                           
  5917                           ;main.c: 321:         for (j = 0; j < 8; j++) {
  5918     037D  01B1               	clrf	DHT22_Read@j
  5919     037E                     l2185:
  5920                           
  5921                           ;main.c: 322:             timeout = 1000; while (!PORTDbits.RD2 && --timeout); if (!time
      +                          out) return 1;
  5922     037E  30E8               	movlw	232
  5923     037F  00B3               	movwf	DHT22_Read@timeout
  5924     0380  3003               	movlw	3
  5925     0381  00B4               	movwf	DHT22_Read@timeout+1
  5926     0382                     l276:
  5927     0382  1908               	btfsc	8,2	;volatile
  5928     0383  2B85               	goto	u1971
  5929     0384  2B86               	goto	u1970
  5930     0385                     u1971:
  5931     0385  2B92               	goto	l2189
  5932     0386                     u1970:
  5933     0386                     l2187:
  5934     0386  3001               	movlw	1
  5935     0387  02B3               	subwf	DHT22_Read@timeout,f
  5936     0388  3000               	movlw	0
  5937     0389  1C03               	skipc
  5938     038A  03B4               	decf	DHT22_Read@timeout+1,f
  5939     038B  02B4               	subwf	DHT22_Read@timeout+1,f
  5940     038C  0833               	movf	DHT22_Read@timeout,w
  5941     038D  0434               	iorwf	DHT22_Read@timeout+1,w
  5942     038E  1D03               	btfss	3,2
  5943     038F  2B91               	goto	u1981
  5944     0390  2B92               	goto	u1980
  5945     0391                     u1981:
  5946     0391  2B82               	goto	l276
  5947     0392                     u1980:
  5948     0392                     l2189:
  5949     0392  0833               	movf	DHT22_Read@timeout,w
  5950     0393  0434               	iorwf	DHT22_Read@timeout+1,w
  5951     0394  1D03               	btfss	3,2
  5952     0395  2B97               	goto	u1991
  5953     0396  2B98               	goto	u1990
  5954     0397                     u1991:
  5955     0397  2B99               	goto	l2195
  5956     0398                     u1990:
  5957     0398  2B3F               	goto	l2147
  5958     0399                     l2195:
  5959                           
  5960                           ;main.c: 323:             _delay((unsigned long)((35)*(20000000UL/4000000.0)));
  5961     0399  3039               	movlw	57
  5962     039A  1283               	bcf	3,5	;RP0=0, select bank0
  5963     039B  1303               	bcf	3,6	;RP1=0, select bank0
  5964     039C  00A0               	movwf	??_DHT22_Read
  5965     039D                     u3507:
  5966     039D  0BA0               	decfsz	??_DHT22_Read,f
  5967     039E  2B9D               	goto	u3507
  5968     039F  0000               	nop
  5969     03A0                     l2197:
  5970                           
  5971                           ;main.c: 324:             if (PORTDbits.RD2) {
  5972     03A0  1283               	bcf	3,5	;RP0=0, select bank0
  5973     03A1  1303               	bcf	3,6	;RP1=0, select bank0
  5974     03A2  1D08               	btfss	8,2	;volatile
  5975     03A3  2BA5               	goto	u2001
  5976     03A4  2BA6               	goto	u2000
  5977     03A5                     u2001:
  5978     03A5  2BD2               	goto	l2211
  5979     03A6                     u2000:
  5980     03A6                     l2199:
  5981                           
  5982                           ;main.c: 325:                 data[i] |= (1 << (7 - j));
  5983     03A6  0832               	movf	DHT22_Read@i,w
  5984     03A7  3E2C               	addlw	(low (DHT22_Read@data| 0))& (0+255)
  5985     03A8  0084               	movwf	4
  5986     03A9  3001               	movlw	1
  5987     03AA  00A0               	movwf	??_DHT22_Read
  5988     03AB  0831               	movf	DHT22_Read@j,w
  5989     03AC  3C07               	sublw	7
  5990     03AD  3E01               	addlw	1
  5991     03AE  2BB1               	goto	u2014
  5992     03AF                     u2015:
  5993     03AF  1003               	clrc
  5994     03B0  0DA0               	rlf	??_DHT22_Read,f
  5995     03B1                     u2014:
  5996     03B1  3EFF               	addlw	-1
  5997     03B2  1D03               	skipz
  5998     03B3  2BAF               	goto	u2015
  5999     03B4  0820               	movf	??_DHT22_Read,w
  6000     03B5  1383               	bcf	3,7	;select IRP bank0
  6001     03B6  0480               	iorwf	0,f
  6002     03B7                     l2201:
  6003                           
  6004                           ;main.c: 326:                 timeout = 1000; while (PORTDbits.RD2 && --timeout); if (!t
      +                          imeout) return 1;
  6005     03B7  30E8               	movlw	232
  6006     03B8  00B3               	movwf	DHT22_Read@timeout
  6007     03B9  3003               	movlw	3
  6008     03BA  00B4               	movwf	DHT22_Read@timeout+1
  6009     03BB                     l283:
  6010     03BB  1D08               	btfss	8,2	;volatile
  6011     03BC  2BBE               	goto	u2021
  6012     03BD  2BBF               	goto	u2020
  6013     03BE                     u2021:
  6014     03BE  2BCB               	goto	l2205
  6015     03BF                     u2020:
  6016     03BF                     l2203:
  6017     03BF  3001               	movlw	1
  6018     03C0  02B3               	subwf	DHT22_Read@timeout,f
  6019     03C1  3000               	movlw	0
  6020     03C2  1C03               	skipc
  6021     03C3  03B4               	decf	DHT22_Read@timeout+1,f
  6022     03C4  02B4               	subwf	DHT22_Read@timeout+1,f
  6023     03C5  0833               	movf	DHT22_Read@timeout,w
  6024     03C6  0434               	iorwf	DHT22_Read@timeout+1,w
  6025     03C7  1D03               	btfss	3,2
  6026     03C8  2BCA               	goto	u2031
  6027     03C9  2BCB               	goto	u2030
  6028     03CA                     u2031:
  6029     03CA  2BBB               	goto	l283
  6030     03CB                     u2030:
  6031     03CB                     l2205:
  6032     03CB  0833               	movf	DHT22_Read@timeout,w
  6033     03CC  0434               	iorwf	DHT22_Read@timeout+1,w
  6034     03CD  1D03               	btfss	3,2
  6035     03CE  2BD0               	goto	u2041
  6036     03CF  2BD1               	goto	u2040
  6037     03D0                     u2041:
  6038     03D0  2BD2               	goto	l2211
  6039     03D1                     u2040:
  6040     03D1  2B3F               	goto	l2147
  6041     03D2                     l2211:
  6042                           
  6043                           ;main.c: 328:         }
  6044     03D2  3001               	movlw	1
  6045     03D3  07B1               	addwf	DHT22_Read@j,f
  6046     03D4                     l2213:
  6047     03D4  3008               	movlw	8
  6048     03D5  0231               	subwf	DHT22_Read@j,w
  6049     03D6  1C03               	skipc
  6050     03D7  2BD9               	goto	u2051
  6051     03D8  2BDA               	goto	u2050
  6052     03D9                     u2051:
  6053     03D9  2B7E               	goto	l2185
  6054     03DA                     u2050:
  6055     03DA                     l2215:
  6056                           
  6057                           ;main.c: 329:     }
  6058     03DA  3001               	movlw	1
  6059     03DB  07B2               	addwf	DHT22_Read@i,f
  6060     03DC                     l2217:
  6061     03DC  3005               	movlw	5
  6062     03DD  0232               	subwf	DHT22_Read@i,w
  6063     03DE  1C03               	skipc
  6064     03DF  2BE1               	goto	u2061
  6065     03E0  2BE2               	goto	u2060
  6066     03E1                     u2061:
  6067     03E1  2B78               	goto	l2177
  6068     03E2                     u2060:
  6069     03E2                     l2219:
  6070                           
  6071                           ;main.c: 331:     if (data[4] != ((data[0] + data[1] + data[2] + data[3]) & 0xFF)) retur
      +                          n 2;
  6072     03E2  082C               	movf	DHT22_Read@data,w
  6073     03E3  072D               	addwf	DHT22_Read@data+1,w
  6074     03E4  00A0               	movwf	??_DHT22_Read
  6075     03E5  01A1               	clrf	??_DHT22_Read+1
  6076     03E6  0DA1               	rlf	??_DHT22_Read+1,f
  6077     03E7  082E               	movf	DHT22_Read@data+2,w
  6078     03E8  0720               	addwf	??_DHT22_Read,w
  6079     03E9  00A2               	movwf	??_DHT22_Read+2
  6080     03EA  3000               	movlw	0
  6081     03EB  1803               	skipnc
  6082     03EC  3001               	movlw	1
  6083     03ED  0721               	addwf	??_DHT22_Read+1,w
  6084     03EE  00A3               	movwf	??_DHT22_Read+3
  6085     03EF  082F               	movf	DHT22_Read@data+3,w
  6086     03F0  0722               	addwf	??_DHT22_Read+2,w
  6087     03F1  00A4               	movwf	??_DHT22_Read+4
  6088     03F2  3000               	movlw	0
  6089     03F3  1803               	skipnc
  6090     03F4  3001               	movlw	1
  6091     03F5  0723               	addwf	??_DHT22_Read+3,w
  6092     03F6  00A5               	movwf	??_DHT22_Read+5
  6093     03F7  30FF               	movlw	255
  6094     03F8  0524               	andwf	??_DHT22_Read+4,w
  6095     03F9  00A6               	movwf	??_DHT22_Read+6
  6096     03FA  3000               	movlw	0
  6097     03FB  0525               	andwf	??_DHT22_Read+5,w
  6098     03FC  00A7               	movwf	??_DHT22_Read+7
  6099     03FD  0830               	movf	DHT22_Read@data+4,w
  6100     03FE  00A8               	movwf	??_DHT22_Read+8
  6101     03FF  01A9               	clrf	??_DHT22_Read+9
  6102     0400  0827               	movf	??_DHT22_Read+7,w
  6103     0401  0629               	xorwf	??_DHT22_Read+9,w
  6104     0402  1D03               	skipz
  6105     0403  2C06               	goto	u2075
  6106     0404  0826               	movf	??_DHT22_Read+6,w
  6107     0405  0628               	xorwf	??_DHT22_Read+8,w
  6108     0406                     u2075:
  6109     0406  1903               	skipnz
  6110     0407  2C09               	goto	u2071
  6111     0408  2C0A               	goto	u2070
  6112     0409                     u2071:
  6113     0409  2C0C               	goto	l2225
  6114     040A                     u2070:
  6115     040A                     l2221:
  6116     040A  3002               	movlw	2
  6117     040B  2C35               	goto	l259
  6118     040C                     l2225:
  6119                           
  6120                           ;main.c: 333:     *hum_x10 = ((unsigned int)data[0] << 8) | data[1];
  6121     040C  0873               	movf	DHT22_Read@hum_x10,w
  6122     040D  0084               	movwf	4
  6123     040E  082D               	movf	DHT22_Read@data+1,w
  6124     040F  1383               	bcf	3,7	;select IRP bank0
  6125     0410  0080               	movwf	0
  6126     0411  0A84               	incf	4,f
  6127     0412  082C               	movf	DHT22_Read@data,w
  6128     0413  0080               	movwf	0
  6129     0414                     l2227:
  6130                           
  6131                           ;main.c: 334:     signed int t = ((unsigned int)(data[2] & 0x7F) << 8) | data[3];
  6132     0414  082F               	movf	DHT22_Read@data+3,w
  6133     0415  00A0               	movwf	??_DHT22_Read
  6134     0416  01A1               	clrf	??_DHT22_Read+1
  6135     0417  082E               	movf	DHT22_Read@data+2,w
  6136     0418  397F               	andlw	127
  6137     0419  00A2               	movwf	??_DHT22_Read+2
  6138     041A  01A3               	clrf	??_DHT22_Read+3
  6139     041B  0822               	movf	??_DHT22_Read+2,w
  6140     041C  00A3               	movwf	??_DHT22_Read+3
  6141     041D  01A2               	clrf	??_DHT22_Read+2
  6142     041E  0820               	movf	??_DHT22_Read,w
  6143     041F  0422               	iorwf	??_DHT22_Read+2,w
  6144     0420  00AA               	movwf	DHT22_Read@t
  6145     0421  0821               	movf	??_DHT22_Read+1,w
  6146     0422  0423               	iorwf	??_DHT22_Read+3,w
  6147     0423  00AB               	movwf	DHT22_Read@t+1
  6148     0424                     l2229:
  6149                           
  6150                           ;main.c: 335:     if (data[2] & 0x80) t = -t;
  6151     0424  1FAE               	btfss	DHT22_Read@data+2,7
  6152     0425  2C27               	goto	u2081
  6153     0426  2C28               	goto	u2080
  6154     0427                     u2081:
  6155     0427  2C2D               	goto	l2233
  6156     0428                     u2080:
  6157     0428                     l2231:
  6158     0428  09AA               	comf	DHT22_Read@t,f
  6159     0429  09AB               	comf	DHT22_Read@t+1,f
  6160     042A  0AAA               	incf	DHT22_Read@t,f
  6161     042B  1903               	skipnz
  6162     042C  0AAB               	incf	DHT22_Read@t+1,f
  6163     042D                     l2233:
  6164                           
  6165                           ;main.c: 336:     *temp_x10 = t;
  6166     042D  0872               	movf	DHT22_Read@temp_x10,w
  6167     042E  0084               	movwf	4
  6168     042F  082A               	movf	DHT22_Read@t,w
  6169     0430  0080               	movwf	0
  6170     0431  0A84               	incf	4,f
  6171     0432  082B               	movf	DHT22_Read@t+1,w
  6172     0433  0080               	movwf	0
  6173     0434                     l2235:
  6174                           
  6175                           ;main.c: 338:     return 0;
  6176     0434  3000               	movlw	0
  6177     0435                     l259:
  6178     0435  0008               	return
  6179     0436                     __end_of_DHT22_Read:
  6180                           
  6181                           	psect	text38
  6182     0CE3                     __ptext38:	
  6183 ;; *************** function _ADC_Read *****************
  6184 ;; Defined at:
  6185 ;;		line 349 in file "main.c"
  6186 ;; Parameters:    Size  Location     Type
  6187 ;;  ch              1    wreg     unsigned char 
  6188 ;; Auto vars:     Size  Location     Type
  6189 ;;  ch              1    5[COMMON] unsigned char 
  6190 ;; Return value:  Size  Location     Type
  6191 ;;                  2    2[COMMON] unsigned int 
  6192 ;; Registers used:
  6193 ;;		wreg, status,2, status,0
  6194 ;; Tracked objects:
  6195 ;;		On entry : 0/0
  6196 ;;		On exit  : 0/0
  6197 ;;		Unchanged: 0/0
  6198 ;; Data sizes:     COMMON   BANK0   BANK1   BANK3   BANK2
  6199 ;;      Params:         2       0       0       0       0
  6200 ;;      Locals:         1       0       0       0       0
  6201 ;;      Temps:          1       0       0       0       0
  6202 ;;      Totals:         4       0       0       0       0
  6203 ;;Total ram usage:        4 bytes
  6204 ;; Hardware stack levels used: 1
  6205 ;; Hardware stack levels required when called: 1
  6206 ;; This function calls:
  6207 ;;		Nothing
  6208 ;; This function is called by:
  6209 ;;		_main
  6210 ;; This function uses a non-reentrant model
  6211 ;;
  6212                           
  6213     0CE3                     _ADC_Read:	
  6214                           ;psect for function _ADC_Read
  6215                           
  6216                           
  6217                           ;incstack = 0
  6218                           ; Regs used in _ADC_Read: [wreg+status,2+status,0]
  6219                           ;ADC_Read@ch stored from wreg
  6220     0CE3  00F5               	movwf	ADC_Read@ch
  6221     0CE4                     l2243:
  6222                           
  6223                           ;main.c: 350:     ADCON0 = (unsigned char)((ADCON0 & 0b11000111) | ((ch & 0x07) << 3));
  6224     0CE4  0875               	movf	ADC_Read@ch,w
  6225     0CE5  3907               	andlw	7
  6226     0CE6  00F4               	movwf	??_ADC_Read
  6227     0CE7  3003               	movlw	3
  6228     0CE8                     u2095:
  6229     0CE8  1003               	clrc
  6230     0CE9  0DF4               	rlf	??_ADC_Read,f
  6231     0CEA  3EFF               	addlw	-1
  6232     0CEB  1D03               	skipz
  6233     0CEC  2CE8               	goto	u2095
  6234     0CED  1283               	bcf	3,5	;RP0=0, select bank0
  6235     0CEE  1303               	bcf	3,6	;RP1=0, select bank0
  6236     0CEF  081F               	movf	31,w	;volatile
  6237     0CF0  39C7               	andlw	199
  6238     0CF1  0474               	iorwf	??_ADC_Read,w
  6239     0CF2  009F               	movwf	31	;volatile
  6240     0CF3                     l2245:
  6241                           
  6242                           ;main.c: 351:     _delay((unsigned long)((50)*(20000000UL/4000000.0))); ADCON0bits.GO_DO
      +                          NE = 1; while (ADCON0bits.GO_DONE) { }
  6243     0CF3  3053               	movlw	83
  6244     0CF4  00F4               	movwf	??_ADC_Read
  6245     0CF5                     u3517:
  6246     0CF5  0BF4               	decfsz	??_ADC_Read,f
  6247     0CF6  2CF5               	goto	u3517
  6248     0CF7                     l2247:
  6249     0CF7  1283               	bcf	3,5	;RP0=0, select bank0
  6250     0CF8  1303               	bcf	3,6	;RP1=0, select bank0
  6251     0CF9  151F               	bsf	31,2	;volatile
  6252     0CFA                     l296:
  6253     0CFA  191F               	btfsc	31,2	;volatile
  6254     0CFB  2CFD               	goto	u2101
  6255     0CFC  2CFE               	goto	u2100
  6256     0CFD                     u2101:
  6257     0CFD  2CFA               	goto	l296
  6258     0CFE                     u2100:
  6259     0CFE                     l2249:
  6260                           
  6261                           ;main.c: 352:     return (unsigned int)(((unsigned int)ADRESH << 8) | ADRESL);
  6262     0CFE  081E               	movf	30,w	;volatile
  6263     0CFF  00F3               	movwf	?_ADC_Read+1
  6264     0D00  1683               	bsf	3,5	;RP0=1, select bank1
  6265     0D01  1303               	bcf	3,6	;RP1=0, select bank1
  6266     0D02  081E               	movf	30,w	;volatile
  6267     0D03  00F2               	movwf	?_ADC_Read
  6268     0D04                     l299:
  6269     0D04  0008               	return
  6270     0D05                     __end_of_ADC_Read:
  6271                           
  6272                           	psect	text39
  6273     0B61                     __ptext39:	
  6274 ;; *************** function _ADC_Init *****************
  6275 ;; Defined at:
  6276 ;;		line 344 in file "main.c"
  6277 ;; Parameters:    Size  Location     Type
  6278 ;;		None
  6279 ;; Auto vars:     Size  Location     Type
  6280 ;;		None
  6281 ;; Return value:  Size  Location     Type
  6282 ;;                  1    wreg      void 
  6283 ;; Registers used:
  6284 ;;		wreg
  6285 ;; Tracked objects:
  6286 ;;		On entry : 0/0
  6287 ;;		On exit  : 0/0
  6288 ;;		Unchanged: 0/0
  6289 ;; Data sizes:     COMMON   BANK0   BANK1   BANK3   BANK2
  6290 ;;      Params:         0       0       0       0       0
  6291 ;;      Locals:         0       0       0       0       0
  6292 ;;      Temps:          1       0       0       0       0
  6293 ;;      Totals:         1       0       0       0       0
  6294 ;;Total ram usage:        1 bytes
  6295 ;; Hardware stack levels used: 1
  6296 ;; Hardware stack levels required when called: 1
  6297 ;; This function calls:
  6298 ;;		Nothing
  6299 ;; This function is called by:
  6300 ;;		_main
  6301 ;; This function uses a non-reentrant model
  6302 ;;
  6303                           
  6304     0B61                     _ADC_Init:	
  6305                           ;psect for function _ADC_Init
  6306                           
  6307     0B61                     l2239:	
  6308                           ;incstack = 0
  6309                           ; Regs used in _ADC_Init: [wreg]
  6310                           
  6311                           
  6312                           ;main.c: 345:     TRISAbits.TRISA1 = 1; TRISAbits.TRISA2 = 1;
  6313     0B61  1683               	bsf	3,5	;RP0=1, select bank1
  6314     0B62  1303               	bcf	3,6	;RP1=0, select bank1
  6315     0B63  1485               	bsf	5,1	;volatile
  6316     0B64  1505               	bsf	5,2	;volatile
  6317                           
  6318                           ;main.c: 346:     ADCON1 = 0b10000000; ADCON0 = 0b01000001; _delay((unsigned long)((50)*
      +                          (20000000UL/4000000.0)));
  6319     0B65  3080               	movlw	128
  6320     0B66  009F               	movwf	31	;volatile
  6321     0B67  3041               	movlw	65
  6322     0B68  1283               	bcf	3,5	;RP0=0, select bank0
  6323     0B69  1303               	bcf	3,6	;RP1=0, select bank0
  6324     0B6A  009F               	movwf	31	;volatile
  6325     0B6B                     l2241:
  6326     0B6B  3053               	movlw	83
  6327     0B6C  00F2               	movwf	??_ADC_Init
  6328     0B6D                     u3527:
  6329     0B6D  0BF2               	decfsz	??_ADC_Init,f
  6330     0B6E  2B6D               	goto	u3527
  6331     0B6F                     l293:
  6332     0B6F  0008               	return
  6333     0B70                     __end_of_ADC_Init:
  6334                           
  6335                           	psect	text40
  6336     0C29                     __ptext40:	
  6337 ;; *************** function _ISR *****************
  6338 ;; Defined at:
  6339 ;;		line 58 in file "main.c"
  6340 ;; Parameters:    Size  Location     Type
  6341 ;;		None
  6342 ;; Auto vars:     Size  Location     Type
  6343 ;;		None
  6344 ;; Return value:  Size  Location     Type
  6345 ;;                  1    wreg      void 
  6346 ;; Registers used:
  6347 ;;		wreg, status,2, status,0
  6348 ;; Tracked objects:
  6349 ;;		On entry : 0/0
  6350 ;;		On exit  : 0/0
  6351 ;;		Unchanged: 0/0
  6352 ;; Data sizes:     COMMON   BANK0   BANK1   BANK3   BANK2
  6353 ;;      Params:         0       0       0       0       0
  6354 ;;      Locals:         0       0       0       0       0
  6355 ;;      Temps:          2       0       0       0       0
  6356 ;;      Totals:         2       0       0       0       0
  6357 ;;Total ram usage:        2 bytes
  6358 ;; Hardware stack levels used: 1
  6359 ;; This function calls:
  6360 ;;		Nothing
  6361 ;; This function is called by:
  6362 ;;		Interrupt level 1
  6363 ;; This function uses a non-reentrant model
  6364 ;;
  6365                           
  6366     0C29                     _ISR:	
  6367                           ;psect for function _ISR
  6368                           
  6369     0C29                     i1l2313:
  6370                           
  6371                           ;main.c: 59:     if (PIR1bits.TMR1IF) {
  6372     0C29  1283               	bcf	3,5	;RP0=0, select bank0
  6373     0C2A  1303               	bcf	3,6	;RP1=0, select bank0
  6374     0C2B  1C0C               	btfss	12,0	;volatile
  6375     0C2C  2C2E               	goto	u224_21
  6376     0C2D  2C2F               	goto	u224_20
  6377     0C2E                     u224_21:
  6378     0C2E  2C3F               	goto	i1l117
  6379     0C2F                     u224_20:
  6380     0C2F                     i1l2315:
  6381                           
  6382                           ;main.c: 60:         TMR1H = 0x0B;
  6383     0C2F  300B               	movlw	11
  6384     0C30  008F               	movwf	15	;volatile
  6385                           
  6386                           ;main.c: 61:         TMR1L = 0xDC;
  6387     0C31  30DC               	movlw	220
  6388     0C32  008E               	movwf	14	;volatile
  6389                           
  6390                           ;main.c: 62:         PIR1bits.TMR1IF = 0;
  6391     0C33  100C               	bcf	12,0	;volatile
  6392     0C34                     i1l2317:
  6393                           
  6394                           ;main.c: 63:         timer1_ticks++;
  6395     0C34  3001               	movlw	1
  6396     0C35  07FB               	addwf	_timer1_ticks,f	;volatile
  6397     0C36                     i1l2319:
  6398                           
  6399                           ;main.c: 64:         if (timer1_ticks >= 20) {
  6400     0C36  3014               	movlw	20
  6401     0C37  027B               	subwf	_timer1_ticks,w	;volatile
  6402     0C38  1C03               	skipc
  6403     0C39  2C3B               	goto	u225_21
  6404     0C3A  2C3C               	goto	u225_20
  6405     0C3B                     u225_21:
  6406     0C3B  2C3F               	goto	i1l117
  6407     0C3C                     u225_20:
  6408     0C3C                     i1l2321:
  6409                           
  6410                           ;main.c: 65:             timer1_ticks = 0;
  6411     0C3C  01FB               	clrf	_timer1_ticks	;volatile
  6412     0C3D                     i1l2323:
  6413                           
  6414                           ;main.c: 66:             take_sample_flag = 1;
  6415     0C3D  3001               	movlw	1
  6416     0C3E  00D0               	movwf	_take_sample_flag	;volatile
  6417     0C3F                     i1l117:
  6418     0C3F  0871               	movf	??_ISR+1,w
  6419     0C40  008A               	movwf	10
  6420     0C41  0E70               	swapf	??_ISR,w
  6421     0C42  0083               	movwf	3
  6422     0C43  0EFE               	swapf	btemp,f
  6423     0C44  0E7E               	swapf	btemp,w
  6424     0C45  0009               	retfie
  6425     0C46                     __end_of_ISR:
  6426     0002                     ___latbits      equ	2
  6427     007E                     btemp           set	126	;btemp
  6428     007E                     btemp0          set	126
  6429     007F                     btemp1          set	127
  6430     007E                     wtemp0          set	126
  6431     007F                     wtemp0a         set	127
  6432     007F                     ttemp0a         set	127
  6433     0080                     ltemp0a         set	128
  6434                           
  6435                           	psect	intentry
  6436     0004                     __pintentry:	
  6437                           ;incstack = 0
  6438                           ; Regs used in _ISR: [wreg+status,2+status,0]
  6439                           
  6440     0004                     interrupt_function:
  6441     007E                     saved_w         set	btemp
  6442     0004  00FE               	movwf	btemp
  6443     0005  0E03               	swapf	3,w
  6444     0006  00F0               	movwf	??_ISR
  6445     0007  080A               	movf	10,w
  6446     0008  00F1               	movwf	??_ISR+1
  6447     0009  120A  158A  2C29   	ljmp	_ISR
  6448                           
  6449                           	psect	config
  6450                           
  6451                           ;Config register CONFIG @ 0x2007
  6452                           ;	Oscillator Selection bits
  6453                           ;	FOSC = HS, HS oscillator
  6454                           ;	Watchdog Timer Enable bit
  6455                           ;	WDTE = OFF, WDT disabled
  6456                           ;	Power-up Timer Enable bit
  6457                           ;	PWRTE = ON, PWRT enabled
  6458                           ;	Brown-out Reset Enable bit
  6459                           ;	BOREN = ON, BOR enabled
  6460                           ;	Low-Voltage (Single-Supply) In-Circuit Serial Programming Enable bit
  6461                           ;	LVP = OFF, RB3 is digital I/O, HV on MCLR must be used for programming
  6462                           ;	Data EEPROM Memory Code Protection bit
  6463                           ;	CPD = OFF, Data EEPROM code protection off
  6464                           ;	Flash Program Memory Write Enable bits
  6465                           ;	WRT = OFF, Write protection off; all program memory may be written to by EECON control
  6466                           ;	In-Circuit Debugger Mode bit
  6467                           ;	DEBUG = 0x1, unprogrammed default
  6468                           ;	Flash Program Memory Code Protection bit
  6469                           ;	CP = OFF, Code protection off
  6470     2007                     	org	8199
  6471     2007  3F72               	dw	16242

Data Sizes:
    Strings     37
    Constant    0
    Data        5
    BSS         10
    Persistent  0
    Stack       0

Auto Spaces:
    Space          Size  Autos    Used
    COMMON           14     11      12
    BANK0            80     41      55
    BANK1            80      0       0
    BANK3            96      0       0
    BANK2            96      0       0

Pointer List with Targets:

    DHT22_Read@hum_x10	PTR unsigned int  size(1) Largest target is 2
		 -> main@dht_hum_x10(BANK0[2]), 

    DHT22_Read@temp_x10	PTR int  size(1) Largest target is 2
		 -> main@dht_temp_x10(BANK0[2]), 

    LCD_Print@s	PTR const unsigned char  size(1) Largest target is 17
		 -> STR_1(CODE[17]), STR_2(CODE[17]), STR_3(CODE[3]), STR_4(CODE[2]), 
		 -> STR_5(CODE[2]), STR_6(CODE[3]), 

    UART_Print@s	PTR const unsigned char  size(1) Largest target is 3
		 -> STR_7(CODE[3]), 


Critical Paths under _main in COMMON

    _main->_LCD_Cmd
    _main->_LCD_Num2
    _main->_LCD_Print
    _main->_UART_Num2
    _main->___lmul
    ___lldiv->___lmul
    _UART_Print->_UART_Write
    _UART_Num2->___awdiv
    _UART_Num->___awdiv
    _SRAM_SaveSample->_SRAM_SaveHeader
    _SRAM_SaveHeader->_SRAM_Write
    _SRAM_Write->_I2C_Write
    _SRAM_LoadHeader->_SRAM_Read
    _SRAM_Read->_I2C_Read
    _LCD_Print->_LCD_Data
    _LCD_NumFrac->_LCD_Data
    _LCD_Num2->___awdiv
    _LCD_Num->_LCD_Data
    _LCD_Num->___awdiv
    _LCD_Data->_LCD_I2C_SendByte
    _LCD_Init->_LCD_Cmd
    _LCD_Init->_LCD_I2C_SendNibble
    _LCD_I2C_SendNibble->_I2C_Write
    _LCD_Goto->_LCD_Cmd
    _LCD_Cmd->_LCD_I2C_SendByte
    _LCD_I2C_SendByte->_I2C_Write
    _DS3231_ReadTime->_BCDtoDEC
    _I2C_Write->_I2C_Wait
    _I2C_Stop->_I2C_Wait
    _I2C_Start->_I2C_Wait
    _I2C_Read->_I2C_Wait
    _BCDtoDEC->_I2C_Read

Critical Paths under _ISR in COMMON

    None.

Critical Paths under _main in BANK0

    _main->_DHT22_Read
    _main->_LCD_NumFrac
    ___lldiv->___lmul
    _UART_NumFrac->_UART_Num
    _UART_Num2->_UART_Num
    _LCD_NumFrac->_LCD_Num
    _LCD_Num2->_LCD_Num
    _LCD_Data->_LCD_I2C_SendByte
    _LCD_Init->_LCD_Cmd
    _LCD_Goto->_LCD_Cmd
    _LCD_Cmd->_LCD_I2C_SendByte

Critical Paths under _ISR in BANK0

    None.

Critical Paths under _main in BANK1

    None.

Critical Paths under _ISR in BANK1

    None.

Critical Paths under _main in BANK3

    None.

Critical Paths under _ISR in BANK3

    None.

Critical Paths under _main in BANK2

    None.

Critical Paths under _ISR in BANK2

    None.

Call Graph Tables:

 ---------------------------------------------------------------------------------
 (Depth) Function   	        Calls       Base Space   Used Autos Params    Refs
 ---------------------------------------------------------------------------------
 (0) _main                                                32    32      0   20459
                                             21 BANK0     20    20      0
                           _ADC_Init
                           _ADC_Read
                         _DHT22_Read
                    _DS3231_ReadTime
                           _I2C_Init
                            _LCD_Cmd
                           _LCD_Data
                           _LCD_Goto
                           _LCD_Init
                            _LCD_Num
                           _LCD_Num2
                        _LCD_NumFrac
                          _LCD_Print
                    _SRAM_LoadHeader
                    _SRAM_SaveSample
                          _UART_Init
                           _UART_Num
                          _UART_Num2
                       _UART_NumFrac
                         _UART_Print
                         _UART_Write
                            ___lldiv
                             ___lmul
                            ___lwdiv
 ---------------------------------------------------------------------------------
 (1) ___lmul                                              13     5      8      96
                                              2 COMMON     9     1      8
                                              0 BANK0      4     4      0
 ---------------------------------------------------------------------------------
 (1) ___lldiv                                             14     6      8     247
                                              4 BANK0     14     6      8
                             ___lmul (ARG)
 ---------------------------------------------------------------------------------
 (1) _UART_Print                                           1     0      1     115
                                              3 COMMON     1     0      1
                         _UART_Write
 ---------------------------------------------------------------------------------
 (1) _UART_NumFrac                                         9     6      3    1664
                                              8 BANK0      9     6      3
                           _UART_Num
                         _UART_Write
                            ___lwdiv
                            ___lwmod
 ---------------------------------------------------------------------------------
 (1) _UART_Num2                                            3     3      0    1900
                                             10 COMMON     1     1      0
                                              8 BANK0      2     2      0
                           _UART_Num
                            ___awdiv
                            ___awmod
 ---------------------------------------------------------------------------------
 (2) _UART_Num                                             8     6      2     892
                                              0 BANK0      8     6      2
                         _UART_Write
                            ___awdiv (ARG)
                            ___awmod (ARG)
                            ___lwdiv
                            ___lwmod
 ---------------------------------------------------------------------------------
 (3) _UART_Write                                           1     1      0      47
                                              2 COMMON     1     1      0
 ---------------------------------------------------------------------------------
 (1) _UART_Init                                            0     0      0       0
 ---------------------------------------------------------------------------------
 (1) _SRAM_SaveSample                                     16     6     10    1574
                                              0 BANK0     16     6     10
                    _SRAM_SaveHeader
                         _SRAM_Write
                             ___bmul
 ---------------------------------------------------------------------------------
 (2) _SRAM_SaveHeader                                      2     2      0     365
                                              9 COMMON     2     2      0
                         _SRAM_Write
 ---------------------------------------------------------------------------------
 (3) _SRAM_Write                                           2     1      1     365
                                              7 COMMON     2     1      1
                          _I2C_Start
                           _I2C_Stop
                          _I2C_Write
 ---------------------------------------------------------------------------------
 (1) _SRAM_LoadHeader                                      0     0      0     518
                          _SRAM_Read
 ---------------------------------------------------------------------------------
 (2) _SRAM_Read                                            2     2      0     518
                                              8 COMMON     2     2      0
                           _I2C_Read
                          _I2C_Start
                           _I2C_Stop
                          _I2C_Write
 ---------------------------------------------------------------------------------
 (1) _LCD_Print                                            1     0      1     775
                                             10 COMMON     1     0      1
                           _LCD_Data
 ---------------------------------------------------------------------------------
 (1) _LCD_NumFrac                                          9     6      3    2954
                                             12 BANK0      9     6      3
                           _LCD_Data
                            _LCD_Num
                            ___lwdiv
                            ___lwmod
 ---------------------------------------------------------------------------------
 (1) _LCD_Num2                                             3     3      0    2545
                                             10 COMMON     1     1      0
                                             12 BANK0      2     2      0
                            _LCD_Num
                            ___awdiv
                            ___awmod
 ---------------------------------------------------------------------------------
 (2) ___awmod                                              6     2      4     451
                                              2 COMMON     6     2      4
 ---------------------------------------------------------------------------------
 (2) ___awdiv                                              8     4      4     463
                                              2 COMMON     8     4      4
 ---------------------------------------------------------------------------------
 (2) _LCD_Num                                              8     6      2    1537
                                              4 BANK0      8     6      2
                           _LCD_Data
                            ___awdiv (ARG)
                            ___awmod (ARG)
                            ___lwdiv
                            ___lwmod
 ---------------------------------------------------------------------------------
 (3) ___lwmod                                              5     1      4     256
                                              2 COMMON     5     1      4
 ---------------------------------------------------------------------------------
 (3) ___lwdiv                                              7     3      4     271
                                              2 COMMON     7     3      4
 ---------------------------------------------------------------------------------
 (3) _LCD_Data                                             1     1      0     692
                                              9 COMMON     1     1      0
                   _LCD_I2C_SendByte
 ---------------------------------------------------------------------------------
 (1) _LCD_Init                                             3     3      0    1098
                                              5 BANK0      3     3      0
                            _LCD_Cmd
                 _LCD_I2C_SendNibble
 ---------------------------------------------------------------------------------
 (2) _LCD_I2C_SendNibble                                   4     3      1     406
                                              7 COMMON     4     3      1
                          _I2C_Start
                           _I2C_Stop
                          _I2C_Write
 ---------------------------------------------------------------------------------
 (1) _LCD_Goto                                             4     3      1     819
                                              5 BANK0      4     3      1
                            _LCD_Cmd
 ---------------------------------------------------------------------------------
 (2) _LCD_Cmd                                              3     3      0     692
                                              9 COMMON     2     2      0
                                              4 BANK0      1     1      0
                   _LCD_I2C_SendByte
 ---------------------------------------------------------------------------------
 (4) _LCD_I2C_SendByte                                     6     5      1     645
                                              7 COMMON     2     1      1
                                              0 BANK0      4     4      0
                          _I2C_Start
                           _I2C_Stop
                          _I2C_Write
 ---------------------------------------------------------------------------------
 (1) _I2C_Init                                             0     0      0       0
 ---------------------------------------------------------------------------------
 (1) _DS3231_ReadTime                                      0     0      0     605
                           _BCDtoDEC
                           _I2C_Read
                          _I2C_Start
                           _I2C_Stop
                          _I2C_Write
 ---------------------------------------------------------------------------------
 (5) _I2C_Write                                            3     3      0     115
                                              4 COMMON     3     3      0
                           _I2C_Wait
 ---------------------------------------------------------------------------------
 (5) _I2C_Stop                                             2     2      0      68
                                              4 COMMON     2     2      0
                           _I2C_Wait
 ---------------------------------------------------------------------------------
 (5) _I2C_Start                                            2     2      0      68
                                              4 COMMON     2     2      0
                           _I2C_Wait
 ---------------------------------------------------------------------------------
 (3) _I2C_Read                                             4     4      0     186
                                              4 COMMON     4     4      0
                           _I2C_Wait
 ---------------------------------------------------------------------------------
 (6) _I2C_Wait                                             2     2      0      34
                                              2 COMMON     2     2      0
 ---------------------------------------------------------------------------------
 (2) _BCDtoDEC                                             3     3      0     168
                                              8 COMMON     3     3      0
                           _I2C_Read (ARG)
                             ___bmul
 ---------------------------------------------------------------------------------
 (3) ___bmul                                               3     2      1     110
                                              2 COMMON     3     2      1
 ---------------------------------------------------------------------------------
 (1) _DHT22_Read                                          23    21      2     752
                                              2 COMMON     2     0      2
                                              0 BANK0     21    21      0
 ---------------------------------------------------------------------------------
 (1) _ADC_Read                                             4     2      2      29
                                              2 COMMON     4     2      2
 ---------------------------------------------------------------------------------
 (1) _ADC_Init                                             1     1      0       0
                                              2 COMMON     1     1      0
 ---------------------------------------------------------------------------------
 Estimated maximum stack depth 6
 ---------------------------------------------------------------------------------
 (Depth) Function   	        Calls       Base Space   Used Autos Params    Refs
 ---------------------------------------------------------------------------------
 (7) _ISR                                                  2     2      0       0
                                              0 COMMON     2     2      0
 ---------------------------------------------------------------------------------
 Estimated maximum stack depth 7
 ---------------------------------------------------------------------------------

 Call Graph Graphs:

 _main (ROOT)
   _ADC_Init
   _ADC_Read
   _DHT22_Read
   _DS3231_ReadTime
     _BCDtoDEC
       _I2C_Read (ARG)
         _I2C_Wait
       ___bmul (ARG)
     _I2C_Read
     _I2C_Start
       _I2C_Wait
     _I2C_Stop
       _I2C_Wait
     _I2C_Write
       _I2C_Wait
   _I2C_Init
   _LCD_Cmd
     _LCD_I2C_SendByte
       _I2C_Start
       _I2C_Stop
       _I2C_Write
   _LCD_Data
     _LCD_I2C_SendByte
   _LCD_Goto
     _LCD_Cmd
   _LCD_Init
     _LCD_Cmd
     _LCD_I2C_SendNibble
       _I2C_Start
       _I2C_Stop
       _I2C_Write
   _LCD_Num
     _LCD_Data
     ___awdiv (ARG)
     ___awmod (ARG)
     ___lwdiv (ARG)
     ___lwmod (ARG)
   _LCD_Num2
     _LCD_Num
     ___awdiv
     ___awmod
   _LCD_NumFrac
     _LCD_Data
     _LCD_Num
     ___lwdiv
     ___lwmod
   _LCD_Print
     _LCD_Data
   _SRAM_LoadHeader
     _SRAM_Read
       _I2C_Read
       _I2C_Start
       _I2C_Stop
       _I2C_Write
   _SRAM_SaveSample
     _SRAM_SaveHeader
       _SRAM_Write
         _I2C_Start
         _I2C_Stop
         _I2C_Write
     _SRAM_Write
     ___bmul
   _UART_Init
   _UART_Num
     _UART_Write
     ___awdiv (ARG)
     ___awmod (ARG)
     ___lwdiv (ARG)
     ___lwmod (ARG)
   _UART_Num2
     _UART_Num
     ___awdiv
     ___awmod
   _UART_NumFrac
     _UART_Num
     _UART_Write
     ___lwdiv
     ___lwmod
   _UART_Print
     _UART_Write
   _UART_Write
   ___lldiv
     ___lmul (ARG)
   ___lmul
   ___lwdiv

 _ISR (ROOT)

Address spaces:
Name               Size   Autos  Total    Usage
BANK3               96      0       0      0.0%
BITBANK3            96      0       0      0.0%
BANK2               96      0       0      0.0%
BITBANK2            96      0       0      0.0%
BANK1               80      0       0      0.0%
BITBANK1            80      0       0      0.0%
BANK0               80     41      55     68.8%
BITBANK0            80      0       0      0.0%
COMMON              14     11      12     85.7%
BITCOMMON           14      0       0      0.0%
DATA                 0      0      68      0.0%
STACK                0      0       0      0.0%


Microchip Technology PIC Macro Assembler V3.10 build 20250813170317 
Symbol Table                                                                                   Wed Jun 17 14:33:11 2026

                         pc 0002              ___bmul@product 0073                          _BF 04A0  
              ___awdiv@sign 0077                          fsr 0004                ?_LCD_NumFrac 002C  
                       l120 0BBC                         l201 0539                         l210 06EB  
                       l213 0BA6                         l126 0B7F                         l302 0B60  
                       l207 0D8D                         l136 0C64                         l144 0C83  
                       l152 0CA2                         l160 0CE2                         l216 0B49  
                       l232 0C0C                         l305 0B4B                         l226 0BD5  
                       l330 0F11                         l314 0C28                         l163 0F1F  
                       l139 0C71                         l147 0C90                         l155 0CCF  
                       l219 061F                         l260 0345                         l236 0FFF  
                       l308 0B53                         l253 0329                         l173 0F5D  
                       l245 0E01                         l182 0D57                         l318 07FB  
                       l327 0E3D                         l168 0F4A                         l176 05B5  
                       l248 0EC8                         l192 0D2B                         l185 0CC1  
                       l266 0360                         l338 008B                         l283 03BB  
                       l259 0435                         l276 0382                         l293 0B6F  
                       l189 0BF0                         l447 0FA9                         l296 0CFA  
                       l713 0E7F                         l299 0D04                         l459 0B92  
                       l723 0DC5                         l469 0685                         l586 074E  
                       l599 07A5                         _GIE 005F                         _PEN 048A  
                       _ISR 0C29                         _SEN 0488                         fsr0 0004  
                       indf 0000                ___awmod@sign 0077             __end_of_LCD_Cmd 0BA7  
                      ?_ISR 0070                 main@dht_err 003F             __end_of_LCD_Num 1000  
                      l2021 0B70                        l2023 0B7A                        l2201 03B7  
                      l2025 0B7D                        l3001 0051                        l2203 03BF  
                      l2211 03D2                        l2131 0309                        l3011 0069  
                      l3003 0056                        l2221 040A                        l2213 03D4  
                      l2205 03CB                        l2141 0323                        l2133 030C  
                      l3101 01E7                        l3021 0072                        l3013 006B  
                      l3005 005B                        l2231 0428                        l2215 03DA  
                      l2151 0341                        l2143 032D                        l2135 0317  
                      l2127 02FD                        l3111 0210                        l3103 01F0  
                      l3031 0092                        l3023 0077                        l3015 006D  
                      l3007 0060                        l2241 0B6B                        l2233 042D  
                      l2225 040C                        l2217 03DC                        l2161 035C  
                      l2153 0349                        l2145 0339                        l2137 031A  
                      l2129 0306                        l3121 0234                        l3113 0217  
                      l3105 01F6                        l3041 00C7                        l3033 0099  
                      l3025 007F                        l3017 0070                        l3009 0065  
                      l2243 0CE4                        l2235 0434                        l2227 0414  
                      l2219 03E2                        l2171 0377                        l2163 0364  
                      l2155 0355                        l2147 033F                        l2139 0320  
                      l3131 0260                        l3123 023B                        l3115 021D  
                      l3107 01FC                        l3051 00EC                        l3043 00CE  
                      l3035 00A2                        l3027 0087                        l3019 0071  
                      l2245 0CF3                        l2229 0424                        l2165 0370  
                      l2253 0B54                        l3141 0284                        l3133 0268  
                      l3125 0241                        l3117 0223                        l3109 020A  
                      l3061 0154                        l3053 0116                        l3045 00CF  
                      l3037 00B7                        l3029 008B                        l2239 0B61  
                      l2247 0CF7                        l3151 02B1                        l3143 028A  
                      l3135 026E                        l3127 0247                        l3119 022E  
                      l3071 0179                        l3063 0160                        l3055 0146  
                      l3047 00D4                        l3039 00BD                        l2249 0CFE  
                      l2185 037E                        l2177 0378                        l1801 0B81  
                      l2601 0F46                        l2281 0F85                        l3153 02BC  
                      l3145 0297                        l3137 0276                        l3129 0259  
                      l3081 019F                        l3073 017F                        l3065 0161  
                      l3057 014F                        l3049 00E0                        l2195 0399  
                      l2187 0386                        l2179 037D                        l1811 0B91  
                      l1803 0B82                        l2523 0C46                        l2603 0F4E  
                      l2531 0C65                        l2611 0B41                        l2283 0F8E  
                      l2275 0F5E                        l3155 02C2                        l3147 029D  
                      l3139 027C                        l3091 01C1                        l3083 01A5  
                      l3075 0181                        l3067 0166                        l3059 0153  
                      l2197 03A0                        l2189 0392                        l1805 0B86  
                      l2525 0C4A                        l2605 0F5C                        l2533 0C6A  
                      l2541 0C89                        l2621 0E46                        l2701 0FB3  
                      l2613 0B4B                        l2285 0F9F                        l2277 0F68  
                      l3157 02D4                        l3149 02AB                        l3093 01C7  
                      l3085 01AD                        l3077 0190                        l3069 0168  
                      l2199 03A6                        l1807 0B88                        l2527 0C52  
                      l2535 0C6D                        l2543 0C8C                        l2551 0CCA  
                      l2631 0E67                        l2623 0E49                        l2711 0FE5  
                      l2615 0B51                        l2279 0F6C                        l3159 02DB  
                      l3095 01CD                        l3087 01B3                        l3079 0197  
                      l1809 0B8A                        l2529 0C56                        l2537 0C75  
                      l2545 0C94                        l2553 0CCD                        l2561 068D  
                      l2633 0E6D                        l2625 0E50                        l2617 0E3E  
                      l2713 0FEC                        l2705 0FBA                        l2801 0776  
                      l2609 0CA4                        l2721 07AF                        l3097 01DA  
                      l3089 01BB                        l2539 0C84                        l2555 0CD3  
                      l2547 0CC3                        l2571 06AE                        l2563 0698  
                      l2635 0E6E                        l2627 0E52                        l2619 0E40  
                      l2651 0DA0                        l2643 0D8E                        l2715 0FF6  
                      l2707 0FCE                        l2803 077A                        l2811 0797  
                      l2731 07E1                        l3099 01E0                        l2549 0CC5  
                      l2581 06E2                        l2573 06B8                        l2565 069A  
                      l2557 0689                        l2637 0E75                        l2629 0E56  
                      l2653 0DA4                        l2645 0D94                        l2661 0DC1  
                      l2709 0FD2                        l2741 06F1                        l2813 079C  
                      l2805 0784                        l2901 0BF2                        l2821 0BD6  
                      l2733 07E8                        l2725 07B6                        l2717 07A6  
                      l1863 0BA8                        l2591 0F23                        l2583 0F13  
                      l2575 06C6                        l2567 06A3                        l2559 068B  
                      l2639 0E7B                        l2655 0DAE                        l2647 0D97  
                      l2751 0703                        l2743 06F6                        l2815 07A1  
                      l2807 078A                        l2911 0E98                        l2903 0BFE  
                      l2823 0BE8                        l2671 0D05                        l2831 0457  
                      l2735 07F2                        l2727 07CA                        l2719 07A9  
                      l2593 0F31                        l2585 0F13                        l2577 06CA  
                      l2569 06A8                        l2681 0D6B                        l2657 0DB4  
                      l2649 0D9E                        l2761 0717                        l2753 0705  
                      l2745 06F8                        l2737 06EC                        l2809 0791  
                      l2913 0EA1                        l2905 0C00                        l2665 0D2D  
                      l2825 0BEE                        l2673 0D0F                        l2841 04AB  
                      l2833 046C                        l2729 07CE                        l2921 0C0E  
                      l2595 0F35                        l2587 0F17                        l2819 053A  
                      l2579 06D9                        l2691 0D88                        l2683 0D71  
                      l2659 0DBB                        l2771 073A                        l2763 071B  
                      l2755 070B                        l2747 06FC                        l2739 06ED  
                      l2907 0DC7                        l2915 0EA7                        l2667 0D56  
                      l2675 0D18                        l2851 04F5                        l2843 04B6  
                      l2835 0477                        l2827 0439                        l2931 0EE1  
                      l2923 0C1A                        l2597 0F3A                        l2589 0F1C  
                      l2693 0B96                        l2685 0D78                        l2677 0D59  
                      l2765 072C                        l2757 070E                        l2773 0740  
                      l2749 0701                        l2781 074F                        l2917 0EBF  
                      l2909 0E80                        l2861 0517                        l2853 04FF  
                      l2845 04CB                        l2837 048C                        l2829 044D  
                      l2933 0EEA                        l2925 0C1C                        l2941 0632  
                      l2599 0F45                        l2695 0B9D                        l2687 0D7D  
                      l2679 0D66                        l2775 0745                        l2767 0732  
                      l2759 0715                        l2791 075F                        l2783 0750  
                      l2871 0532                        l2863 0521                        l2855 0506  
                      l2847 04D5                        l2839 0496                        l2927 0E03  
                      l2935 0EF0                        l2919 0C0D                        l2951 065F  
                      l2943 0635                        l2689 0D84                        l2881 05DD  
                      l2697 0FAA                        l2777 074A                        l2769 0733  
                      l2793 0764                        l2785 0754                        l2873 0534  
                      l2865 0525                        l2857 0509                        l2849 04EA  
                      l2937 0F08                        l2929 0EC9                        l2953 066D  
                      l2945 0640                        l2891 0BC0                        l2883 05E3  
                      l2875 05B6                        l2699 0FAD                        l2795 076A  
                      l2787 0759                        l2867 052B                        l2859 050D  
                      l2955 066E                        l2947 0644                        l2939 0620  
                      l2893 0BC5                        l2885 05F0                        l2877 05C4  
                      l2797 076D                        l2789 075B                        l2869 052C  
                      l2957 0677                        l2949 064D                        l2895 0BCA  
                      l2887 05F7                        l2879 05CB                        l2799 0774  
                      l2959 067D                        l2897 0BCE                        l2889 0615  
                      l2993 003B                        l2899 0BF1                        l2995 003F  
                      l2997 004B                        l2999 004E                        STR_1 0806  
                      STR_2 0817                        STR_3 0814                        STR_4 0815  
                      STR_5 0815                        STR_6 0814                        STR_7 0828  
                      u2000 03A6                        u2001 03A5                        u2100 0CFE  
                      u2020 03BF                        u2101 0CFD                        u2021 03BE  
                      u2030 03CB                        u2014 03B1                        u2031 03CA  
                      u2015 03AF                        u2040 03D1                        u3000 0BC5  
                      u2120 0F6C                        u2041 03D0                        u3001 0BC4  
                      u2121 0F6B                        u2050 03DA                        u3010 0C0C  
                      u2051 03D9                        u3011 0C0B                        u2131 0F77  
                      u2060 03E2                        u3020 0C28                        u2132 0F7E  
                      u2061 03E1                        u3021 0C27                        u2133 0F85  
                      u2070 040A                        u3030 0632                        u2071 0409  
                      u3031 0631                        u2080 0428                        u2400 0C75  
                      u2160 0F9F                        u2081 0427                        u2401 0C74  
                      u2161 0F9E                        u2145 0F87                        u2410 0C83  
                      u3050 0644                        u3130 007F                        u2075 0406  
                      u2411 0C82                        u3051 0643                        u2155 0F8F  
                      u3131 007E                        u1380 0B86                        u2500 0F31  
                      u2420 0C94                        u3204 0190                        u3140 00CE  
                      u1381 0B85                        u2501 0F30                        u2421 0C93  
                      u3045 0637                        u3141 00CD                        u1390 0B91  
                      u2510 0F42                        u2430 0CA2                        u3070 065F  
                      u3150 010F                        u2095 0CE8                        u1391 0B90  
                      u1535 0BB0                        u2511 0F3E                        u2431 0CA1  
                      u3071 065E                        u2440 0CD3                        u2600 0E67  
                      u3160 014F                        u2441 0CD2                        u2601 0E66  
                      u3065 0646                        u3161 014E                        u3217 00B1  
                      u2370 0C52                        u2530 0F4E                        u2450 0CE2  
                      u3090 067D                        u3170 0166                        u2371 0C51  
                      u2531 0F4D                        u2451 0CE1                        u3307 04E6  
                      u3091 067C                        u3075 065B                        u3171 0165  
                      u3155 010A                        u3227 00C3                        u1900 033F  
                      u2380 0C56                        u2540 0F5C                        u2524 0F45  
                      u2700 0D60                        u2620 0E7B                        u3180 017F  
                      u1901 033E                        u2381 0C55                        u2541 0F5B  
                      u2621 0E7A                        u2605 0E63                        u3317 04FB  
                      u3237 0453                        u3085 066F                        u3181 017E  
                      u1910 0349                        u2390 0C64                        u2470 06A0  
                      u2630 0D94                        u2710 0FB3                        u2550 0B51  
                      u3190 018D                        u1911 0348                        u2391 0C63  
                      u2471 069E                        u3407 061B                        u2615 0E6F  
                      u2631 0D93                        u2711 0FB2                        u3327 051D  
                      u3247 0468                        u2551 0B50                        u3191 0189  
                      _PIE1 008C                        u1920 0355                        u2480 06A1  
                      u2560 0E46                        u2720 0FEB                        u1921 0354  
                      u2465 0690                        u3417 0D7A                        u2561 0E45  
                      u2721 0FEA                        u3337 0D13                        u3257 047D  
                      u1930 035B                        u2490 0F23                        u2650 0DA4  
                      u2730 0FFF                        u2810 071B                        u3507 039D  
                      u1931 035A                        u2491 0F22                        u3427 0D86  
                      u2651 0DA3                        u2731 0FFE                        u2811 071A  
                      u3347 0D26                        u3267 0492                        u1940 0364  
                      u2580 0E56                        u2660 0DAE                        u2740 07AF  
                      u3517 0CF5                        u1941 0363                        u3437 0BA1  
                      u3357 05BE                        u2581 0E55                        u2661 0DAD  
                      u2645 0D98                        u2805 070F                        u3277 04A7  
                      u2741 07AE                        u1950 0370                        u1870 0301  
                      u2830 072C                        u2910 077A                        u2750 07E7  
                      u3527 0B6D                        u1951 036F                        u3447 06BA  
                      u3367 05D1                        u2575 0E4A                        u2831 072B  
                      u2911 0779                        u3287 04BC                        u2751 07E6  
                      u1960 0376                        u1880 032D                        u2680 0DC1  
                      u2920 0784                        u2760 07FB                        u1961 0375  
                      u1881 032C                        u3457 06C8                        u3377 05E1  
                      u2681 0DC0                        u2665 0DAA                        u2825 071C  
                      u2921 0783                        u2905 076E                        u3297 04D1  
                      u2761 07FA                        u1970 0386                        u1890 0339  
                      u2690 0D5F                        u2850 0740                        u2770 06F1  
                      u1971 0385                        u1891 0338                        u3467 06D6  
                      u2691 0D5D                        u3387 05EE                        u2595 0E57  
                      u2675 0DB5                        u2851 073F                        u2835 0728  
                      u2771 06F0                        u1980 0392                        u2860 0745  
                      u2780 06FC                        u2940 0797                        u1981 0391  
                      u3477 06E4                        u3397 05FB                        u2861 0744  
                      u2845 0734                        u2781 06FB                        u2941 0796  
                      u2925 0780                        u1990 0398                        u2790 070B  
                      u2950 079C                        u2870 0754                        u1991 0397  
                      u3487 0312                        u2791 070A                        u2951 079B  
                      u2935 078B                        u2871 0753                        u2880 075F  
                      u2960 0BEE                        u3497 031E                        u2881 075E  
                      u2961 0BED                        u2890 076A                        u2970 0506  
                      u2891 0769                        u2971 0505                        u2980 052B  
                      _RCEN 048B                        u2981 052A                        u2990 0532  
                      u2991 0531                        _PIR1 000C                 main@ldr_pct 0046  
               main@ldr_raw 003B                        _TXIF 0064                 main@hum_pct 0048  
                      _main 003B                main@lm35_x10 0044            __end_of_I2C_Init 0B80  
          __end_of_I2C_Read 0F5E                        btemp 007E            __end_of_I2C_Wait 0C65  
              main@lm35_raw 0039            __end_of_I2C_Stop 0CA3            __end_of_ADC_Init 0B70  
          __end_of_ADC_Read 0D05           ?_LCD_I2C_SendByte 0077                        start 000C  
          __end_of_BCDtoDEC 0BBD          LCD_I2C_SendByte@rs 0077          ??_LCD_I2C_SendByte 0078  
               LCD_Goto@col 0025           ___bmul@multiplier 0074                 LCD_Goto@row 0026  
                     ??_ISR 0070            __end_of_LCD_Data 0B4A            __end_of_LCD_Init 0620  
          __end_of_LCD_Goto 0BD6            __end_of_LCD_Num2 0E02           ??_DS3231_ReadTime 007B  
                     ?_main 0070                       _ACKEN 048C                       _ACKDT 048D  
           __end_of___awdiv 074F             __end_of___awmod 07A6             __end_of___lldiv 0686  
           ___awdiv@divisor 0072                       _T1CON 0010             __end_of___lwdiv 0E80  
                     i1l117 0C3F             __end_of___lwmod 0DC6             ___awdiv@counter 0076  
                     _RCSTA 0018                       _TMR1H 000F                       _TMR1L 000E  
                     _SPBRG 0099                       _PORTD 0008                       _TRISD 0088  
                     _TRISE 0089                       _SSPIF 0063                       _TXREG 0019  
                     _TXSTA 0098         ___lmul@multiplicand 0076                 ?_UART_Print 0073  
               ?_UART_Write 0070            __end_of_UART_Num 07FC                       btemp0 007E  
                     btemp1 007F           __end_of_I2C_Start 0C84                 ?_SRAM_Write 0077  
         __end_of_I2C_Write 0CE3                       pclath 000A                       status 0003  
                     wtemp0 007E         LCD_I2C_SendByte@low 0022             __initialization 000F  
          _LCD_NumFrac$1226 0031            _LCD_NumFrac$1227 0033                __end_of_main 02FD  
         SRAM_SaveSample@hr 002C           SRAM_SaveSample@yr 0024             I2C_Stop@timeout 0074  
      SRAM_SaveSample@alert 0029        SRAM_SaveSample@light 0028                      ??_main 0035  
              LCD_NumFrac@n 002C                   ??_LCD_Cmd 0079    LCD_I2C_SendNibble@nibble 0079  
                 ??_LCD_Num 007A           __end_of_LCD_Print 0C0D                   I2C_Read@d 0075  
                    _ADCON0 001F                      _ADCON1 009F                      _ADRESH 001E  
                    _ADRESL 009E            ___awdiv@dividend 0074             _SRAM_LoadHeader 0BD6  
                    i1l2321 0C3C                      i1l2313 0C29                      i1l2323 0C3D  
                    i1l2315 0C2F                      i1l2317 0C34                      i1l2319 0C36  
                    u224_20 0C2F                      u224_21 0C2E                      u225_20 0C3C  
                    _INTCON 000B                      u225_21 0C3B                      _SSPADD 0093  
                    _TRISC3 043B                      _TRISC4 043C                      _SSPCON 0014  
                    _SSPBUF 0013                ??_DHT22_Read 0020            I2C_Start@timeout 0074  
         __end_of_UART_Init 0B61           __end_of_UART_Num2 0E3E                      ___bmul 0B80  
                 BCDtoDEC@b 007A                      ___lmul 0F5E                   ??___awdiv 0076  
                 ??___awmod 0076           __end_of_SRAM_Read 0D58                   ??___lldiv 002C  
                 ??___lwdiv 0076                   ??___lwmod 0076          _LCD_I2C_SendNibble 0D58  
          ___awdiv@quotient 0078             ___awmod@divisor 0072                      _rtc_hr 0055  
           ___awmod@counter 0076                      _rtc_yr 0052             _SRAM_SaveHeader 0D05  
                 ?_I2C_Init 0070                   ?_I2C_Read 0070         ?_LCD_I2C_SendNibble 0077  
           _SRAM_SaveSample 0436                   ?_I2C_Wait 0070                      ltemp0a 0080  
                 ?_I2C_Stop 0070                   ?_ADC_Init 0070                   ?_ADC_Read 0072  
                    saved_w 007E     SRAM_SaveSample@temp_x10 0025          __end_of_DHT22_Read 0436  
                 ?_BCDtoDEC 0070                      ttemp0a 007F                      wtemp0a 007F  
                 ?_LCD_Data 0070     __end_of__initialization 0037                   ?_LCD_Init 0070  
                 ?_LCD_Goto 0025                   ?_LCD_Num2 0070        LCD_I2C_SendByte@base 0023  
      LCD_I2C_SendByte@high 0021            _take_sample_flag 0050        ??_LCD_I2C_SendNibble 0078  
                 LCD_Data@d 0079        LCD_I2C_SendNibble@rs 0077         ___bmul@multiplicand 0072  
                 LCD_Num2@n 007A              __pcstackCOMMON 0070                __pidataBANK0 0B3B  
                 ?_UART_Num 0020          SRAM_SaveSample@min 0020          SRAM_SaveSample@hum 0027  
        SRAM_SaveSample@sec 0021          SRAM_SaveSample@mon 0023            main@dht_temp_x10 003D  
   __end_of_SRAM_LoadHeader 0BF1                  ??_I2C_Init 0072                  ??_I2C_Read 0074  
                ??_I2C_Wait 0072                  ??_I2C_Stop 0074                  ??_ADC_Init 0072  
                ??_ADC_Read 0074                  ??_BCDtoDEC 0078                  __pbssBANK0 0049  
                ??_LCD_Data 0079                  ??_LCD_Init 0025                  ??_LCD_Goto 007B  
                ??_LCD_Num2 002C             _DS3231_ReadTime 053A                  __pmaintext 003B  
                   ?___bmul 0072                     ?___lmul 0072     __end_of_SRAM_SaveHeader 0D2C  
                ??_UART_Num 007A                  __pintentry 0004     __end_of_SRAM_SaveSample 053A  
            ___lmul@product 0020                  ADC_Read@ch 0075                  I2C_Write@b 0074  
                 UART_Num@i 0027                   UART_Num@n 0020                     _LCD_Cmd 0B93  
                   _LCD_Num 0FAA                ??_UART_Print 0074                ??_UART_Write 0072  
        DHT22_Read@temp_x10 0072                     _SSPCON2 0091                     _SSPSTAT 0094  
                __stringtab 0800                ??_SRAM_Write 0078               ?_UART_NumFrac 0028  
                 _I2C_Start 0C65                   _I2C_Write 0CC2          __end_of_UART_Print 0C29  
                   ___awdiv 06EC                     ___awmod 074F                     ___lldiv 0620  
        __end_of_UART_Write 0B54                     ___lwdiv 0E3E                     ___lwmod 0D8E  
         _UART_NumFrac$1228 002D           _UART_NumFrac$1229 002F                     __ptext1 0F5E  
                   __ptext2 0620                     __ptext3 0C0D                     __ptext4 0EC9  
                   __ptext5 0E02                     __ptext6 07A6                     __ptext7 0B4A  
                   __ptext8 0B54                     __ptext9 0436          __end_of_SRAM_Write 0CC2  
               UART_Num@buf 0022            ?_SRAM_LoadHeader 0070            ___awmod@dividend 0074  
               UART_Print@s 0073                     _rtc_min 0056                     _rtc_sec 0051  
               UART_Write@c 0072                     _rtc_mon 0053                   _LCD_Print 0BF1  
   __end_of_DS3231_ReadTime 05B6        end_of_initialization 0037              ??_UART_NumFrac 002B  
                ?_I2C_Start 0070                  ?_I2C_Write 0070             ___lldiv@divisor 0024  
           ___lldiv@counter 0031            ?_SRAM_SaveHeader 0070            ?_SRAM_SaveSample 0020  
                 _UART_Init 0B54                   _UART_Num2 0E02                   _PORTBbits 0006  
                 _PORTDbits 0008                   _SRAM_Read 0D2C                _LCD_Goto$419 0027  
          I2C_Write@timeout 0075                  _sram_count 004E                  _sram_index 004F  
                 _TRISAbits 0085                   _TRISBbits 0086                   _TRISCbits 0087  
                 _TRISDbits 0088                  ?_LCD_Print 007A       LCD_I2C_SendNibble@val 007A  
         LCD_I2C_SendByte@b 0020                  LCD_Num@buf 0026                  LCD_Print@s 007A  
            __end_of___bmul 0B93              __end_of___lmul 0FAA                  ?_UART_Init 0070  
                ?_UART_Num2 0070               ??_LCD_NumFrac 002F            _LCD_I2C_SendByte 0686  
                ?_SRAM_Read 0070         start_initialization 000F                 __end_of_ISR 0C46  
       SRAM_SaveSample@base 002F         SRAM_SaveSample@date 0022            ?_DS3231_ReadTime 0070  
               ??_I2C_Start 0074                 ??_I2C_Write 0074                    ??___bmul 0073  
                  ??___lmul 007A                 __pdataBANK0 0052              LCD_NumFrac@den 002E  
      __end_of_UART_NumFrac 0F12                    ?_LCD_Cmd 0070                    ?_LCD_Num 0024  
               __pbssCOMMON 007B                    LCD_Cmd@c 0024                   ___latbits 0002  
             __pcstackBANK0 0020                    LCD_Num@i 002B                    LCD_Num@n 0024  
       _SRAM_SaveSample$382 002D         __end_of_LCD_NumFrac 0EC9             main@dht_hum_x10 0042  
               ??_LCD_Print 007B            ___lwdiv@dividend 0074                 I2C_Read@ack 0074  
                  ?___awdiv 0072                    ?___awmod 0072                    ?___lldiv 0024  
                  ?___lwdiv 0072                    ?___lwmod 0072           DHT22_Read@hum_x10 0073  
               ??_UART_Init 0072                 ??_UART_Num2 0028                   __pstrings 0800  
               ??_SRAM_Read 0078           DHT22_Read@timeout 0033             I2C_Read@timeout 0076  
                  _I2C_Init 0B70                    _I2C_Read 0F12                    _I2C_Wait 0C46  
                  _I2C_Stop 0C84                    _ADC_Init 0B61                    _ADC_Read 0CE3  
             UART_NumFrac@n 0028                    _BCDtoDEC 0BA7            ___lwdiv@quotient 0077  
                UART_Num2@n 007A                    _LCD_Data 0B40           interrupt_function 0004  
                  _LCD_Init 05B6                    _LCD_Goto 0BBD                    _LCD_Num2 0DC6  
                  _PIE1bits 008C                    _PIR1bits 000C                  SRAM_Read@d 0079  
                  _UART_Num 07A6                 DHT22_Read@i 0032                 DHT22_Read@j 0031  
               DHT22_Read@t 002A                  _ADCON0bits 001F                 __stringbase 0805  
               _LCD_NumFrac 0E80           ___lmul@multiplier 0072    __end_of_LCD_I2C_SendByte 06EC  
                _DHT22_Read 02FD             UART_NumFrac@den 002A          __end_of__stringtab 0806  
                  _main$553 0040             ___lwdiv@divisor 0072             ___lwdiv@counter 0076  
                  __ptext10 0D05                    __ptext11 0CA3                    __ptext20 0D8E  
                  __ptext12 0BD6                    __ptext21 0E3E                    __ptext13 0D2C  
                  __ptext30 0CC2                    __ptext22 0B40                    __ptext14 0BF1  
                  __ptext31 0C84                    __ptext23 05B6                    __ptext15 0E80  
                  __ptext40 0C29                    __ptext32 0C65                    __ptext24 0D58  
                  __ptext16 0DC6                    __ptext33 0F12                    __ptext25 0BBD  
                  __ptext17 074F                    __ptext34 0C46                    __ptext26 0B93  
                  __ptext18 06EC                    __ptext35 0BA7                    __ptext27 0686  
                  __ptext19 0FAA                    __ptext36 0B80                    __ptext28 0B70  
                  __ptext37 02FD                    __ptext29 053A                    __ptext38 0CE3  
                  __ptext39 0B61                _UART_NumFrac 0EC9               SRAM_Read@addr 0078  
            SRAM_Write@addr 0078              SRAM_Write@data 0077                    _rtc_date 0054  
              _timer1_ticks 007B                  _INTCONbits 000B             DHT22_Read@F1109 0049  
                  intlevel1 0000            ___lwmod@dividend 0074  __end_of_LCD_I2C_SendNibble 0D8E  
          ___lldiv@dividend 0028                 ?_DHT22_Read 0072             I2C_Wait@timeout 0072  
                 stringcode 0800           ??_SRAM_LoadHeader 007A                  _OPTION_REG 0081  
            DHT22_Read@data 002C            ___lldiv@quotient 002D             ___lwmod@divisor 0072  
           ___lwmod@counter 0076                    stringdir 0800                    stringtab 0800  
                _UART_Print 0C0D                  _UART_Write 0B4A           ??_SRAM_SaveHeader 0079  
                _SRAM_Write 0CA3           ??_SRAM_SaveSample 002A  
